[Licensing::Module] Trying to connect to existing licensing client channel...
Built from '6000.2/staging' branch; Version is '6000.2.10f1 (d3d30d158480) revision 13882125'; Using compiler version '194234433'; Build Type 'Release'
OS: 'Windows 11  (10.0.26200) 64bit Core' Language: 'en' Physical Memory: 31907 MB
[Licensing::IpcConnector] Successfully connected to: "LicenseClient-tjsti" at "2025-11-24T07:11:31.7802141Z"
BatchMode: 1, IsHumanControllingUs: 0, StartBugReporterOnCrash: 0, Is64bit: 1
Date: 2025-11-24T07:11:31Z

COMMAND LINE ARGUMENTS:
C:\Program Files\Unity\Hub\Editor\6000.2.10f1\Editor\Unity.exe
-adb2
-batchMode
-noUpm
-name
AssetImportWorker3
-projectPath
D:/GitHub/Game_Off_2025_stiletj/Game_Off_2025_stiletj
-logFile
Logs/AssetImportWorker3.log
-srvPort
59111
-licensingIpc
LicenseClient-tjsti
-job-worker-count
5
-background-job-worker-count
8
-gc-helper-count
1
-name
AssetImport
Successfully changed project path to: D:/GitHub/Game_Off_2025_stiletj/Game_Off_2025_stiletj
D:/GitHub/Game_Off_2025_stiletj/Game_Off_2025_stiletj
[UnityMemory] Configuration Parameters - Can be set up in boot.config
    "memorysetup-allocator-temp-initial-block-size-main=262144"
    "memorysetup-allocator-temp-initial-block-size-worker=262144"
    "memorysetup-bucket-allocator-granularity=16"
    "memorysetup-bucket-allocator-bucket-count=8"
    "memorysetup-bucket-allocator-block-size=33554432"
    "memorysetup-bucket-allocator-block-count=8"
    "memorysetup-main-allocator-block-size=16777216"
    "memorysetup-thread-allocator-block-size=16777216"
    "memorysetup-gfx-main-allocator-block-size=16777216"
    "memorysetup-gfx-thread-allocator-block-size=16777216"
    "memorysetup-cache-allocator-block-size=4194304"
    "memorysetup-typetree-allocator-block-size=2097152"
    "memorysetup-profiler-bucket-allocator-granularity=16"
    "memorysetup-profiler-bucket-allocator-bucket-count=8"
    "memorysetup-profiler-bucket-allocator-block-size=33554432"
    "memorysetup-profiler-bucket-allocator-block-count=8"
    "memorysetup-profiler-allocator-block-size=16777216"
    "memorysetup-profiler-editor-allocator-block-size=1048576"
    "memorysetup-temp-allocator-size-main=16777216"
    "memorysetup-job-temp-allocator-block-size=2097152"
    "memorysetup-job-temp-allocator-block-size-background=1048576"
    "memorysetup-job-temp-allocator-reduction-small-platforms=262144"
    "memorysetup-temp-allocator-size-background-worker=32768"
    "memorysetup-temp-allocator-size-job-worker=262144"
    "memorysetup-temp-allocator-size-preload-manager=33554432"
    "memorysetup-temp-allocator-size-nav-mesh-worker=65536"
    "memorysetup-temp-allocator-size-audio-worker=65536"
    "memorysetup-temp-allocator-size-cloud-worker=32768"
    "memorysetup-temp-allocator-size-gi-baking-worker=262144"
    "memorysetup-temp-allocator-size-gi-baking-worker=262144"
    "memorysetup-temp-allocator-size-gi-baking-worker=262144"
    "memorysetup-temp-allocator-size-gi-baking-worker=262144"
    "memorysetup-temp-allocator-size-gi-baking-worker=262144"
    "memorysetup-temp-allocator-size-gfx=262144"
Player connection [23936]  Target information:

Player connection [23936]  * "[IP] 192.168.1.13 [Port] 0 [Flags] 2 [Guid] 1371962905 [EditorId] 1371962905 [Version] 1048832 [Id] WindowsEditor(7,DESKTOP-LF7TL84) [Debug] 1 [PackageName] WindowsEditor [ProjectName] Editor" 

Player connection [23936] Host joined multi-casting on [225.0.0.222:54997]...
Player connection [23936] Host joined alternative multi-casting on [225.0.0.222:34997]...
JobSystem: Creating JobQueue using job-worker-count value 5
Input System module state changed to: Initialized.
[Physics::Module] Initialized fallback backend.
[Physics::Module] Id: 0xdecafbad
[Licensing::Client] Code 10 while verifying Licensing Client signature (process Id: 12564, path: "E:/Program Files/Unity Hub/UnityLicensingClient_V1/Unity.Licensing.Client.exe")
[Licensing::Module] LicensingClient has failed validation; ignoring
[Licensing::Client] Handshaking with LicensingClient:
  Version:                 1.17.4+4293ba1
  Session Id:              e5a86fbe17e545aaaa8393ccc1fdc2f3
  Correlation Id:          a86d0008f87803ecd0ea246ee37af2a1
  External correlation Id: 8132371990971966850
  Machine Id:              Yqc9Pp7mrMyHURR/lnWXCv168Ks=
[Licensing::Module] Successfully connected to LicensingClient on channel: "LicenseClient-tjsti" (connect: 0.00s, validation: 0.00s, handshake: 0.03s)
[Licensing::IpcConnector] Successfully connected to: "LicenseClient-tjsti-notifications" at "2025-11-24T07:11:31.8121146Z"
[Licensing::Module] Licensing Background thread has ended after 0.03s
Library Redirect Path: Library/
[Physics::Module] Selected backend.
[Physics::Module] Name: PhysX
[Physics::Module] Id: 0xf2b8ea05
[Physics::Module] SDK Version: 4.1.2
[Physics::Module] Integration Version: 1.0.0
[Physics::Module] Threading Mode: Multi-Threaded
Refreshing native plugins compatible for Editor in 1.78 ms, found 3 plugins.
Preloading 0 native plugins for Editor in 0.00 ms.
Initialize engine version: 6000.2.10f1 (d3d30d158480)
[Subsystems] Discovering subsystems at path C:/Program Files/Unity/Hub/Editor/6000.2.10f1/Editor/Data/Resources/UnitySubsystems
[Subsystems] Discovering subsystems at path D:/GitHub/Game_Off_2025_stiletj/Game_Off_2025_stiletj/Assets
GfxDevice: creating device client; kGfxThreadingModeNonThreaded
Direct3D:
    Version:  Direct3D 11.0 [level 11.1]
    Renderer: NVIDIA GeForce RTX 3060 Ti (ID=0x2489)
    Vendor:   NVIDIA
    VRAM:     8024 MB
    Driver:   32.0.15.8142
Initialize mono
Mono path[0] = 'C:/Program Files/Unity/Hub/Editor/6000.2.10f1/Editor/Data/Managed'
Mono path[1] = 'C:/Program Files/Unity/Hub/Editor/6000.2.10f1/Editor/Data/MonoBleedingEdge/lib/mono/unityjit-win32'
Mono config path = 'C:/Program Files/Unity/Hub/Editor/6000.2.10f1/Editor/Data/MonoBleedingEdge/etc'
Using monoOptions --debugger-agent=transport=dt_socket,embedding=1,server=y,suspend=n,address=127.0.0.1:56636
Begin MonoManager ReloadAssembly
Registering precompiled unity dll's ...
Register platform support module: C:/Program Files/Unity/Hub/Editor/6000.2.10f1/Editor/Data/PlaybackEngines/WebGLSupport/UnityEditor.WebGL.Extensions.dll
Register platform support module: C:/Program Files/Unity/Hub/Editor/6000.2.10f1/Editor/Data/PlaybackEngines/WindowsStandaloneSupport/UnityEditor.WindowsStandalone.Extensions.dll
Registered in 0.003798 seconds.
- Loaded All Assemblies, in  0.301 seconds
Native extension for WindowsStandalone target not found
Native extension for WebGL target not found
Mono: successfully reloaded assembly
- Finished resetting the current domain, in  0.199 seconds
Domain Reload Profiling: 494ms
	BeginReloadAssembly (104ms)
		ExecutionOrderSort (0ms)
		DisableScriptedObjects (0ms)
		BackupInstance (0ms)
		ReleaseScriptingObjects (0ms)
		CreateAndSetChildDomain (1ms)
	RebuildCommonClasses (25ms)
	RebuildNativeTypeToScriptingClass (8ms)
	initialDomainReloadingComplete (42ms)
	LoadAllAssembliesAndSetupDomain (116ms)
		LoadAssemblies (99ms)
		RebuildTransferFunctionScriptingTraits (0ms)
		AnalyzeDomain (114ms)
			TypeCache.Refresh (112ms)
				TypeCache.ScanAssembly (103ms)
			BuildScriptInfoCaches (0ms)
			ResolveRequiredComponents (0ms)
	FinalizeReload (199ms)
		ReleaseScriptCaches (0ms)
		RebuildScriptCaches (0ms)
		SetupLoadedEditorAssemblies (174ms)
			LogAssemblyErrors (0ms)
			InitializePlatformSupportModulesInManaged (36ms)
			SetLoadedEditorAssemblies (2ms)
			BeforeProcessingInitializeOnLoad (36ms)
			ProcessInitializeOnLoadAttributes (71ms)
			ProcessInitializeOnLoadMethodAttributes (29ms)
			AfterProcessingInitializeOnLoad (0ms)
			EditorAssembliesLoaded (0ms)
		ExecutionOrderSort2 (0ms)
		AwakeInstancesAfterBackupRestoration (0ms)
========================================================================
Worker process is ready to serve import requests
Import Worker Mode flag is 0x00
Begin MonoManager ReloadAssembly
[Licensing::Client] Successfully resolved entitlement details
[Licensing::Module] License group:
  Id: 16767583102591-UnityPersXXXX
  Product: Unity Personal
  Type: Assigned
  Expiration: Unlimited
- Loaded All Assemblies, in  0.461 seconds
Refreshing native plugins compatible for Editor in 0.83 ms, found 3 plugins.
Native extension for WindowsStandalone target not found
Native extension for WebGL target not found
Package Manager log level set to [2]
[Package Manager] Failed to launch server process. Reason: Unity was launched with the -noUpm command-line argument
[Package Manager] Unable to send message (not connected to server process).
[Package Manager] Cannot connect to Unity Package Manager local server
Mono: successfully reloaded assembly
- Finished resetting the current domain, in  0.340 seconds
Domain Reload Profiling: 795ms
	BeginReloadAssembly (137ms)
		ExecutionOrderSort (0ms)
		DisableScriptedObjects (4ms)
		BackupInstance (0ms)
		ReleaseScriptingObjects (0ms)
		CreateAndSetChildDomain (22ms)
	RebuildCommonClasses (24ms)
	RebuildNativeTypeToScriptingClass (8ms)
	initialDomainReloadingComplete (30ms)
	LoadAllAssembliesAndSetupDomain (257ms)
		LoadAssemblies (222ms)
		RebuildTransferFunctionScriptingTraits (0ms)
		AnalyzeDomain (114ms)
			TypeCache.Refresh (90ms)
				TypeCache.ScanAssembly (83ms)
			BuildScriptInfoCaches (18ms)
			ResolveRequiredComponents (3ms)
	FinalizeReload (340ms)
		ReleaseScriptCaches (0ms)
		RebuildScriptCaches (0ms)
		SetupLoadedEditorAssemblies (279ms)
			LogAssemblyErrors (0ms)
			InitializePlatformSupportModulesInManaged (2ms)
			SetLoadedEditorAssemblies (3ms)
			BeforeProcessingInitializeOnLoad (67ms)
			ProcessInitializeOnLoadAttributes (182ms)
			ProcessInitializeOnLoadMethodAttributes (14ms)
			AfterProcessingInitializeOnLoad (11ms)
			EditorAssembliesLoaded (0ms)
		ExecutionOrderSort2 (0ms)
		AwakeInstancesAfterBackupRestoration (4ms)
Launched and connected shader compiler UnityShaderCompiler.exe after 0.01 seconds
Refreshing native plugins compatible for Editor in 0.69 ms, found 3 plugins.
Preloading 0 native plugins for Editor in 0.00 ms.
Unloading 12 Unused Serialized files (Serialized files now loaded: 0)
Unloading 3978 unused Assets / (2.6 MB). Loaded Objects now: 4503.
Memory consumption went from 91.2 MB to 88.6 MB.
Total: 4.383600 ms (FindLiveObjects: 0.367400 ms CreateObjectMapping: 0.102900 ms MarkObjects: 3.142900 ms  DeleteObjects: 0.769900 ms)

========================================================================
Received Import Request.
  Time since last request: 351337.505144 seconds.
  path: Assets/Models/Models/Rag_Rig_Model_URP.fbx
  artifactKey: Guid(ec0dec92f6ffba847b1355ddb51c303f) Importer(815301076,1909f56bfc062723c751e8b465ee728b)
Start importing Assets/Models/Models/Rag_Rig_Model_URP.fbx using Guid(ec0dec92f6ffba847b1355ddb51c303f) Importer(815301076,1909f56bfc062723c751e8b465ee728b) (PreviewImporter) -> (artifact id: 'e4ab9ac203956a0a93d6507b416cc1a2') in 0.1644639 seconds
Number of updated asset objects reloaded before import = 0Number of asset objects unloaded after import = 139

========================================================================
Received Import Request.
  Time since last request: 0.000016 seconds.
  path: Assets/Models/Models/Scooter.fbx
  artifactKey: Guid(e66861af7c108a134a3b6df7ffc5d9ef) Importer(815301076,1909f56bfc062723c751e8b465ee728b)
Start importing Assets/Models/Models/Scooter.fbx using Guid(e66861af7c108a134a3b6df7ffc5d9ef) Importer(815301076,1909f56bfc062723c751e8b465ee728b) (PreviewImporter) -> (artifact id: '9a19d11ebaf178da459c98c19ae3fda2') in 0.0789474 seconds
Number of updated asset objects reloaded before import = 0Number of asset objects unloaded after import = 23

========================================================================
Received Import Request.
  Time since last request: 14.774957 seconds.
  path: Assets/Models/Materials/Ragdoll_M_URP.mat
  artifactKey: Guid(41d68642eda38f8c1b4e737e9b091b8c) Importer(815301076,1909f56bfc062723c751e8b465ee728b)
Start importing Assets/Models/Materials/Ragdoll_M_URP.mat using Guid(41d68642eda38f8c1b4e737e9b091b8c) Importer(815301076,1909f56bfc062723c751e8b465ee728b) (PreviewImporter) -> (artifact id: 'fe020f832b6d8572ec2e7094b468e114') in 0.0371742 seconds
Number of updated asset objects reloaded before import = 0Number of asset objects unloaded after import = 1

========================================================================
Received Import Request.
  Time since last request: 13.576971 seconds.
  path: Assets/Models/Materials/Bicycle/Chain.mat
  artifactKey: Guid(db09afd3c508f33d6b0763fa0ecfb582) Importer(815301076,1909f56bfc062723c751e8b465ee728b)
Start importing Assets/Models/Materials/Bicycle/Chain.mat using Guid(db09afd3c508f33d6b0763fa0ecfb582) Importer(815301076,1909f56bfc062723c751e8b465ee728b) (PreviewImporter) -> (artifact id: 'dbd5a204a6aacc650230b32fad531ebc') in 0.0119315 seconds
Number of updated asset objects reloaded before import = 0Number of asset objects unloaded after import = 1

========================================================================
Received Prepare
Begin MonoManager ReloadAssembly
[Licensing::Client] Successfully resolved entitlement details
- Loaded All Assemblies, in  0.517 seconds
Refreshing native plugins compatible for Editor in 0.87 ms, found 3 plugins.
Native extension for WindowsStandalone target not found
Native extension for WebGL target not found
[Package Manager] Failed to launch server process. Reason: Unity was launched with the -noUpm command-line argument
[Package Manager] Unable to send message (not connected to server process).
[Package Manager] Cannot connect to Unity Package Manager local server
Mono: successfully reloaded assembly
- Finished resetting the current domain, in  0.428 seconds
Domain Reload Profiling: 939ms
	BeginReloadAssembly (184ms)
		ExecutionOrderSort (0ms)
		DisableScriptedObjects (5ms)
		BackupInstance (0ms)
		ReleaseScriptingObjects (0ms)
		CreateAndSetChildDomain (39ms)
	RebuildCommonClasses (28ms)
	RebuildNativeTypeToScriptingClass (9ms)
	initialDomainReloadingComplete (29ms)
	LoadAllAssembliesAndSetupDomain (259ms)
		LoadAssemblies (261ms)
		RebuildTransferFunctionScriptingTraits (0ms)
		AnalyzeDomain (96ms)
			TypeCache.Refresh (5ms)
				TypeCache.ScanAssembly (0ms)
			BuildScriptInfoCaches (85ms)
			ResolveRequiredComponents (3ms)
	FinalizeReload (428ms)
		ReleaseScriptCaches (0ms)
		RebuildScriptCaches (0ms)
		SetupLoadedEditorAssemblies (340ms)
			LogAssemblyErrors (0ms)
			InitializePlatformSupportModulesInManaged (2ms)
			SetLoadedEditorAssemblies (2ms)
			BeforeProcessingInitializeOnLoad (88ms)
			ProcessInitializeOnLoadAttributes (217ms)
			ProcessInitializeOnLoadMethodAttributes (17ms)
			AfterProcessingInitializeOnLoad (12ms)
			EditorAssembliesLoaded (0ms)
		ExecutionOrderSort2 (0ms)
		AwakeInstancesAfterBackupRestoration (4ms)
Refreshing native plugins compatible for Editor in 0.79 ms, found 3 plugins.
Preloading 0 native plugins for Editor in 0.00 ms.
Unloading 12 Unused Serialized files (Serialized files now loaded: 0)
Unloading 3985 unused Assets / (2.8 MB). Loaded Objects now: 4559.
Memory consumption went from 103.5 MB to 100.8 MB.
Total: 5.412500 ms (FindLiveObjects: 0.429200 ms CreateObjectMapping: 0.369200 ms MarkObjects: 3.567200 ms  DeleteObjects: 1.046300 ms)

Prepare: number of updated asset objects reloaded= 0
========================================================================
Received Prepare
Begin MonoManager ReloadAssembly
[Licensing::Client] Successfully resolved entitlement details
- Loaded All Assemblies, in  0.502 seconds
Refreshing native plugins compatible for Editor in 1.50 ms, found 3 plugins.
Native extension for WindowsStandalone target not found
Native extension for WebGL target not found
[Package Manager] Failed to launch server process. Reason: Unity was launched with the -noUpm command-line argument
[Package Manager] Unable to send message (not connected to server process).
[Package Manager] Cannot connect to Unity Package Manager local server
Mono: successfully reloaded assembly
- Finished resetting the current domain, in  0.393 seconds
Domain Reload Profiling: 888ms
	BeginReloadAssembly (179ms)
		ExecutionOrderSort (0ms)
		DisableScriptedObjects (3ms)
		BackupInstance (0ms)
		ReleaseScriptingObjects (0ms)
		CreateAndSetChildDomain (32ms)
	RebuildCommonClasses (24ms)
	RebuildNativeTypeToScriptingClass (8ms)
	initialDomainReloadingComplete (27ms)
	LoadAllAssembliesAndSetupDomain (257ms)
		LoadAssemblies (262ms)
		RebuildTransferFunctionScriptingTraits (0ms)
		AnalyzeDomain (96ms)
			TypeCache.Refresh (5ms)
				TypeCache.ScanAssembly (0ms)
			BuildScriptInfoCaches (84ms)
			ResolveRequiredComponents (4ms)
	FinalizeReload (393ms)
		ReleaseScriptCaches (0ms)
		RebuildScriptCaches (0ms)
		SetupLoadedEditorAssemblies (316ms)
			LogAssemblyErrors (0ms)
			InitializePlatformSupportModulesInManaged (2ms)
			SetLoadedEditorAssemblies (3ms)
			BeforeProcessingInitializeOnLoad (81ms)
			ProcessInitializeOnLoadAttributes (206ms)
			ProcessInitializeOnLoadMethodAttributes (13ms)
			AfterProcessingInitializeOnLoad (12ms)
			EditorAssembliesLoaded (0ms)
		ExecutionOrderSort2 (0ms)
		AwakeInstancesAfterBackupRestoration (4ms)
Refreshing native plugins compatible for Editor in 0.77 ms, found 3 plugins.
Preloading 0 native plugins for Editor in 0.00 ms.
Unloading 12 Unused Serialized files (Serialized files now loaded: 0)
Unloading 3977 unused Assets / (2.5 MB). Loaded Objects now: 4552.
Memory consumption went from 103.5 MB to 101.0 MB.
Total: 4.430700 ms (FindLiveObjects: 0.395300 ms CreateObjectMapping: 0.110200 ms MarkObjects: 3.070700 ms  DeleteObjects: 0.853600 ms)

Prepare: number of updated asset objects reloaded= 0
========================================================================
Received Import Request.
  Time since last request: 446.248309 seconds.
  path: Assets/Motorbike/HDRP/Models/Bicycle_2.0..fbx
  artifactKey: Guid(a2afbf96949d12e99a8d1bb1e8e32b97) Importer(815301076,1909f56bfc062723c751e8b465ee728b)
Start importing Assets/Motorbike/HDRP/Models/Bicycle_2.0..fbx using Guid(a2afbf96949d12e99a8d1bb1e8e32b97) Importer(815301076,1909f56bfc062723c751e8b465ee728b) (PreviewImporter) -> (artifact id: '10dc67545f40cf55b26d2295598abbb5') in 0.2167891 seconds
Number of updated asset objects reloaded before import = 0Number of asset objects unloaded after import = 58

========================================================================
Received Import Request.
  Time since last request: 0.000015 seconds.
  path: Assets/Motorbike/HDRP/Models/Rag_RIg_Model_HDRP.fbx
  artifactKey: Guid(e5efb24588fd5f1d58298a24df5ee158) Importer(815301076,1909f56bfc062723c751e8b465ee728b)
Start importing Assets/Motorbike/HDRP/Models/Rag_RIg_Model_HDRP.fbx using Guid(e5efb24588fd5f1d58298a24df5ee158) Importer(815301076,1909f56bfc062723c751e8b465ee728b) (PreviewImporter) -> (artifact id: '141966b8f02666c5bd591498ca1ac308') in 0.0298346 seconds
Number of updated asset objects reloaded before import = 0Number of asset objects unloaded after import = 144

========================================================================
Received Import Request.
  Time since last request: 0.000023 seconds.
  path: Assets/Motorbike/HDRP/Models/Motorbike_Piggo_Electric.fbx
  artifactKey: Guid(411bf0d608df8a78d979e29f536d4e89) Importer(815301076,1909f56bfc062723c751e8b465ee728b)
Start importing Assets/Motorbike/HDRP/Models/Motorbike_Piggo_Electric.fbx using Guid(411bf0d608df8a78d979e29f536d4e89) Importer(815301076,1909f56bfc062723c751e8b465ee728b) (PreviewImporter) -> (artifact id: '2ada1a1d3e82a41c2c6dcd01f2a9761c') in 0.0866267 seconds
Number of updated asset objects reloaded before import = 0Number of asset objects unloaded after import = 44

========================================================================
Received Import Request.
  Time since last request: 0.000016 seconds.
  path: Assets/Motorbike/HDRP/Models/Scooter.fbx
  artifactKey: Guid(87cf01c0a3f2ced42bc384de7d07dab2) Importer(815301076,1909f56bfc062723c751e8b465ee728b)
Start importing Assets/Motorbike/HDRP/Models/Scooter.fbx using Guid(87cf01c0a3f2ced42bc384de7d07dab2) Importer(815301076,1909f56bfc062723c751e8b465ee728b) (PreviewImporter) -> (artifact id: '82b05e6bf52233d96cae3b9fca039f1d') in 0.0563311 seconds
Number of updated asset objects reloaded before import = 0Number of asset objects unloaded after import = 28

========================================================================
Received Prepare
Refreshing native plugins compatible for Editor in 0.78 ms, found 3 plugins.
Preloading 0 native plugins for Editor in 0.00 ms.
Unloading 12 Unused Serialized files (Serialized files now loaded: 0)
Unloading 3971 unused Assets / (2.6 MB). Loaded Objects now: 4553.
Memory consumption went from 103.9 MB to 101.3 MB.
Total: 5.777300 ms (FindLiveObjects: 0.368700 ms CreateObjectMapping: 0.224800 ms MarkObjects: 4.094300 ms  DeleteObjects: 1.088600 ms)

Prepare: number of updated asset objects reloaded= 0
========================================================================
Received Prepare
Begin MonoManager ReloadAssembly
[Licensing::Client] Successfully resolved entitlement details
- Loaded All Assemblies, in  0.664 seconds
Refreshing native plugins compatible for Editor in 1.09 ms, found 3 plugins.
Native extension for WindowsStandalone target not found
Native extension for WebGL target not found
[Package Manager] Failed to launch server process. Reason: Unity was launched with the -noUpm command-line argument
[Package Manager] Unable to send message (not connected to server process).
[Package Manager] Cannot connect to Unity Package Manager local server
Mono: successfully reloaded assembly
- Finished resetting the current domain, in  0.476 seconds
Domain Reload Profiling: 1132ms
	BeginReloadAssembly (223ms)
		ExecutionOrderSort (0ms)
		DisableScriptedObjects (4ms)
		BackupInstance (0ms)
		ReleaseScriptingObjects (0ms)
		CreateAndSetChildDomain (41ms)
	RebuildCommonClasses (35ms)
	RebuildNativeTypeToScriptingClass (13ms)
	initialDomainReloadingComplete (36ms)
	LoadAllAssembliesAndSetupDomain (349ms)
		LoadAssemblies (347ms)
		RebuildTransferFunctionScriptingTraits (0ms)
		AnalyzeDomain (127ms)
			TypeCache.Refresh (7ms)
				TypeCache.ScanAssembly (0ms)
			BuildScriptInfoCaches (113ms)
			ResolveRequiredComponents (4ms)
	FinalizeReload (477ms)
		ReleaseScriptCaches (0ms)
		RebuildScriptCaches (0ms)
		SetupLoadedEditorAssemblies (386ms)
			LogAssemblyErrors (0ms)
			InitializePlatformSupportModulesInManaged (2ms)
			SetLoadedEditorAssemblies (3ms)
			BeforeProcessingInitializeOnLoad (98ms)
			ProcessInitializeOnLoadAttributes (246ms)
			ProcessInitializeOnLoadMethodAttributes (19ms)
			AfterProcessingInitializeOnLoad (18ms)
			EditorAssembliesLoaded (0ms)
		ExecutionOrderSort2 (0ms)
		AwakeInstancesAfterBackupRestoration (5ms)
Refreshing native plugins compatible for Editor in 0.92 ms, found 3 plugins.
Preloading 0 native plugins for Editor in 0.00 ms.
Unloading 12 Unused Serialized files (Serialized files now loaded: 0)
Unloading 3977 unused Assets / (2.8 MB). Loaded Objects now: 4553.
Memory consumption went from 103.5 MB to 100.7 MB.
Total: 6.422500 ms (FindLiveObjects: 0.555300 ms CreateObjectMapping: 0.478500 ms MarkObjects: 4.001300 ms  DeleteObjects: 1.386600 ms)

Prepare: number of updated asset objects reloaded= 0
========================================================================
Received Prepare
Refreshing native plugins compatible for Editor in 0.88 ms, found 3 plugins.
Preloading 0 native plugins for Editor in 0.00 ms.
Unloading 12 Unused Serialized files (Serialized files now loaded: 0)
Unloading 3971 unused Assets / (3.2 MB). Loaded Objects now: 4553.
Memory consumption went from 103.7 MB to 100.5 MB.
Total: 7.711200 ms (FindLiveObjects: 0.613300 ms CreateObjectMapping: 0.452300 ms MarkObjects: 4.765700 ms  DeleteObjects: 1.878900 ms)

Prepare: number of updated asset objects reloaded= 0
========================================================================
Received Prepare
Begin MonoManager ReloadAssembly
[Licensing::Client] Successfully resolved entitlement details
- Loaded All Assemblies, in  0.654 seconds
Refreshing native plugins compatible for Editor in 0.63 ms, found 3 plugins.
Native extension for WindowsStandalone target not found
Native extension for WebGL target not found
[Package Manager] Failed to launch server process. Reason: Unity was launched with the -noUpm command-line argument
[Package Manager] Unable to send message (not connected to server process).
[Package Manager] Cannot connect to Unity Package Manager local server
Mono: successfully reloaded assembly
- Finished resetting the current domain, in  0.528 seconds
Domain Reload Profiling: 1175ms
	BeginReloadAssembly (233ms)
		ExecutionOrderSort (0ms)
		DisableScriptedObjects (5ms)
		BackupInstance (0ms)
		ReleaseScriptingObjects (0ms)
		CreateAndSetChildDomain (44ms)
	RebuildCommonClasses (38ms)
	RebuildNativeTypeToScriptingClass (12ms)
	initialDomainReloadingComplete (38ms)
	LoadAllAssembliesAndSetupDomain (325ms)
		LoadAssemblies (332ms)
		RebuildTransferFunctionScriptingTraits (0ms)
		AnalyzeDomain (121ms)
			TypeCache.Refresh (7ms)
				TypeCache.ScanAssembly (0ms)
			BuildScriptInfoCaches (106ms)
			ResolveRequiredComponents (4ms)
	FinalizeReload (528ms)
		ReleaseScriptCaches (0ms)
		RebuildScriptCaches (0ms)
		SetupLoadedEditorAssemblies (432ms)
			LogAssemblyErrors (0ms)
			InitializePlatformSupportModulesInManaged (2ms)
			SetLoadedEditorAssemblies (4ms)
			BeforeProcessingInitializeOnLoad (99ms)
			ProcessInitializeOnLoadAttributes (284ms)
			ProcessInitializeOnLoadMethodAttributes (23ms)
			AfterProcessingInitializeOnLoad (20ms)
			EditorAssembliesLoaded (0ms)
		ExecutionOrderSort2 (0ms)
		AwakeInstancesAfterBackupRestoration (8ms)
Refreshing native plugins compatible for Editor in 1.02 ms, found 3 plugins.
Preloading 0 native plugins for Editor in 0.00 ms.
Unloading 12 Unused Serialized files (Serialized files now loaded: 0)
Unloading 3977 unused Assets / (2.6 MB). Loaded Objects now: 4554.
Memory consumption went from 103.5 MB to 100.9 MB.
Total: 5.802200 ms (FindLiveObjects: 0.375200 ms CreateObjectMapping: 0.246800 ms MarkObjects: 4.079300 ms  DeleteObjects: 1.100200 ms)

Prepare: number of updated asset objects reloaded= 0
========================================================================
Received Prepare
Refreshing native plugins compatible for Editor in 0.95 ms, found 3 plugins.
Preloading 0 native plugins for Editor in 0.00 ms.
Unloading 12 Unused Serialized files (Serialized files now loaded: 0)
Unloading 3971 unused Assets / (2.7 MB). Loaded Objects now: 4554.
Memory consumption went from 103.7 MB to 101.0 MB.
Total: 6.267900 ms (FindLiveObjects: 0.613800 ms CreateObjectMapping: 0.518500 ms MarkObjects: 3.886400 ms  DeleteObjects: 1.248600 ms)

Prepare: number of updated asset objects reloaded= 0
========================================================================
Received Prepare
Begin MonoManager ReloadAssembly
- Loaded All Assemblies, in  0.613 seconds
Refreshing native plugins compatible for Editor in 1.14 ms, found 3 plugins.
Native extension for WindowsStandalone target not found
Native extension for WebGL target not found
[Package Manager] Failed to launch server process. Reason: Unity was launched with the -noUpm command-line argument
[Package Manager] Unable to send message (not connected to server process).
[Package Manager] Cannot connect to Unity Package Manager local server
Mono: successfully reloaded assembly
- Finished resetting the current domain, in  0.463 seconds
Domain Reload Profiling: 1068ms
	BeginReloadAssembly (210ms)
		ExecutionOrderSort (0ms)
		DisableScriptedObjects (5ms)
		BackupInstance (0ms)
		ReleaseScriptingObjects (0ms)
		CreateAndSetChildDomain (36ms)
	RebuildCommonClasses (36ms)
	RebuildNativeTypeToScriptingClass (13ms)
	initialDomainReloadingComplete (35ms)
	LoadAllAssembliesAndSetupDomain (311ms)
		LoadAssemblies (312ms)
		RebuildTransferFunctionScriptingTraits (0ms)
		AnalyzeDomain (119ms)
			TypeCache.Refresh (7ms)
				TypeCache.ScanAssembly (0ms)
			BuildScriptInfoCaches (105ms)
			ResolveRequiredComponents (4ms)
	FinalizeReload (463ms)
		ReleaseScriptCaches (0ms)
		RebuildScriptCaches (0ms)
		SetupLoadedEditorAssemblies (382ms)
			LogAssemblyErrors (0ms)
			InitializePlatformSupportModulesInManaged (2ms)
			SetLoadedEditorAssemblies (3ms)
			BeforeProcessingInitializeOnLoad (98ms)
			ProcessInitializeOnLoadAttributes (239ms)
			ProcessInitializeOnLoadMethodAttributes (20ms)
			AfterProcessingInitializeOnLoad (19ms)
			EditorAssembliesLoaded (0ms)
		ExecutionOrderSort2 (0ms)
		AwakeInstancesAfterBackupRestoration (6ms)
Refreshing native plugins compatible for Editor in 0.80 ms, found 3 plugins.
Preloading 0 native plugins for Editor in 0.00 ms.
Unloading 12 Unused Serialized files (Serialized files now loaded: 0)
Unloading 3977 unused Assets / (2.7 MB). Loaded Objects now: 4555.
Memory consumption went from 103.5 MB to 100.8 MB.
Total: 5.825400 ms (FindLiveObjects: 0.566800 ms CreateObjectMapping: 0.383500 ms MarkObjects: 3.743400 ms  DeleteObjects: 1.131400 ms)

Prepare: number of updated asset objects reloaded= 0
========================================================================
Received Prepare
Refreshing native plugins compatible for Editor in 0.85 ms, found 3 plugins.
Preloading 0 native plugins for Editor in 0.00 ms.
Unloading 12 Unused Serialized files (Serialized files now loaded: 0)
Unloading 3971 unused Assets / (2.7 MB). Loaded Objects now: 4555.
Memory consumption went from 103.7 MB to 101.0 MB.
Total: 5.748300 ms (FindLiveObjects: 0.397400 ms CreateObjectMapping: 0.106000 ms MarkObjects: 4.050900 ms  DeleteObjects: 1.193400 ms)

Prepare: number of updated asset objects reloaded= 0
========================================================================
Received Prepare
Begin MonoManager ReloadAssembly
- Loaded All Assemblies, in  0.593 seconds
Refreshing native plugins compatible for Editor in 1.23 ms, found 3 plugins.
Native extension for WindowsStandalone target not found
Native extension for WebGL target not found
[Package Manager] Failed to launch server process. Reason: Unity was launched with the -noUpm command-line argument
[Package Manager] Unable to send message (not connected to server process).
[Package Manager] Cannot connect to Unity Package Manager local server
Mono: successfully reloaded assembly
- Finished resetting the current domain, in  0.474 seconds
Domain Reload Profiling: 1062ms
	BeginReloadAssembly (198ms)
		ExecutionOrderSort (0ms)
		DisableScriptedObjects (4ms)
		BackupInstance (0ms)
		ReleaseScriptingObjects (0ms)
		CreateAndSetChildDomain (32ms)
	RebuildCommonClasses (33ms)
	RebuildNativeTypeToScriptingClass (13ms)
	initialDomainReloadingComplete (36ms)
	LoadAllAssembliesAndSetupDomain (307ms)
		LoadAssemblies (295ms)
		RebuildTransferFunctionScriptingTraits (0ms)
		AnalyzeDomain (125ms)
			TypeCache.Refresh (6ms)
				TypeCache.ScanAssembly (0ms)
			BuildScriptInfoCaches (113ms)
			ResolveRequiredComponents (3ms)
	FinalizeReload (475ms)
		ReleaseScriptCaches (0ms)
		RebuildScriptCaches (0ms)
		SetupLoadedEditorAssemblies (385ms)
			LogAssemblyErrors (0ms)
			InitializePlatformSupportModulesInManaged (2ms)
			SetLoadedEditorAssemblies (3ms)
			BeforeProcessingInitializeOnLoad (100ms)
			ProcessInitializeOnLoadAttributes (241ms)
			ProcessInitializeOnLoadMethodAttributes (19ms)
			AfterProcessingInitializeOnLoad (19ms)
			EditorAssembliesLoaded (0ms)
		ExecutionOrderSort2 (0ms)
		AwakeInstancesAfterBackupRestoration (6ms)
Refreshing native plugins compatible for Editor in 0.87 ms, found 3 plugins.
Preloading 0 native plugins for Editor in 0.00 ms.
Unloading 12 Unused Serialized files (Serialized files now loaded: 0)
Unloading 3977 unused Assets / (3.1 MB). Loaded Objects now: 4556.
Memory consumption went from 103.5 MB to 100.4 MB.
Total: 6.460600 ms (FindLiveObjects: 0.605700 ms CreateObjectMapping: 0.465200 ms MarkObjects: 3.935800 ms  DeleteObjects: 1.453500 ms)

Prepare: number of updated asset objects reloaded= 0
========================================================================
Received Prepare
Refreshing native plugins compatible for Editor in 0.93 ms, found 3 plugins.
Preloading 0 native plugins for Editor in 0.00 ms.
Unloading 12 Unused Serialized files (Serialized files now loaded: 0)
Unloading 3971 unused Assets / (2.9 MB). Loaded Objects now: 4556.
Memory consumption went from 103.7 MB to 100.8 MB.
Total: 6.434300 ms (FindLiveObjects: 0.611400 ms CreateObjectMapping: 0.459400 ms MarkObjects: 4.019000 ms  DeleteObjects: 1.344100 ms)

Prepare: number of updated asset objects reloaded= 0
========================================================================
Received Prepare
Begin MonoManager ReloadAssembly
- Loaded All Assemblies, in  0.609 seconds
Refreshing native plugins compatible for Editor in 0.87 ms, found 3 plugins.
Native extension for WindowsStandalone target not found
Native extension for WebGL target not found
[Package Manager] Failed to launch server process. Reason: Unity was launched with the -noUpm command-line argument
[Package Manager] Unable to send message (not connected to server process).
[Package Manager] Cannot connect to Unity Package Manager local server
Mono: successfully reloaded assembly
- Finished resetting the current domain, in  0.476 seconds
Domain Reload Profiling: 1078ms
	BeginReloadAssembly (215ms)
		ExecutionOrderSort (0ms)
		DisableScriptedObjects (5ms)
		BackupInstance (0ms)
		ReleaseScriptingObjects (0ms)
		CreateAndSetChildDomain (36ms)
	RebuildCommonClasses (36ms)
	RebuildNativeTypeToScriptingClass (11ms)
	initialDomainReloadingComplete (32ms)
	LoadAllAssembliesAndSetupDomain (309ms)
		LoadAssemblies (305ms)
		RebuildTransferFunctionScriptingTraits (0ms)
		AnalyzeDomain (122ms)
			TypeCache.Refresh (6ms)
				TypeCache.ScanAssembly (0ms)
			BuildScriptInfoCaches (109ms)
			ResolveRequiredComponents (3ms)
	FinalizeReload (477ms)
		ReleaseScriptCaches (0ms)
		RebuildScriptCaches (0ms)
		SetupLoadedEditorAssemblies (389ms)
			LogAssemblyErrors (0ms)
			InitializePlatformSupportModulesInManaged (2ms)
			SetLoadedEditorAssemblies (4ms)
			BeforeProcessingInitializeOnLoad (102ms)
			ProcessInitializeOnLoadAttributes (242ms)
			ProcessInitializeOnLoadMethodAttributes (18ms)
			AfterProcessingInitializeOnLoad (20ms)
			EditorAssembliesLoaded (0ms)
		ExecutionOrderSort2 (0ms)
		AwakeInstancesAfterBackupRestoration (5ms)
Refreshing native plugins compatible for Editor in 0.86 ms, found 3 plugins.
Preloading 0 native plugins for Editor in 0.00 ms.
Unloading 12 Unused Serialized files (Serialized files now loaded: 0)
Unloading 3977 unused Assets / (2.8 MB). Loaded Objects now: 4557.
Memory consumption went from 103.5 MB to 100.8 MB.
Total: 5.081600 ms (FindLiveObjects: 0.388100 ms CreateObjectMapping: 0.253200 ms MarkObjects: 3.153400 ms  DeleteObjects: 1.286400 ms)

Prepare: number of updated asset objects reloaded= 0
========================================================================
Received Prepare
Begin MonoManager ReloadAssembly
- Loaded All Assemblies, in  0.488 seconds
Refreshing native plugins compatible for Editor in 0.91 ms, found 3 plugins.
Native extension for WindowsStandalone target not found
Native extension for WebGL target not found
[Package Manager] Failed to launch server process. Reason: Unity was launched with the -noUpm command-line argument
[Package Manager] Unable to send message (not connected to server process).
[Package Manager] Cannot connect to Unity Package Manager local server
Mono: successfully reloaded assembly
- Finished resetting the current domain, in  0.464 seconds
Domain Reload Profiling: 948ms
	BeginReloadAssembly (170ms)
		ExecutionOrderSort (0ms)
		DisableScriptedObjects (3ms)
		BackupInstance (0ms)
		ReleaseScriptingObjects (0ms)
		CreateAndSetChildDomain (30ms)
	RebuildCommonClasses (28ms)
	RebuildNativeTypeToScriptingClass (8ms)
	initialDomainReloadingComplete (26ms)
	LoadAllAssembliesAndSetupDomain (251ms)
		LoadAssemblies (252ms)
		RebuildTransferFunctionScriptingTraits (0ms)
		AnalyzeDomain (93ms)
			TypeCache.Refresh (4ms)
				TypeCache.ScanAssembly (0ms)
			BuildScriptInfoCaches (83ms)
			ResolveRequiredComponents (3ms)
	FinalizeReload (464ms)
		ReleaseScriptCaches (0ms)
		RebuildScriptCaches (0ms)
		SetupLoadedEditorAssemblies (380ms)
			LogAssemblyErrors (0ms)
			InitializePlatformSupportModulesInManaged (3ms)
			SetLoadedEditorAssemblies (4ms)
			BeforeProcessingInitializeOnLoad (98ms)
			ProcessInitializeOnLoadAttributes (239ms)
			ProcessInitializeOnLoadMethodAttributes (19ms)
			AfterProcessingInitializeOnLoad (18ms)
			EditorAssembliesLoaded (0ms)
		ExecutionOrderSort2 (0ms)
		AwakeInstancesAfterBackupRestoration (5ms)
Refreshing native plugins compatible for Editor in 0.89 ms, found 3 plugins.
Preloading 0 native plugins for Editor in 0.00 ms.
Unloading 12 Unused Serialized files (Serialized files now loaded: 0)
Unloading 3977 unused Assets / (2.9 MB). Loaded Objects now: 4558.
Memory consumption went from 103.5 MB to 100.6 MB.
Total: 5.634600 ms (FindLiveObjects: 0.580300 ms CreateObjectMapping: 0.195900 ms MarkObjects: 3.649400 ms  DeleteObjects: 1.208300 ms)

Prepare: number of updated asset objects reloaded= 0
========================================================================
Received Prepare
Begin MonoManager ReloadAssembly
[Licensing::Client] Successfully resolved entitlement details
- Loaded All Assemblies, in  0.489 seconds
Refreshing native plugins compatible for Editor in 0.64 ms, found 3 plugins.
Native extension for WindowsStandalone target not found
Native extension for WebGL target not found
[Package Manager] Failed to launch server process. Reason: Unity was launched with the -noUpm command-line argument
[Package Manager] Unable to send message (not connected to server process).
[Package Manager] Cannot connect to Unity Package Manager local server
Mono: successfully reloaded assembly
- Finished resetting the current domain, in  0.379 seconds
Domain Reload Profiling: 864ms
	BeginReloadAssembly (168ms)
		ExecutionOrderSort (0ms)
		DisableScriptedObjects (4ms)
		BackupInstance (0ms)
		ReleaseScriptingObjects (0ms)
		CreateAndSetChildDomain (30ms)
	RebuildCommonClasses (24ms)
	RebuildNativeTypeToScriptingClass (8ms)
	initialDomainReloadingComplete (27ms)
	LoadAllAssembliesAndSetupDomain (256ms)
		LoadAssemblies (252ms)
		RebuildTransferFunctionScriptingTraits (0ms)
		AnalyzeDomain (97ms)
			TypeCache.Refresh (4ms)
				TypeCache.ScanAssembly (0ms)
			BuildScriptInfoCaches (87ms)
			ResolveRequiredComponents (3ms)
	FinalizeReload (380ms)
		ReleaseScriptCaches (0ms)
		RebuildScriptCaches (0ms)
		SetupLoadedEditorAssemblies (307ms)
			LogAssemblyErrors (0ms)
			InitializePlatformSupportModulesInManaged (2ms)
			SetLoadedEditorAssemblies (3ms)
			BeforeProcessingInitializeOnLoad (85ms)
			ProcessInitializeOnLoadAttributes (190ms)
			ProcessInitializeOnLoadMethodAttributes (14ms)
			AfterProcessingInitializeOnLoad (13ms)
			EditorAssembliesLoaded (0ms)
		ExecutionOrderSort2 (0ms)
		AwakeInstancesAfterBackupRestoration (4ms)
Refreshing native plugins compatible for Editor in 0.76 ms, found 3 plugins.
Preloading 0 native plugins for Editor in 0.00 ms.
Unloading 12 Unused Serialized files (Serialized files now loaded: 0)
Unloading 3977 unused Assets / (2.8 MB). Loaded Objects now: 4559.
Memory consumption went from 103.5 MB to 100.7 MB.
Total: 4.926100 ms (FindLiveObjects: 0.379000 ms CreateObjectMapping: 0.248300 ms MarkObjects: 3.280300 ms  DeleteObjects: 1.017900 ms)

Prepare: number of updated asset objects reloaded= 0
========================================================================
Received Prepare
Begin MonoManager ReloadAssembly
- Loaded All Assemblies, in  0.499 seconds
Refreshing native plugins compatible for Editor in 0.70 ms, found 3 plugins.
Native extension for WindowsStandalone target not found
Native extension for WebGL target not found
[Package Manager] Failed to launch server process. Reason: Unity was launched with the -noUpm command-line argument
[Package Manager] Unable to send message (not connected to server process).
[Package Manager] Cannot connect to Unity Package Manager local server
Mono: successfully reloaded assembly
- Finished resetting the current domain, in  0.446 seconds
Domain Reload Profiling: 940ms
	BeginReloadAssembly (175ms)
		ExecutionOrderSort (0ms)
		DisableScriptedObjects (3ms)
		BackupInstance (0ms)
		ReleaseScriptingObjects (0ms)
		CreateAndSetChildDomain (36ms)
	RebuildCommonClasses (24ms)
	RebuildNativeTypeToScriptingClass (8ms)
	initialDomainReloadingComplete (26ms)
	LoadAllAssembliesAndSetupDomain (259ms)
		LoadAssemblies (259ms)
		RebuildTransferFunctionScriptingTraits (0ms)
		AnalyzeDomain (96ms)
			TypeCache.Refresh (4ms)
				TypeCache.ScanAssembly (0ms)
			BuildScriptInfoCaches (86ms)
			ResolveRequiredComponents (3ms)
	FinalizeReload (447ms)
		ReleaseScriptCaches (0ms)
		RebuildScriptCaches (0ms)
		SetupLoadedEditorAssemblies (370ms)
			LogAssemblyErrors (0ms)
			InitializePlatformSupportModulesInManaged (2ms)
			SetLoadedEditorAssemblies (3ms)
			BeforeProcessingInitializeOnLoad (81ms)
			ProcessInitializeOnLoadAttributes (247ms)
			ProcessInitializeOnLoadMethodAttributes (18ms)
			AfterProcessingInitializeOnLoad (18ms)
			EditorAssembliesLoaded (0ms)
		ExecutionOrderSort2 (0ms)
		AwakeInstancesAfterBackupRestoration (5ms)
Refreshing native plugins compatible for Editor in 0.98 ms, found 3 plugins.
Preloading 0 native plugins for Editor in 0.00 ms.
Unloading 12 Unused Serialized files (Serialized files now loaded: 0)
Unloading 3977 unused Assets / (2.6 MB). Loaded Objects now: 4560.
Memory consumption went from 103.5 MB to 100.9 MB.
Total: 6.088700 ms (FindLiveObjects: 0.575900 ms CreateObjectMapping: 0.323300 ms MarkObjects: 4.083800 ms  DeleteObjects: 1.104800 ms)

Prepare: number of updated asset objects reloaded= 0
========================================================================
Received Import Request.
  Time since last request: 502.595821 seconds.
  path: Assets/Motorbike/HDRP/Materials/Bicycle/BicycleMat_MaskMap.png
  artifactKey: Guid(469b35ef572266af9a7456dab6e3f8db) Importer(2089858483,192608db42251d675da83286b1cce702)
Start importing Assets/Motorbike/HDRP/Materials/Bicycle/BicycleMat_MaskMap.png using Guid(469b35ef572266af9a7456dab6e3f8db) Importer(2089858483,192608db42251d675da83286b1cce702) (ScriptedImporter) -> (artifact id: '47ee0007a3efab71f5fd371bb2a27391') in 0.18044 seconds
Number of updated asset objects reloaded before import = 0Number of asset objects unloaded after import = 1

========================================================================
Received Import Request.
  Time since last request: 0.000020 seconds.
  path: Assets/Motorbike/URP/Scenes/BicycleScene_URP/Lightmap-4_comp_light.exr
  artifactKey: Guid(9d08f3524db97aeb3b23d1f3dced48ee) Importer(2089858483,192608db42251d675da83286b1cce702)
Start importing Assets/Motorbike/URP/Scenes/BicycleScene_URP/Lightmap-4_comp_light.exr using Guid(9d08f3524db97aeb3b23d1f3dced48ee) Importer(2089858483,192608db42251d675da83286b1cce702) (ScriptedImporter) -> (artifact id: 'e1c437bb062043c7412f85a52d81b9f6') in 0.0156107 seconds
Number of updated asset objects reloaded before import = 0Number of asset objects unloaded after import = 1

========================================================================
Received Import Request.
  Time since last request: 0.000025 seconds.
  path: Assets/Motorbike/HDRP/Scenes
  artifactKey: Guid(81c69d0eb208f1d45ab810cbcf5a2d6a) Importer(2089858483,192608db42251d675da83286b1cce702)
Start importing Assets/Motorbike/HDRP/Scenes using Guid(81c69d0eb208f1d45ab810cbcf5a2d6a) Importer(2089858483,192608db42251d675da83286b1cce702) (ScriptedImporter) -> (artifact id: 'bc122b82fce4c6f9783a840edc7fc700') in 0.0083809 seconds
Number of updated asset objects reloaded before import = 0Number of asset objects unloaded after import = 1

========================================================================
Received Import Request.
  Time since last request: 0.000017 seconds.
  path: Assets/Motorbike/Textures/RagRig/Ragdoll_Rig_model_Ragdoll_M_MetallicSmoothness.png
  artifactKey: Guid(a4afe2ac645f56860b1b97415341f1d0) Importer(2089858483,192608db42251d675da83286b1cce702)
Start importing Assets/Motorbike/Textures/RagRig/Ragdoll_Rig_model_Ragdoll_M_MetallicSmoothness.png using Guid(a4afe2ac645f56860b1b97415341f1d0) Importer(2089858483,192608db42251d675da83286b1cce702) (ScriptedImporter) -> (artifact id: '816051678413da57c4f41b8cef0f8810') in 0.0186804 seconds
Number of updated asset objects reloaded before import = 0Number of asset objects unloaded after import = 1

========================================================================
Received Import Request.
  Time since last request: 0.000014 seconds.
  path: Assets/Motorbike/Textures/RagRig/Ragdoll_Rig_modelRagdoll_M_Roughness.png
  artifactKey: Guid(bc3b7e165fb07e051a59199cb0fe3f3b) Importer(2089858483,192608db42251d675da83286b1cce702)
Start importing Assets/Motorbike/Textures/RagRig/Ragdoll_Rig_modelRagdoll_M_Roughness.png using Guid(bc3b7e165fb07e051a59199cb0fe3f3b) Importer(2089858483,192608db42251d675da83286b1cce702) (ScriptedImporter) -> (artifact id: '405b3168da3f92d91a2e6120d842371a') in 0.017273 seconds
Number of updated asset objects reloaded before import = 0Number of asset objects unloaded after import = 1

========================================================================
Received Import Request.
  Time since last request: 0.000017 seconds.
  path: Assets/Motorbike/HDRP/Prefabs/Scooter.prefab
  artifactKey: Guid(551bd83abcce62789bf3e9689fab97a0) Importer(2089858483,192608db42251d675da83286b1cce702)
Start importing Assets/Motorbike/HDRP/Prefabs/Scooter.prefab using Guid(551bd83abcce62789bf3e9689fab97a0) Importer(2089858483,192608db42251d675da83286b1cce702) (ScriptedImporter) -> (artifact id: '17d7fa8d1dda1de101c0193851cb2146') in 0.0442157 seconds
Number of updated asset objects reloaded before import = 0Number of asset objects unloaded after import = 63

========================================================================
Received Import Request.
  Time since last request: 0.000017 seconds.
  path: Assets/Motorbike/URP/Models/Scooter.fbx
  artifactKey: Guid(e66861af7c108a134a3b6df7ffc5d9ef) Importer(2089858483,192608db42251d675da83286b1cce702)
Start importing Assets/Motorbike/URP/Models/Scooter.fbx using Guid(e66861af7c108a134a3b6df7ffc5d9ef) Importer(2089858483,192608db42251d675da83286b1cce702) (ScriptedImporter) -> (artifact id: '795cc0c2506268bce40ed2543f143862') in 0.0361339 seconds
Number of updated asset objects reloaded before import = 0Number of asset objects unloaded after import = 23

========================================================================
Received Import Request.
  Time since last request: 0.000015 seconds.
  path: Assets/Motorbike/HDRP/Scenes/BicycleScene_HDRP/Lightmap-9_comp_dir.png
  artifactKey: Guid(191d800ef91bc53c4a8b3fad4c8ad55e) Importer(2089858483,192608db42251d675da83286b1cce702)
Start importing Assets/Motorbike/HDRP/Scenes/BicycleScene_HDRP/Lightmap-9_comp_dir.png using Guid(191d800ef91bc53c4a8b3fad4c8ad55e) Importer(2089858483,192608db42251d675da83286b1cce702) (ScriptedImporter) -> (artifact id: '6dfe8f31f75c8ea365531c751885261a') in 0.0168734 seconds
Number of updated asset objects reloaded before import = 0Number of asset objects unloaded after import = 1

========================================================================
Received Import Request.
  Time since last request: 0.000016 seconds.
  path: Assets/Motorbike/URP/Scenes/BicycleScene_URP/Lightmap-1_comp_light.exr
  artifactKey: Guid(627178a74bc3268e2968d113677a4fd5) Importer(2089858483,192608db42251d675da83286b1cce702)
Start importing Assets/Motorbike/URP/Scenes/BicycleScene_URP/Lightmap-1_comp_light.exr using Guid(627178a74bc3268e2968d113677a4fd5) Importer(2089858483,192608db42251d675da83286b1cce702) (ScriptedImporter) -> (artifact id: '836a3f89e9590dff89821bc0893b5b88') in 0.0170034 seconds
Number of updated asset objects reloaded before import = 0Number of asset objects unloaded after import = 1

========================================================================
Received Import Request.
  Time since last request: 0.000016 seconds.
  path: Assets/Motorbike/URP/Scenes/BicycleScene_URP.unity
  artifactKey: Guid(52f1b87deb02d3d4eafa0f0c179b4db1) Importer(2089858483,192608db42251d675da83286b1cce702)
Start importing Assets/Motorbike/URP/Scenes/BicycleScene_URP.unity using Guid(52f1b87deb02d3d4eafa0f0c179b4db1) Importer(2089858483,192608db42251d675da83286b1cce702) (ScriptedImporter) -> (artifact id: '479cbad0bf9afcab460037147fe5fab8') in 0.0124333 seconds
Number of updated asset objects reloaded before import = 0Number of asset objects unloaded after import = 1

========================================================================
Received Import Request.
  Time since last request: 0.000015 seconds.
  path: Assets/Motorbike/Textures/Motorbike/Motorbike_Piggo_LP_Wheels_MetallicSmoothness.png
  artifactKey: Guid(e00e47fa0a2d16e538ed23b43c764646) Importer(2089858483,192608db42251d675da83286b1cce702)
Start importing Assets/Motorbike/Textures/Motorbike/Motorbike_Piggo_LP_Wheels_MetallicSmoothness.png using Guid(e00e47fa0a2d16e538ed23b43c764646) Importer(2089858483,192608db42251d675da83286b1cce702) (ScriptedImporter) -> (artifact id: '3fd4eb87e94edccc2e8940466414d0b5') in 0.0191766 seconds
Number of updated asset objects reloaded before import = 0Number of asset objects unloaded after import = 1

========================================================================
Received Import Request.
  Time since last request: 0.000017 seconds.
  path: Assets/Motorbike/URP/Models/Rag_Rig_Model_URP.fbx
  artifactKey: Guid(ec0dec92f6ffba847b1355ddb51c303f) Importer(2089858483,192608db42251d675da83286b1cce702)
Start importing Assets/Motorbike/URP/Models/Rag_Rig_Model_URP.fbx using Guid(ec0dec92f6ffba847b1355ddb51c303f) Importer(2089858483,192608db42251d675da83286b1cce702) (ScriptedImporter) -> (artifact id: 'df4306fe2ba42b392ba15a77d9802ac8') in 0.0241632 seconds
Number of updated asset objects reloaded before import = 0Number of asset objects unloaded after import = 138

========================================================================
Received Import Request.
  Time since last request: 0.000019 seconds.
  path: Assets/Motorbike/URP/Materials/Bicycle/Bicycle20.mat
  artifactKey: Guid(99797c3ccfb76df72a840a54284a1219) Importer(2089858483,192608db42251d675da83286b1cce702)
Start importing Assets/Motorbike/URP/Materials/Bicycle/Bicycle20.mat using Guid(99797c3ccfb76df72a840a54284a1219) Importer(2089858483,192608db42251d675da83286b1cce702) (ScriptedImporter) -> (artifact id: '660d0770d368973ba7a2bcf7e8bbb7db') in 0.017759 seconds
Number of updated asset objects reloaded before import = 0Number of asset objects unloaded after import = 1

========================================================================
Received Import Request.
  Time since last request: 0.000023 seconds.
  path: Assets/Motorbike/HDRP/Scenes/BicycleScene_HDRP/Lightmap-4_comp_dir.png
  artifactKey: Guid(312aee523e90ebfa294724caa059c241) Importer(2089858483,192608db42251d675da83286b1cce702)
Start importing Assets/Motorbike/HDRP/Scenes/BicycleScene_HDRP/Lightmap-4_comp_dir.png using Guid(312aee523e90ebfa294724caa059c241) Importer(2089858483,192608db42251d675da83286b1cce702) (ScriptedImporter) -> (artifact id: 'fd82912d5abacbeee30e73616de1f596') in 0.0166916 seconds
Number of updated asset objects reloaded before import = 0Number of asset objects unloaded after import = 1

========================================================================
Received Import Request.
  Time since last request: 0.000038 seconds.
  path: Assets/Motorbike/HDRP/Scenes/BicycleScene_HDRP/Lightmap-11_comp_dir.png
  artifactKey: Guid(a7b093ae922097df1815b757ff496452) Importer(2089858483,192608db42251d675da83286b1cce702)
Start importing Assets/Motorbike/HDRP/Scenes/BicycleScene_HDRP/Lightmap-11_comp_dir.png using Guid(a7b093ae922097df1815b757ff496452) Importer(2089858483,192608db42251d675da83286b1cce702) (ScriptedImporter) -> (artifact id: '99fb1ab0ea713612f3757d38fcbf8bf0') in 0.0178206 seconds
Number of updated asset objects reloaded before import = 0Number of asset objects unloaded after import = 1

========================================================================
Received Import Request.
  Time since last request: 0.000017 seconds.
  path: Assets/Motorbike/HDRP/Materials/Motorbike/Wheels_MaskMap.png
  artifactKey: Guid(4b7cff23238cb0940a0c0595a77d9270) Importer(2089858483,192608db42251d675da83286b1cce702)
Start importing Assets/Motorbike/HDRP/Materials/Motorbike/Wheels_MaskMap.png using Guid(4b7cff23238cb0940a0c0595a77d9270) Importer(2089858483,192608db42251d675da83286b1cce702) (ScriptedImporter) -> (artifact id: '5bbd34cb33c21df84e365beb1477a450') in 0.018839 seconds
Number of updated asset objects reloaded before import = 0Number of asset objects unloaded after import = 1

========================================================================
Received Import Request.
  Time since last request: 0.000016 seconds.
  path: Assets/Motorbike/URP/Scenes/BicycleScene_URP/Lightmap-5_comp_light.exr
  artifactKey: Guid(7993d99b5ab8cf3f19b814eb1c8a81de) Importer(2089858483,192608db42251d675da83286b1cce702)
Start importing Assets/Motorbike/URP/Scenes/BicycleScene_URP/Lightmap-5_comp_light.exr using Guid(7993d99b5ab8cf3f19b814eb1c8a81de) Importer(2089858483,192608db42251d675da83286b1cce702) (ScriptedImporter) -> (artifact id: '24fd6bb25de486d8df8342d5c8271823') in 0.0172108 seconds
Number of updated asset objects reloaded before import = 0Number of asset objects unloaded after import = 1

========================================================================
Received Import Request.
  Time since last request: 0.000017 seconds.
  path: Assets/Motorbike/HDRP/Materials/Bicycle/MetallicParts.mat
  artifactKey: Guid(6feab4f89eb3cbc8d8888c8b04461997) Importer(2089858483,192608db42251d675da83286b1cce702)
Start importing Assets/Motorbike/HDRP/Materials/Bicycle/MetallicParts.mat using Guid(6feab4f89eb3cbc8d8888c8b04461997) Importer(2089858483,192608db42251d675da83286b1cce702) (ScriptedImporter) -> (artifact id: '58eb96dfebbdf46acb3af76ab406adb0') in 0.011234 seconds
Number of updated asset objects reloaded before import = 0Number of asset objects unloaded after import = 1

========================================================================
Received Import Request.
  Time since last request: 0.000014 seconds.
  path: Assets/Motorbike/URP
  artifactKey: Guid(8f0fded15414ad5b3b8f9e172383f474) Importer(2089858483,192608db42251d675da83286b1cce702)
Start importing Assets/Motorbike/URP using Guid(8f0fded15414ad5b3b8f9e172383f474) Importer(2089858483,192608db42251d675da83286b1cce702) (ScriptedImporter) -> (artifact id: 'f3d90a7168fafa5941c3b829e9ac40e4') in 0.0096948 seconds
Number of updated asset objects reloaded before import = 0Number of asset objects unloaded after import = 1

========================================================================
Received Import Request.
  Time since last request: 0.000016 seconds.
  path: Assets/Motorbike/URP/Materials
  artifactKey: Guid(5073f5e99ce9dbd4c8768827468deab0) Importer(2089858483,192608db42251d675da83286b1cce702)
Start importing Assets/Motorbike/URP/Materials using Guid(5073f5e99ce9dbd4c8768827468deab0) Importer(2089858483,192608db42251d675da83286b1cce702) (ScriptedImporter) -> (artifact id: 'da133dc67eef3ec66a0abf62b0dffe7d') in 0.0086698 seconds
Number of updated asset objects reloaded before import = 0Number of asset objects unloaded after import = 1

========================================================================
Received Import Request.
  Time since last request: 0.000018 seconds.
  path: Assets/Motorbike/URP/Scenes/BicycleScene_URP/Lightmap-8_comp_light.exr
  artifactKey: Guid(8175d751436e2dbb9b8cee21bf5de40c) Importer(2089858483,192608db42251d675da83286b1cce702)
Start importing Assets/Motorbike/URP/Scenes/BicycleScene_URP/Lightmap-8_comp_light.exr using Guid(8175d751436e2dbb9b8cee21bf5de40c) Importer(2089858483,192608db42251d675da83286b1cce702) (ScriptedImporter) -> (artifact id: 'ea8e53c947cbda1485019564c4dd4f7b') in 0.0155096 seconds
Number of updated asset objects reloaded before import = 0Number of asset objects unloaded after import = 1

========================================================================
Received Import Request.
  Time since last request: 0.000016 seconds.
  path: Assets/Motorbike/URP/Scenes/BicycleScene_URP/Lightmap-6_comp_dir.png
  artifactKey: Guid(d2f719dde2948ef17ac885edafce0f09) Importer(2089858483,192608db42251d675da83286b1cce702)
Start importing Assets/Motorbike/URP/Scenes/BicycleScene_URP/Lightmap-6_comp_dir.png using Guid(d2f719dde2948ef17ac885edafce0f09) Importer(2089858483,192608db42251d675da83286b1cce702) (ScriptedImporter) -> (artifact id: '8897b92bff840147e5011497df2831b5') in 0.0180549 seconds
Number of updated asset objects reloaded before import = 0Number of asset objects unloaded after import = 1

========================================================================
Received Import Request.
  Time since last request: 0.000016 seconds.
  path: Assets/Motorbike/HDRP/Scenes/BicycleScene_HDRP/LightingData.asset
  artifactKey: Guid(4faa99e3a70efc6b3a5076a930640253) Importer(2089858483,192608db42251d675da83286b1cce702)
Start importing Assets/Motorbike/HDRP/Scenes/BicycleScene_HDRP/LightingData.asset using Guid(4faa99e3a70efc6b3a5076a930640253) Importer(2089858483,192608db42251d675da83286b1cce702) (ScriptedImporter) -> (artifact id: 'd20dd66bc8061141a32d6df051d501d0') in 0.0293168 seconds
Number of updated asset objects reloaded before import = 0Number of asset objects unloaded after import = 2

========================================================================
Received Import Request.
  Time since last request: 0.000016 seconds.
  path: Assets/Motorbike/HDRP/Scenes/BicycleScene_HDRP/Lightmap-9_comp_light.exr
  artifactKey: Guid(306e2adc40b2f2a57bf1d41742ab04a3) Importer(2089858483,192608db42251d675da83286b1cce702)
Start importing Assets/Motorbike/HDRP/Scenes/BicycleScene_HDRP/Lightmap-9_comp_light.exr using Guid(306e2adc40b2f2a57bf1d41742ab04a3) Importer(2089858483,192608db42251d675da83286b1cce702) (ScriptedImporter) -> (artifact id: 'fe9c093d4c666900a3f05faa020cdd7a') in 0.0162422 seconds
Number of updated asset objects reloaded before import = 0Number of asset objects unloaded after import = 1

========================================================================
Received Import Request.
  Time since last request: 0.000015 seconds.
  path: Assets/Motorbike/URP/Scenes/BicycleScene_URP/Lightmap-2_comp_light.exr
  artifactKey: Guid(91299499d02348ac9858bd5e03f2d0c8) Importer(2089858483,192608db42251d675da83286b1cce702)
Start importing Assets/Motorbike/URP/Scenes/BicycleScene_URP/Lightmap-2_comp_light.exr using Guid(91299499d02348ac9858bd5e03f2d0c8) Importer(2089858483,192608db42251d675da83286b1cce702) (ScriptedImporter) -> (artifact id: 'fa8dc93ae7574462600d6fdd8723ef20') in 0.0151817 seconds
Number of updated asset objects reloaded before import = 0Number of asset objects unloaded after import = 1

========================================================================
Received Import Request.
  Time since last request: 0.000019 seconds.
  path: Assets/Motorbike/Textures/RagRig/Ragdoll_M_MaskMap.png
  artifactKey: Guid(4bfd711d4ec68cb32b017dc0c1df9d52) Importer(2089858483,192608db42251d675da83286b1cce702)
Start importing Assets/Motorbike/Textures/RagRig/Ragdoll_M_MaskMap.png using Guid(4bfd711d4ec68cb32b017dc0c1df9d52) Importer(2089858483,192608db42251d675da83286b1cce702) (ScriptedImporter) -> (artifact id: '5ec2eae79a9d0921fa8d759cbbfbf6cf') in 0.0181473 seconds
Number of updated asset objects reloaded before import = 0Number of asset objects unloaded after import = 1

========================================================================
Received Import Request.
  Time since last request: 0.000023 seconds.
  path: Assets/Motorbike/URP/Prefabs/Rag_Rig_URP.prefab
  artifactKey: Guid(ba27f069d7996c43da37e488f3b25866) Importer(2089858483,192608db42251d675da83286b1cce702)
Start importing Assets/Motorbike/URP/Prefabs/Rag_Rig_URP.prefab using Guid(ba27f069d7996c43da37e488f3b25866) Importer(2089858483,192608db42251d675da83286b1cce702) (ScriptedImporter) -> (artifact id: 'c5342a0f58c6525aaad54676a5cf8d24') in 0.0147176 seconds
Number of updated asset objects reloaded before import = 0Number of asset objects unloaded after import = 170

========================================================================
Received Import Request.
  Time since last request: 0.000013 seconds.
  path: Assets/Motorbike/URP/Scenes/BicycleScene_URP/Lightmap-7_comp_light.exr
  artifactKey: Guid(ed18ec6c011023b95ad9311814623969) Importer(2089858483,192608db42251d675da83286b1cce702)
Start importing Assets/Motorbike/URP/Scenes/BicycleScene_URP/Lightmap-7_comp_light.exr using Guid(ed18ec6c011023b95ad9311814623969) Importer(2089858483,192608db42251d675da83286b1cce702) (ScriptedImporter) -> (artifact id: 'cc529bec5e880b6eada7c0e4428adb69') in 0.0165299 seconds
Number of updated asset objects reloaded before import = 0Number of asset objects unloaded after import = 1

========================================================================
Received Import Request.
  Time since last request: 0.000017 seconds.
  path: Assets/Motorbike/HDRP/Materials/Motorbike/Wheels.mat
  artifactKey: Guid(414d71ab31484b6e998d754c46dc7f1c) Importer(2089858483,192608db42251d675da83286b1cce702)
Start importing Assets/Motorbike/HDRP/Materials/Motorbike/Wheels.mat using Guid(414d71ab31484b6e998d754c46dc7f1c) Importer(2089858483,192608db42251d675da83286b1cce702) (ScriptedImporter) -> (artifact id: '35040ba5728f8481ace42fdcceeb84fb') in 0.0273935 seconds
Number of updated asset objects reloaded before import = 0Number of asset objects unloaded after import = 4

========================================================================
Received Import Request.
  Time since last request: 0.000018 seconds.
  path: Assets/Motorbike/URP/Scenes/BicycleScene_URP/LightingData.asset
  artifactKey: Guid(a9f8add6993f2744189f8f425be1c95a) Importer(2089858483,192608db42251d675da83286b1cce702)
Start importing Assets/Motorbike/URP/Scenes/BicycleScene_URP/LightingData.asset using Guid(a9f8add6993f2744189f8f425be1c95a) Importer(2089858483,192608db42251d675da83286b1cce702) (ScriptedImporter) -> (artifact id: '7b9e94deb82bc4f343baf2a38365f5ee') in 0.0123228 seconds
Number of updated asset objects reloaded before import = 0Number of asset objects unloaded after import = 2

========================================================================
Received Import Request.
  Time since last request: 0.000015 seconds.
  path: Assets/Motorbike/URP/Scenes/BicycleScene_URP
  artifactKey: Guid(8020e922cc24b4554a7604e0efc26ca0) Importer(2089858483,192608db42251d675da83286b1cce702)
Start importing Assets/Motorbike/URP/Scenes/BicycleScene_URP using Guid(8020e922cc24b4554a7604e0efc26ca0) Importer(2089858483,192608db42251d675da83286b1cce702) (ScriptedImporter) -> (artifact id: '19d8a7fdd5f6c66171d6c63edf85d631') in 0.0102568 seconds
Number of updated asset objects reloaded before import = 0Number of asset objects unloaded after import = 1

========================================================================
Received Import Request.
  Time since last request: 0.000015 seconds.
  path: Assets/Motorbike/URP/Scenes/BicycleScene_URP/Lightmap-9_comp_dir.png
  artifactKey: Guid(ead628f55fba010a1919d3c9c4071491) Importer(2089858483,192608db42251d675da83286b1cce702)
Start importing Assets/Motorbike/URP/Scenes/BicycleScene_URP/Lightmap-9_comp_dir.png using Guid(ead628f55fba010a1919d3c9c4071491) Importer(2089858483,192608db42251d675da83286b1cce702) (ScriptedImporter) -> (artifact id: '694ac475fdc8f6074bf83ea032ecf855') in 0.017165 seconds
Number of updated asset objects reloaded before import = 0Number of asset objects unloaded after import = 1

========================================================================
Received Import Request.
  Time since last request: 0.000016 seconds.
  path: Assets/Motorbike/HDRP/Materials/Bicycle_2.0/Bicycle20.mat
  artifactKey: Guid(a5591aa9365260750920ec682a4fe855) Importer(2089858483,192608db42251d675da83286b1cce702)
Start importing Assets/Motorbike/HDRP/Materials/Bicycle_2.0/Bicycle20.mat using Guid(a5591aa9365260750920ec682a4fe855) Importer(2089858483,192608db42251d675da83286b1cce702) (ScriptedImporter) -> (artifact id: '1f13ff2a55e3d31c9a4c5cf522729968') in 0.0102367 seconds
Number of updated asset objects reloaded before import = 0Number of asset objects unloaded after import = 1

========================================================================
Received Import Request.
  Time since last request: 0.000015 seconds.
  path: Assets/Motorbike/URP/Prefabs/Extras/TrailContact.prefab
  artifactKey: Guid(36d9ff1bf644c19119400e167e4a65e5) Importer(2089858483,192608db42251d675da83286b1cce702)
Start importing Assets/Motorbike/URP/Prefabs/Extras/TrailContact.prefab using Guid(36d9ff1bf644c19119400e167e4a65e5) Importer(2089858483,192608db42251d675da83286b1cce702) (ScriptedImporter) -> (artifact id: 'cf398f3ed5e47415bc98edb983f8406c') in 0.0119848 seconds
Number of updated asset objects reloaded before import = 0Number of asset objects unloaded after import = 13

========================================================================
Received Import Request.
  Time since last request: 0.000014 seconds.
  path: Assets/Motorbike/URP/Prefabs/Scooter.prefab
  artifactKey: Guid(f99b691d00986afa2a4d354c5bbe0745) Importer(2089858483,192608db42251d675da83286b1cce702)
Start importing Assets/Motorbike/URP/Prefabs/Scooter.prefab using Guid(f99b691d00986afa2a4d354c5bbe0745) Importer(2089858483,192608db42251d675da83286b1cce702) (ScriptedImporter) -> (artifact id: '512b5d0c02be18ac70a2ae801404f1f0') in 0.0162368 seconds
Number of updated asset objects reloaded before import = 0Number of asset objects unloaded after import = 62

========================================================================
Received Import Request.
  Time since last request: 0.000015 seconds.
  path: Assets/Motorbike/HDRP/Prefabs/Extras/TrailContact.prefab
  artifactKey: Guid(af5a0b4c31940447593d453043f0d34c) Importer(2089858483,192608db42251d675da83286b1cce702)
Start importing Assets/Motorbike/HDRP/Prefabs/Extras/TrailContact.prefab using Guid(af5a0b4c31940447593d453043f0d34c) Importer(2089858483,192608db42251d675da83286b1cce702) (ScriptedImporter) -> (artifact id: '15a4df16c1da59aae67f81e07544a942') in 0.0119007 seconds
Number of updated asset objects reloaded before import = 0Number of asset objects unloaded after import = 13

========================================================================
Received Import Request.
  Time since last request: 0.000017 seconds.
  path: Assets/Motorbike/HDRP/Scenes/BicycleScene_HDRP/ReflectionProbe-0.exr
  artifactKey: Guid(234670928f41df251a1c0f6a10d50562) Importer(2089858483,192608db42251d675da83286b1cce702)
Start importing Assets/Motorbike/HDRP/Scenes/BicycleScene_HDRP/ReflectionProbe-0.exr using Guid(234670928f41df251a1c0f6a10d50562) Importer(2089858483,192608db42251d675da83286b1cce702) (ScriptedImporter) -> (artifact id: '3abc80a30a2302d2c641203e4a03854b') in 0.0177949 seconds
Number of updated asset objects reloaded before import = 0Number of asset objects unloaded after import = 1

========================================================================
Received Import Request.
  Time since last request: 0.000017 seconds.
  path: Assets/Motorbike/HDRP/Prefabs/Rag_Rig.prefab
  artifactKey: Guid(1cb292c2d7a7f54199467591b12cfd85) Importer(2089858483,192608db42251d675da83286b1cce702)
Start importing Assets/Motorbike/HDRP/Prefabs/Rag_Rig.prefab using Guid(1cb292c2d7a7f54199467591b12cfd85) Importer(2089858483,192608db42251d675da83286b1cce702) (ScriptedImporter) -> (artifact id: '064eba6b3cb0203a010263cacf1dbaee') in 0.0141235 seconds
Number of updated asset objects reloaded before import = 0Number of asset objects unloaded after import = 170

========================================================================
Received Import Request.
  Time since last request: 0.000015 seconds.
  path: Assets/Motorbike/URP/Scenes/BicycleScene_URP/Lightmap-8_comp_dir.png
  artifactKey: Guid(d7f947f31ed3bb31fa0907777b27721c) Importer(2089858483,192608db42251d675da83286b1cce702)
Start importing Assets/Motorbike/URP/Scenes/BicycleScene_URP/Lightmap-8_comp_dir.png using Guid(d7f947f31ed3bb31fa0907777b27721c) Importer(2089858483,192608db42251d675da83286b1cce702) (ScriptedImporter) -> (artifact id: 'e0642b5ea67b1aee1f4f8c614bd6b3bf') in 0.0170433 seconds
Number of updated asset objects reloaded before import = 0Number of asset objects unloaded after import = 1

========================================================================
Received Import Request.
  Time since last request: 0.000051 seconds.
  path: Assets/Motorbike/HDRP/Scenes/BicycleScene_HDRP/Lightmap-0_comp_dir.png
  artifactKey: Guid(fa02ab79972b07adeb0ef54f7388fe40) Importer(2089858483,192608db42251d675da83286b1cce702)
Start importing Assets/Motorbike/HDRP/Scenes/BicycleScene_HDRP/Lightmap-0_comp_dir.png using Guid(fa02ab79972b07adeb0ef54f7388fe40) Importer(2089858483,192608db42251d675da83286b1cce702) (ScriptedImporter) -> (artifact id: '92fe8d4f79f7962dd3f75eabeae383a9') in 0.0156249 seconds
Number of updated asset objects reloaded before import = 0Number of asset objects unloaded after import = 1

========================================================================
Received Import Request.
  Time since last request: 0.000019 seconds.
  path: Assets/Motorbike/URP/Scenes/BicycleScene_URP/Lightmap-3_comp_dir.png
  artifactKey: Guid(570c7b0e6bca66ea6b536903eb355db7) Importer(2089858483,192608db42251d675da83286b1cce702)
Start importing Assets/Motorbike/URP/Scenes/BicycleScene_URP/Lightmap-3_comp_dir.png using Guid(570c7b0e6bca66ea6b536903eb355db7) Importer(2089858483,192608db42251d675da83286b1cce702) (ScriptedImporter) -> (artifact id: '0be8d9e95c9375b2c4051c910960da7f') in 0.0153215 seconds
Number of updated asset objects reloaded before import = 0Number of asset objects unloaded after import = 1

========================================================================
Received Import Request.
  Time since last request: 0.000028 seconds.
  path: Assets/Motorbike/HDRP/Scenes/BicycleScene_HDRP/BicycleScene_HDRP Baking Set.CellSharedData.bytes
  artifactKey: Guid(6f978845e36c4f62694d106739d69d1c) Importer(2089858483,192608db42251d675da83286b1cce702)
Start importing Assets/Motorbike/HDRP/Scenes/BicycleScene_HDRP/BicycleScene_HDRP Baking Set.CellSharedData.bytes using Guid(6f978845e36c4f62694d106739d69d1c) Importer(2089858483,192608db42251d675da83286b1cce702) (ScriptedImporter) -> (artifact id: '130676b6757d7fc37773b4f917dbb233') in 0.0134674 seconds
Number of updated asset objects reloaded before import = 0Number of asset objects unloaded after import = 1

========================================================================
Received Import Request.
  Time since last request: 0.000014 seconds.
  path: Assets/Motorbike/HDRP/Scenes/BicycleScene_HDRP/Lightmap-1_comp_light.exr
  artifactKey: Guid(d5f66124c1efaad1781bdf61f1d2b2e6) Importer(2089858483,192608db42251d675da83286b1cce702)
Start importing Assets/Motorbike/HDRP/Scenes/BicycleScene_HDRP/Lightmap-1_comp_light.exr using Guid(d5f66124c1efaad1781bdf61f1d2b2e6) Importer(2089858483,192608db42251d675da83286b1cce702) (ScriptedImporter) -> (artifact id: '9fd621e1a136c8b2701e7e410f19b773') in 0.0192984 seconds
Number of updated asset objects reloaded before import = 0Number of asset objects unloaded after import = 1

========================================================================
Received Import Request.
  Time since last request: 0.000016 seconds.
  path: Assets/Motorbike/Textures/Scooter
  artifactKey: Guid(994e9a65062b0bac799bb2c91f94ca12) Importer(2089858483,192608db42251d675da83286b1cce702)
Start importing Assets/Motorbike/Textures/Scooter using Guid(994e9a65062b0bac799bb2c91f94ca12) Importer(2089858483,192608db42251d675da83286b1cce702) (ScriptedImporter) -> (artifact id: '79183d3d42b647b69f6cf2f3999716f6') in 0.010376 seconds
Number of updated asset objects reloaded before import = 0Number of asset objects unloaded after import = 1

========================================================================
Received Import Request.
  Time since last request: 0.000016 seconds.
  path: Assets/Motorbike/HDRP/Scenes/BicycleSceneHDRP_Settings.lighting
  artifactKey: Guid(ab5d28d1fe46a75d4a0af4c98ba8c248) Importer(2089858483,192608db42251d675da83286b1cce702)
Start importing Assets/Motorbike/HDRP/Scenes/BicycleSceneHDRP_Settings.lighting using Guid(ab5d28d1fe46a75d4a0af4c98ba8c248) Importer(2089858483,192608db42251d675da83286b1cce702) (ScriptedImporter)LightingSettings: switching bake backend from 1 to 2.
 -> (artifact id: '40d0af7768af41b7b405ca1df836acee') in 0.0343011 seconds
Number of updated asset objects reloaded before import = 0Number of asset objects unloaded after import = 1

========================================================================
Received Import Request.
  Time since last request: 0.000015 seconds.
  path: Assets/Motorbike/HDRP/Scenes/BicycleScene_HDRP/Lightmap-0_comp_light.exr
  artifactKey: Guid(ce949d116273e3cb180410424f697fc4) Importer(2089858483,192608db42251d675da83286b1cce702)
Start importing Assets/Motorbike/HDRP/Scenes/BicycleScene_HDRP/Lightmap-0_comp_light.exr using Guid(ce949d116273e3cb180410424f697fc4) Importer(2089858483,192608db42251d675da83286b1cce702) (ScriptedImporter) -> (artifact id: '25163fd0db239778f7e2f9966b479e87') in 0.0155406 seconds
Number of updated asset objects reloaded before import = 0Number of asset objects unloaded after import = 1

========================================================================
Received Import Request.
  Time since last request: 0.000016 seconds.
  path: Assets/Motorbike/URP/Scenes/BycicleSceneLightningData.lighting
  artifactKey: Guid(02cbf801c5a6349478677afcc51f97d4) Importer(2089858483,192608db42251d675da83286b1cce702)
Start importing Assets/Motorbike/URP/Scenes/BycicleSceneLightningData.lighting using Guid(02cbf801c5a6349478677afcc51f97d4) Importer(2089858483,192608db42251d675da83286b1cce702) (ScriptedImporter)LightingSettings: switching bake backend from 1 to 2.
 -> (artifact id: '30f614a4ce1c9cea22098169d46d304e') in 0.0113971 seconds
Number of updated asset objects reloaded before import = 0Number of asset objects unloaded after import = 1

========================================================================
Received Import Request.
  Time since last request: 0.000017 seconds.
  path: Assets/Motorbike/Textures/Bicycle2.0
  artifactKey: Guid(a62629eea5603a95094d13d425abba33) Importer(2089858483,192608db42251d675da83286b1cce702)
Start importing Assets/Motorbike/Textures/Bicycle2.0 using Guid(a62629eea5603a95094d13d425abba33) Importer(2089858483,192608db42251d675da83286b1cce702) (ScriptedImporter) -> (artifact id: '352fdb4e256f952339c2b00a8b59e947') in 0.0100066 seconds
Number of updated asset objects reloaded before import = 0Number of asset objects unloaded after import = 1

========================================================================
Received Import Request.
  Time since last request: 0.000017 seconds.
  path: Assets/Motorbike/HDRP/Scenes/BicycleScene_HDRP/BicycleScene_HDRP Baking Set.CellBricksData.bytes
  artifactKey: Guid(c2eb1e1d60c665df38bdb5ff3b9cfdd5) Importer(2089858483,192608db42251d675da83286b1cce702)
Start importing Assets/Motorbike/HDRP/Scenes/BicycleScene_HDRP/BicycleScene_HDRP Baking Set.CellBricksData.bytes using Guid(c2eb1e1d60c665df38bdb5ff3b9cfdd5) Importer(2089858483,192608db42251d675da83286b1cce702) (ScriptedImporter) -> (artifact id: '9f9da1ee820ab812cbd1099ead5ab23b') in 0.0123563 seconds
Number of updated asset objects reloaded before import = 0Number of asset objects unloaded after import = 1

========================================================================
Received Import Request.
  Time since last request: 0.000016 seconds.
  path: Assets/Motorbike/Textures/Motorbike/Motorbike_Piggo_LP_Piggo_Mat_MetallicSmoothness.png
  artifactKey: Guid(e739d30fe736e96608cf2ed6b323af8c) Importer(2089858483,192608db42251d675da83286b1cce702)
Start importing Assets/Motorbike/Textures/Motorbike/Motorbike_Piggo_LP_Piggo_Mat_MetallicSmoothness.png using Guid(e739d30fe736e96608cf2ed6b323af8c) Importer(2089858483,192608db42251d675da83286b1cce702) (ScriptedImporter) -> (artifact id: '3ea4e9a405da98a0b1a6d4d642a6fc90') in 0.0220918 seconds
Number of updated asset objects reloaded before import = 0Number of asset objects unloaded after import = 1

========================================================================
Received Import Request.
  Time since last request: 0.000017 seconds.
  path: Assets/Motorbike/URP/Scenes/BicycleScene_URP/Lightmap-9_comp_light.exr
  artifactKey: Guid(992933a5b08fda09997fba3615383e99) Importer(2089858483,192608db42251d675da83286b1cce702)
Start importing Assets/Motorbike/URP/Scenes/BicycleScene_URP/Lightmap-9_comp_light.exr using Guid(992933a5b08fda09997fba3615383e99) Importer(2089858483,192608db42251d675da83286b1cce702) (ScriptedImporter) -> (artifact id: '83369425d8efb11b92fdd51c7755eebf') in 0.0165531 seconds
Number of updated asset objects reloaded before import = 0Number of asset objects unloaded after import = 1

========================================================================
Received Import Request.
  Time since last request: 0.000018 seconds.
  path: Assets/Motorbike/HDRP/Materials/Scooter
  artifactKey: Guid(9d5bcc679b9f84a6295c085f6e04efcc) Importer(2089858483,192608db42251d675da83286b1cce702)
Start importing Assets/Motorbike/HDRP/Materials/Scooter using Guid(9d5bcc679b9f84a6295c085f6e04efcc) Importer(2089858483,192608db42251d675da83286b1cce702) (ScriptedImporter) -> (artifact id: 'c30b3826b0deb67e6292fd261f6145b4') in 0.0113715 seconds
Number of updated asset objects reloaded before import = 0Number of asset objects unloaded after import = 1

========================================================================
Received Import Request.
  Time since last request: 0.000016 seconds.
  path: Assets/Motorbike/Textures/Bicycle2.0/Bicycle_2.0.Bicycle_Curvature.png
  artifactKey: Guid(9afae5c6ed3727bf38612b116691c703) Importer(2089858483,192608db42251d675da83286b1cce702)
Start importing Assets/Motorbike/Textures/Bicycle2.0/Bicycle_2.0.Bicycle_Curvature.png using Guid(9afae5c6ed3727bf38612b116691c703) Importer(2089858483,192608db42251d675da83286b1cce702) (ScriptedImporter) -> (artifact id: 'dfbdeab018f60367186ff15e1c3df55e') in 0.0161267 seconds
Number of updated asset objects reloaded before import = 0Number of asset objects unloaded after import = 1

========================================================================
Received Import Request.
  Time since last request: 0.000019 seconds.
  path: Assets/Motorbike/URP/Materials/DebugMat.mat
  artifactKey: Guid(d3939110902dabc92983045b7d88af33) Importer(2089858483,192608db42251d675da83286b1cce702)
Start importing Assets/Motorbike/URP/Materials/DebugMat.mat using Guid(d3939110902dabc92983045b7d88af33) Importer(2089858483,192608db42251d675da83286b1cce702) (ScriptedImporter) -> (artifact id: 'd603538aec372c85bcff9486aa59cfee') in 0.0113299 seconds
Number of updated asset objects reloaded before import = 0Number of asset objects unloaded after import = 1

========================================================================
Received Import Request.
  Time since last request: 0.000022 seconds.
  path: Assets/Motorbike/Textures/RagRig/Ragdoll_Rig_model_Ragdoll_M_AlbedoTransparency.png
  artifactKey: Guid(e62bc04616f856b6c8bdd97dfcb83564) Importer(2089858483,192608db42251d675da83286b1cce702)
Start importing Assets/Motorbike/Textures/RagRig/Ragdoll_Rig_model_Ragdoll_M_AlbedoTransparency.png using Guid(e62bc04616f856b6c8bdd97dfcb83564) Importer(2089858483,192608db42251d675da83286b1cce702) (ScriptedImporter) -> (artifact id: 'a5164fb7962f98b3d6a90e01b4084085') in 0.0175267 seconds
Number of updated asset objects reloaded before import = 0Number of asset objects unloaded after import = 1

========================================================================
Received Import Request.
  Time since last request: 0.000014 seconds.
  path: Assets/Motorbike/HDRP/Models
  artifactKey: Guid(6eab5d0a934cc6c8aa2db60287530006) Importer(2089858483,192608db42251d675da83286b1cce702)
Start importing Assets/Motorbike/HDRP/Models using Guid(6eab5d0a934cc6c8aa2db60287530006) Importer(2089858483,192608db42251d675da83286b1cce702) (ScriptedImporter) -> (artifact id: '1368e22edb6346efd5ecbbf04c1a6d6b') in 0.0102756 seconds
Number of updated asset objects reloaded before import = 0Number of asset objects unloaded after import = 1

========================================================================
Received Import Request.
  Time since last request: 0.000017 seconds.
  path: Assets/Motorbike/HDRP/Scenes/BicycleScene_HDRP/Lightmap-11_comp_light.exr
  artifactKey: Guid(2fc7a09175bfd88718eccfe677e1e90a) Importer(2089858483,192608db42251d675da83286b1cce702)
Start importing Assets/Motorbike/HDRP/Scenes/BicycleScene_HDRP/Lightmap-11_comp_light.exr using Guid(2fc7a09175bfd88718eccfe677e1e90a) Importer(2089858483,192608db42251d675da83286b1cce702) (ScriptedImporter) -> (artifact id: '656791b9a2d65d18a0463e9f3ee130b8') in 0.0145327 seconds
Number of updated asset objects reloaded before import = 0Number of asset objects unloaded after import = 1

========================================================================
Received Import Request.
  Time since last request: 0.000017 seconds.
  path: Assets/Motorbike/Textures/RagRig/Ragdoll_Rig_model_Ragdoll_M_Normal.png
  artifactKey: Guid(6734e50beff56d7f5828dfe231586bbd) Importer(2089858483,192608db42251d675da83286b1cce702)
Start importing Assets/Motorbike/Textures/RagRig/Ragdoll_Rig_model_Ragdoll_M_Normal.png using Guid(6734e50beff56d7f5828dfe231586bbd) Importer(2089858483,192608db42251d675da83286b1cce702) (ScriptedImporter) -> (artifact id: 'c250cc5278d085272e6f76cefaef652c') in 0.0192611 seconds
Number of updated asset objects reloaded before import = 0Number of asset objects unloaded after import = 1

========================================================================
Received Import Request.
  Time since last request: 0.000015 seconds.
  path: Assets/Motorbike/HDRP/Prefabs/Motorbike_Piggo.prefab
  artifactKey: Guid(48943344de300245d8a509f672d0db59) Importer(2089858483,192608db42251d675da83286b1cce702)
Start importing Assets/Motorbike/HDRP/Prefabs/Motorbike_Piggo.prefab using Guid(48943344de300245d8a509f672d0db59) Importer(2089858483,192608db42251d675da83286b1cce702) (ScriptedImporter) -> (artifact id: '3661ff794026552aa0618226f7e2b2ff') in 0.018228 seconds
Number of updated asset objects reloaded before import = 0Number of asset objects unloaded after import = 77

========================================================================
Received Import Request.
  Time since last request: 0.000017 seconds.
  path: Assets/Motorbike/URP/Prefabs/Extras/Particles/SmokeParticles.prefab
  artifactKey: Guid(4d04fae4e5a2e95d799f0a4da46d373b) Importer(2089858483,192608db42251d675da83286b1cce702)
Start importing Assets/Motorbike/URP/Prefabs/Extras/Particles/SmokeParticles.prefab using Guid(4d04fae4e5a2e95d799f0a4da46d373b) Importer(2089858483,192608db42251d675da83286b1cce702) (ScriptedImporter) -> (artifact id: '60ddff585e1985d98c9ce7166fed4a08') in 0.0550374 seconds
Number of updated asset objects reloaded before import = 0Number of asset objects unloaded after import = 6

========================================================================
Received Import Request.
  Time since last request: 0.000017 seconds.
  path: Assets/Motorbike/HDRP/Scenes/BicycleScene_HDRP/Lightmap-1_comp_dir.png
  artifactKey: Guid(00bc6bf94fc96a5de8c7e2e210fea591) Importer(2089858483,192608db42251d675da83286b1cce702)
Start importing Assets/Motorbike/HDRP/Scenes/BicycleScene_HDRP/Lightmap-1_comp_dir.png using Guid(00bc6bf94fc96a5de8c7e2e210fea591) Importer(2089858483,192608db42251d675da83286b1cce702) (ScriptedImporter) -> (artifact id: 'e5632cbd38fff75e51a629d787097fbd') in 0.0161543 seconds
Number of updated asset objects reloaded before import = 0Number of asset objects unloaded after import = 1

========================================================================
Received Import Request.
  Time since last request: 0.000013 seconds.
  path: Assets/Motorbike/URP/Prefabs/Extras
  artifactKey: Guid(13bb2a03782765f38bc2906af4c3cecb) Importer(2089858483,192608db42251d675da83286b1cce702)
Start importing Assets/Motorbike/URP/Prefabs/Extras using Guid(13bb2a03782765f38bc2906af4c3cecb) Importer(2089858483,192608db42251d675da83286b1cce702) (ScriptedImporter) -> (artifact id: '90e91492939a8e21bfadc3d77446e4af') in 0.0077449 seconds
Number of updated asset objects reloaded before import = 0Number of asset objects unloaded after import = 1

========================================================================
Received Import Request.
  Time since last request: 0.000022 seconds.
  path: Assets/Motorbike/HDRP/Models/Rag_RIg_Model_HDRP.fbx
  artifactKey: Guid(e5efb24588fd5f1d58298a24df5ee158) Importer(2089858483,192608db42251d675da83286b1cce702)
Start importing Assets/Motorbike/HDRP/Models/Rag_RIg_Model_HDRP.fbx using Guid(e5efb24588fd5f1d58298a24df5ee158) Importer(2089858483,192608db42251d675da83286b1cce702) (ScriptedImporter) -> (artifact id: '8ef236231d39f90fa490f6b916af388e') in 0.0201185 seconds
Number of updated asset objects reloaded before import = 0Number of asset objects unloaded after import = 138

========================================================================
Received Import Request.
  Time since last request: 0.000013 seconds.
  path: Assets/Motorbike/HDRP/Materials/Scooter/Scooter_Mat_MaskMap.png
  artifactKey: Guid(9fe553b84ae7426f19dfc30f38f96bf5) Importer(2089858483,192608db42251d675da83286b1cce702)
Start importing Assets/Motorbike/HDRP/Materials/Scooter/Scooter_Mat_MaskMap.png using Guid(9fe553b84ae7426f19dfc30f38f96bf5) Importer(2089858483,192608db42251d675da83286b1cce702) (ScriptedImporter) -> (artifact id: '610c3469866d76acd9637508b9754b66') in 0.0145054 seconds
Number of updated asset objects reloaded before import = 0Number of asset objects unloaded after import = 1

========================================================================
Received Import Request.
  Time since last request: 0.000017 seconds.
  path: Assets/Prefabs/Cars/Motorbike_Piggo_Electric.prefab
  artifactKey: Guid(98f0ccb53c1672e4db493adaa73fb85d) Importer(2089858483,192608db42251d675da83286b1cce702)
Start importing Assets/Prefabs/Cars/Motorbike_Piggo_Electric.prefab using Guid(98f0ccb53c1672e4db493adaa73fb85d) Importer(2089858483,192608db42251d675da83286b1cce702) (ScriptedImporter) -> (artifact id: '4fbeb6c0a944a48b81fe41722c13176f') in 0.0180515 seconds
Number of updated asset objects reloaded before import = 0Number of asset objects unloaded after import = 35

========================================================================
Received Import Request.
  Time since last request: 0.000028 seconds.
  path: Assets/Motorbike/HDRP/Materials/Ragdoll_M_HDRP.mat
  artifactKey: Guid(462f5be070449dbeb84fb427e905e1ae) Importer(2089858483,192608db42251d675da83286b1cce702)
Start importing Assets/Motorbike/HDRP/Materials/Ragdoll_M_HDRP.mat using Guid(462f5be070449dbeb84fb427e905e1ae) Importer(2089858483,192608db42251d675da83286b1cce702) (ScriptedImporter) -> (artifact id: 'b373877ca76a981221fb978a2ca7a8a5') in 0.0121662 seconds
Number of updated asset objects reloaded before import = 0Number of asset objects unloaded after import = 1

========================================================================
Received Import Request.
  Time since last request: 0.000018 seconds.
  path: Assets/Motorbike
  artifactKey: Guid(f34cd0cd2ecdba74c8ef8e6482ffa606) Importer(2089858483,192608db42251d675da83286b1cce702)
Start importing Assets/Motorbike using Guid(f34cd0cd2ecdba74c8ef8e6482ffa606) Importer(2089858483,192608db42251d675da83286b1cce702) (ScriptedImporter) -> (artifact id: '6778113bf1af23fdc680f898297de8c1') in 0.0104811 seconds
Number of updated asset objects reloaded before import = 0Number of asset objects unloaded after import = 1

========================================================================
Received Import Request.
  Time since last request: 0.000018 seconds.
  path: Assets/Motorbike/Textures/Bicycle/Bicycle_albedo.png
  artifactKey: Guid(f397df5f037ae244f8c3be38c3a526e2) Importer(2089858483,192608db42251d675da83286b1cce702)
Start importing Assets/Motorbike/Textures/Bicycle/Bicycle_albedo.png using Guid(f397df5f037ae244f8c3be38c3a526e2) Importer(2089858483,192608db42251d675da83286b1cce702) (ScriptedImporter) -> (artifact id: 'a57259f3d4990fe7243d8f3a722ea894') in 0.0600261 seconds
Number of updated asset objects reloaded before import = 0Number of asset objects unloaded after import = 1

========================================================================
Received Import Request.
  Time since last request: 0.000017 seconds.
  path: Assets/Motorbike/URP/Scenes/BicycleScene_URP/Lightmap-1_comp_dir.png
  artifactKey: Guid(9c5b88f101da6f6ea8e820b3b415533c) Importer(2089858483,192608db42251d675da83286b1cce702)
Start importing Assets/Motorbike/URP/Scenes/BicycleScene_URP/Lightmap-1_comp_dir.png using Guid(9c5b88f101da6f6ea8e820b3b415533c) Importer(2089858483,192608db42251d675da83286b1cce702) (ScriptedImporter) -> (artifact id: '4cf8981b8d782a2cd159f34b6284eb8d') in 0.0169803 seconds
Number of updated asset objects reloaded before import = 0Number of asset objects unloaded after import = 1

========================================================================
Received Import Request.
  Time since last request: 0.000066 seconds.
  path: Assets/Motorbike/Textures/Motorbike/Motorbike_Piggo_LP_Piggo_Mat_Normal.png
  artifactKey: Guid(93ee044dc52e0514a801c2b3eb69e522) Importer(2089858483,192608db42251d675da83286b1cce702)
Start importing Assets/Motorbike/Textures/Motorbike/Motorbike_Piggo_LP_Piggo_Mat_Normal.png using Guid(93ee044dc52e0514a801c2b3eb69e522) Importer(2089858483,192608db42251d675da83286b1cce702) (ScriptedImporter) -> (artifact id: 'cb5f9266ed25f80165f11c4256ddfd66') in 0.0185917 seconds
Number of updated asset objects reloaded before import = 0Number of asset objects unloaded after import = 1

========================================================================
Received Import Request.
  Time since last request: 0.000014 seconds.
  path: Assets/Motorbike/HDRP/Materials/Motorbike/Piggo_Mat.mat
  artifactKey: Guid(6ca152dd3ec4ed6e3ad86734898e023a) Importer(2089858483,192608db42251d675da83286b1cce702)
Start importing Assets/Motorbike/HDRP/Materials/Motorbike/Piggo_Mat.mat using Guid(6ca152dd3ec4ed6e3ad86734898e023a) Importer(2089858483,192608db42251d675da83286b1cce702) (ScriptedImporter) -> (artifact id: '39396e06d6cf35de91b19ea9b5108aff') in 0.0169051 seconds
Number of updated asset objects reloaded before import = 0Number of asset objects unloaded after import = 6

========================================================================
Received Import Request.
  Time since last request: 0.000017 seconds.
  path: Assets/Motorbike/HDRP/Scenes/BicycleScene_HDRP/BicycleScene_HDRP Baking Set.asset
  artifactKey: Guid(b682fdc4faedf2b0aada58c17077b6bd) Importer(2089858483,192608db42251d675da83286b1cce702)
Start importing Assets/Motorbike/HDRP/Scenes/BicycleScene_HDRP/BicycleScene_HDRP Baking Set.asset using Guid(b682fdc4faedf2b0aada58c17077b6bd) Importer(2089858483,192608db42251d675da83286b1cce702) (ScriptedImporter) -> (artifact id: 'de6a9e39167f9868865c041f3a275fd0') in 0.0133865 seconds
Number of updated asset objects reloaded before import = 0Number of asset objects unloaded after import = 1

========================================================================
Received Import Request.
  Time since last request: 0.000017 seconds.
  path: Assets/Motorbike/URP/Scenes/BicycleScene_URP/Lightmap-6_comp_light.exr
  artifactKey: Guid(8c77236472eaac7938fa90c8bc5c8c80) Importer(2089858483,192608db42251d675da83286b1cce702)
Start importing Assets/Motorbike/URP/Scenes/BicycleScene_URP/Lightmap-6_comp_light.exr using Guid(8c77236472eaac7938fa90c8bc5c8c80) Importer(2089858483,192608db42251d675da83286b1cce702) (ScriptedImporter) -> (artifact id: 'c2adb130eeacc7b711198991961a1475') in 0.0172332 seconds
Number of updated asset objects reloaded before import = 0Number of asset objects unloaded after import = 1

========================================================================
Received Import Request.
  Time since last request: 0.004792 seconds.
  path: Assets/Motorbike/HDRP/Materials/Bicycle_2.0/Chain.mat
  artifactKey: Guid(852426f1ea31e2ab1a5c0859fd409527) Importer(2089858483,192608db42251d675da83286b1cce702)
Start importing Assets/Motorbike/HDRP/Materials/Bicycle_2.0/Chain.mat using Guid(852426f1ea31e2ab1a5c0859fd409527) Importer(2089858483,192608db42251d675da83286b1cce702) (ScriptedImporter) -> (artifact id: '5d5e77f29d376c895976065a2e873e72') in 0.0125955 seconds
Number of updated asset objects reloaded before import = 0Number of asset objects unloaded after import = 1

========================================================================
Received Import Request.
  Time since last request: 0.000014 seconds.
  path: Assets/Motorbike/HDRP/Prefabs/Extras
  artifactKey: Guid(c3df3e582443d93ff9b92f65ada7a9a7) Importer(2089858483,192608db42251d675da83286b1cce702)
Start importing Assets/Motorbike/HDRP/Prefabs/Extras using Guid(c3df3e582443d93ff9b92f65ada7a9a7) Importer(2089858483,192608db42251d675da83286b1cce702) (ScriptedImporter) -> (artifact id: 'd307b3d0d5865d96d66d567160bd3ef6') in 0.0090277 seconds
Number of updated asset objects reloaded before import = 0Number of asset objects unloaded after import = 1

========================================================================
Received Import Request.
  Time since last request: 0.000016 seconds.
  path: Assets/Motorbike/HDRP/Scenes/BicycleScene_HDRP/Lightmap-5_comp_light.exr
  artifactKey: Guid(6a3528444cbbc2b1798b774a6dde384d) Importer(2089858483,192608db42251d675da83286b1cce702)
Start importing Assets/Motorbike/HDRP/Scenes/BicycleScene_HDRP/Lightmap-5_comp_light.exr using Guid(6a3528444cbbc2b1798b774a6dde384d) Importer(2089858483,192608db42251d675da83286b1cce702) (ScriptedImporter) -> (artifact id: '6372b380439126eb9fd87ca761a55178') in 0.0160599 seconds
Number of updated asset objects reloaded before import = 0Number of asset objects unloaded after import = 1

========================================================================
Received Import Request.
  Time since last request: 0.000016 seconds.
  path: Assets/Motorbike/HDRP/Materials/Motorbike
  artifactKey: Guid(fae5e876daa9b347fa35ac16b645dc01) Importer(2089858483,192608db42251d675da83286b1cce702)
Start importing Assets/Motorbike/HDRP/Materials/Motorbike using Guid(fae5e876daa9b347fa35ac16b645dc01) Importer(2089858483,192608db42251d675da83286b1cce702) (ScriptedImporter) -> (artifact id: 'd734ce88a46f93baba81036f279b3d90') in 0.0105271 seconds
Number of updated asset objects reloaded before import = 0Number of asset objects unloaded after import = 1

========================================================================
Received Import Request.
  Time since last request: 0.000027 seconds.
  path: Assets/Motorbike/URP/Materials/Motorbike/Piggo_Mat.mat
  artifactKey: Guid(853c96b358de102b782a593bf1e250f3) Importer(2089858483,192608db42251d675da83286b1cce702)
Start importing Assets/Motorbike/URP/Materials/Motorbike/Piggo_Mat.mat using Guid(853c96b358de102b782a593bf1e250f3) Importer(2089858483,192608db42251d675da83286b1cce702) (ScriptedImporter) -> (artifact id: '34c9819a0aafc9b9c9893f2a1f184ca0') in 0.018544 seconds
Number of updated asset objects reloaded before import = 0Number of asset objects unloaded after import = 6

========================================================================
Received Import Request.
  Time since last request: 0.000016 seconds.
  path: Assets/Motorbike/HDRP/Prefabs
  artifactKey: Guid(95f717c2227b85e6e9a0d4ded00147c7) Importer(2089858483,192608db42251d675da83286b1cce702)
Start importing Assets/Motorbike/HDRP/Prefabs using Guid(95f717c2227b85e6e9a0d4ded00147c7) Importer(2089858483,192608db42251d675da83286b1cce702) (ScriptedImporter) -> (artifact id: '322b770ab6f92a96bc271fe1dc830327') in 0.0095531 seconds
Number of updated asset objects reloaded before import = 0Number of asset objects unloaded after import = 1

========================================================================
Received Import Request.
  Time since last request: 0.000016 seconds.
  path: Assets/Motorbike/URP/Prefabs/Extras/Particles
  artifactKey: Guid(1e4c5cdd5b938f35ab08741f8df9f212) Importer(2089858483,192608db42251d675da83286b1cce702)
Start importing Assets/Motorbike/URP/Prefabs/Extras/Particles using Guid(1e4c5cdd5b938f35ab08741f8df9f212) Importer(2089858483,192608db42251d675da83286b1cce702) (ScriptedImporter) -> (artifact id: '54519b3a58dd3e5701f547ee8fc92744') in 0.0097396 seconds
Number of updated asset objects reloaded before import = 0Number of asset objects unloaded after import = 1

========================================================================
Received Import Request.
  Time since last request: 0.000016 seconds.
  path: Assets/Motorbike/URP/Scenes/BicycleScene_URP/Lightmap-0_comp_dir.png
  artifactKey: Guid(c251a52719bdbaccba95f63a56a86d8d) Importer(2089858483,192608db42251d675da83286b1cce702)
Start importing Assets/Motorbike/URP/Scenes/BicycleScene_URP/Lightmap-0_comp_dir.png using Guid(c251a52719bdbaccba95f63a56a86d8d) Importer(2089858483,192608db42251d675da83286b1cce702) (ScriptedImporter) -> (artifact id: '7bcd5ffa9346c8de2305a92e8e655b06') in 0.0161811 seconds
Number of updated asset objects reloaded before import = 0Number of asset objects unloaded after import = 1

========================================================================
Received Import Request.
  Time since last request: 0.000026 seconds.
  path: Assets/Motorbike/URP/Scenes/BicycleScene_URP/Lightmap-4_comp_dir.png
  artifactKey: Guid(c82b4673f86ff95b5a6c5c366ae0f7ba) Importer(2089858483,192608db42251d675da83286b1cce702)
Start importing Assets/Motorbike/URP/Scenes/BicycleScene_URP/Lightmap-4_comp_dir.png using Guid(c82b4673f86ff95b5a6c5c366ae0f7ba) Importer(2089858483,192608db42251d675da83286b1cce702) (ScriptedImporter) -> (artifact id: '6bb225b17d0d3c464f75f109d98955e6') in 0.0170394 seconds
Number of updated asset objects reloaded before import = 0Number of asset objects unloaded after import = 1

========================================================================
Received Import Request.
  Time since last request: 0.000017 seconds.
  path: Assets/Motorbike/HDRP/Scenes/BicycleScene_HDRP/Lightmap-8_comp_dir.png
  artifactKey: Guid(58408b41d76292ed0867bf0f7955ae91) Importer(2089858483,192608db42251d675da83286b1cce702)
Start importing Assets/Motorbike/HDRP/Scenes/BicycleScene_HDRP/Lightmap-8_comp_dir.png using Guid(58408b41d76292ed0867bf0f7955ae91) Importer(2089858483,192608db42251d675da83286b1cce702) (ScriptedImporter) -> (artifact id: '5b457c1721e4160200dad8a87f25ca50') in 0.015592 seconds
Number of updated asset objects reloaded before import = 0Number of asset objects unloaded after import = 1

========================================================================
Received Import Request.
  Time since last request: 0.000018 seconds.
  path: Assets/Motorbike/HDRP/Prefabs/WithRIgs/Motorbike_Piggo_Rig.prefab
  artifactKey: Guid(3ee19743ead3499caa9f73eb7be922a1) Importer(2089858483,192608db42251d675da83286b1cce702)
Start importing Assets/Motorbike/HDRP/Prefabs/WithRIgs/Motorbike_Piggo_Rig.prefab using Guid(3ee19743ead3499caa9f73eb7be922a1) Importer(2089858483,192608db42251d675da83286b1cce702) (ScriptedImporter) -> (artifact id: '6d1080a9df0e09b6bd5cf5483c43ce58') in 0.0225296 seconds
Number of updated asset objects reloaded before import = 0Number of asset objects unloaded after import = 253

========================================================================
Received Import Request.
  Time since last request: 0.000019 seconds.
  path: Assets/Motorbike/URP/Scenes/BicycleScene_URP/Lightmap-10_comp_light.exr
  artifactKey: Guid(7d182e55d97c880748169400152b8921) Importer(2089858483,192608db42251d675da83286b1cce702)
Start importing Assets/Motorbike/URP/Scenes/BicycleScene_URP/Lightmap-10_comp_light.exr using Guid(7d182e55d97c880748169400152b8921) Importer(2089858483,192608db42251d675da83286b1cce702) (ScriptedImporter) -> (artifact id: '44be9780ffe77981b62239b08ca051ed') in 0.0162272 seconds
Number of updated asset objects reloaded before import = 0Number of asset objects unloaded after import = 1

========================================================================
Received Import Request.
  Time since last request: 0.000021 seconds.
  path: Assets/Motorbike/HDRP/Scenes/BicycleScene_HDRP/Lightmap-7_comp_light.exr
  artifactKey: Guid(4a2a4800e86ca6d92be7bba5f74eb1e2) Importer(2089858483,192608db42251d675da83286b1cce702)
Start importing Assets/Motorbike/HDRP/Scenes/BicycleScene_HDRP/Lightmap-7_comp_light.exr using Guid(4a2a4800e86ca6d92be7bba5f74eb1e2) Importer(2089858483,192608db42251d675da83286b1cce702) (ScriptedImporter) -> (artifact id: 'be5910e288251be7ddb96c0f6d97260a') in 0.0169611 seconds
Number of updated asset objects reloaded before import = 0Number of asset objects unloaded after import = 1

========================================================================
Received Import Request.
  Time since last request: 0.000017 seconds.
  path: Assets/Motorbike/URP/Materials/Bicycle
  artifactKey: Guid(3b115e3c21fdd478f8d2e50f7a9932d6) Importer(2089858483,192608db42251d675da83286b1cce702)
Start importing Assets/Motorbike/URP/Materials/Bicycle using Guid(3b115e3c21fdd478f8d2e50f7a9932d6) Importer(2089858483,192608db42251d675da83286b1cce702) (ScriptedImporter) -> (artifact id: '4f7851e58dacbeb5ff17da4452666c0f') in 0.0089637 seconds
Number of updated asset objects reloaded before import = 0Number of asset objects unloaded after import = 1

========================================================================
Received Import Request.
  Time since last request: 0.000018 seconds.
  path: Assets/Motorbike/URP/Prefabs/Motorbike_Piggo.prefab
  artifactKey: Guid(67b2a38db12112a5c90c73092094fa64) Importer(2089858483,192608db42251d675da83286b1cce702)
Start importing Assets/Motorbike/URP/Prefabs/Motorbike_Piggo.prefab using Guid(67b2a38db12112a5c90c73092094fa64) Importer(2089858483,192608db42251d675da83286b1cce702) (ScriptedImporter) -> (artifact id: '288d62b20970057f5c3991c677dbdd79') in 0.0166642 seconds
Number of updated asset objects reloaded before import = 0Number of asset objects unloaded after import = 82

========================================================================
Received Import Request.
  Time since last request: 0.000015 seconds.
  path: Assets/Motorbike/HDRP/Prefabs/WithRIgs
  artifactKey: Guid(0b9fa822331ea03a3aa035281daa2652) Importer(2089858483,192608db42251d675da83286b1cce702)
Start importing Assets/Motorbike/HDRP/Prefabs/WithRIgs using Guid(0b9fa822331ea03a3aa035281daa2652) Importer(2089858483,192608db42251d675da83286b1cce702) (ScriptedImporter) -> (artifact id: '1e3a1e7d382c731315661db618a38ec6') in 0.0105736 seconds
Number of updated asset objects reloaded before import = 0Number of asset objects unloaded after import = 1

========================================================================
Received Import Request.
  Time since last request: 0.000015 seconds.
  path: Assets/Motorbike/URP/Prefabs/WithRIgs/Motorbike_Piggo_Electric_Rig.prefab
  artifactKey: Guid(8be1c0e0fa3f95de0b6425c4047b8e0e) Importer(2089858483,192608db42251d675da83286b1cce702)
Start importing Assets/Motorbike/URP/Prefabs/WithRIgs/Motorbike_Piggo_Electric_Rig.prefab using Guid(8be1c0e0fa3f95de0b6425c4047b8e0e) Importer(2089858483,192608db42251d675da83286b1cce702) (ScriptedImporter) -> (artifact id: 'ea4ea8cece4e1b5681ff0ac63e9a9686') in 0.0217356 seconds
Number of updated asset objects reloaded before import = 0Number of asset objects unloaded after import = 262

========================================================================
Received Import Request.
  Time since last request: 0.000022 seconds.
  path: Assets/Motorbike/HDRP/Prefabs/WithRIgs/Bicycle_2.0._Rig.prefab
  artifactKey: Guid(f55b3d6e26c6a5e228c295fb590fec39) Importer(2089858483,192608db42251d675da83286b1cce702)
Start importing Assets/Motorbike/HDRP/Prefabs/WithRIgs/Bicycle_2.0._Rig.prefab using Guid(f55b3d6e26c6a5e228c295fb590fec39) Importer(2089858483,192608db42251d675da83286b1cce702) (ScriptedImporter) -> (artifact id: '9efeb509461b99ef31666e44c6a23fbc') in 0.0204103 seconds
Number of updated asset objects reloaded before import = 0Number of asset objects unloaded after import = 318

========================================================================
Received Import Request.
  Time since last request: 0.000028 seconds.
  path: Assets/Motorbike/HDRP/Scenes/BicycleScene_HDRP/Lightmap-7_comp_dir.png
  artifactKey: Guid(a92ffab07db1a30cc87a1f1415b8830b) Importer(2089858483,192608db42251d675da83286b1cce702)
Start importing Assets/Motorbike/HDRP/Scenes/BicycleScene_HDRP/Lightmap-7_comp_dir.png using Guid(a92ffab07db1a30cc87a1f1415b8830b) Importer(2089858483,192608db42251d675da83286b1cce702) (ScriptedImporter) -> (artifact id: 'e1fe1e496addc2d0f876cc6ccb3162b4') in 0.0174249 seconds
Number of updated asset objects reloaded before import = 0Number of asset objects unloaded after import = 1

========================================================================
Received Import Request.
  Time since last request: 0.000018 seconds.
  path: Assets/Motorbike/Textures/Motorbike/Motorbike_Piggo_LP_Piggo_Mat_Emission.png
  artifactKey: Guid(a2c72f3bcdb3befc98ca1168976be00d) Importer(2089858483,192608db42251d675da83286b1cce702)
Start importing Assets/Motorbike/Textures/Motorbike/Motorbike_Piggo_LP_Piggo_Mat_Emission.png using Guid(a2c72f3bcdb3befc98ca1168976be00d) Importer(2089858483,192608db42251d675da83286b1cce702) (ScriptedImporter) -> (artifact id: '248df31aac987771980c141ad4cb0e66') in 0.019512 seconds
Number of updated asset objects reloaded before import = 0Number of asset objects unloaded after import = 1

========================================================================
Received Import Request.
  Time since last request: 0.000035 seconds.
  path: Assets/Motorbike/HDRP/Scenes/BicycleScene_HDRP/Lightmap-10_comp_light.exr
  artifactKey: Guid(7a96f734e18f985639e5cf22009cfea2) Importer(2089858483,192608db42251d675da83286b1cce702)
Start importing Assets/Motorbike/HDRP/Scenes/BicycleScene_HDRP/Lightmap-10_comp_light.exr using Guid(7a96f734e18f985639e5cf22009cfea2) Importer(2089858483,192608db42251d675da83286b1cce702) (ScriptedImporter) -> (artifact id: '431d3be9dd2bcccc5ad7d5c8315f1af3') in 0.0192583 seconds
Number of updated asset objects reloaded before import = 0Number of asset objects unloaded after import = 1

========================================================================
Received Import Request.
  Time since last request: 0.000016 seconds.
  path: Assets/Motorbike/Textures/Bicycle/Bicycle_metallic.png
  artifactKey: Guid(e5d994129e8e74c4aa7e5bf534e40ddc) Importer(2089858483,192608db42251d675da83286b1cce702)
Start importing Assets/Motorbike/Textures/Bicycle/Bicycle_metallic.png using Guid(e5d994129e8e74c4aa7e5bf534e40ddc) Importer(2089858483,192608db42251d675da83286b1cce702) (ScriptedImporter) -> (artifact id: '23dad76f079835302be9b7e2edd8871e') in 0.0515722 seconds
Number of updated asset objects reloaded before import = 0Number of asset objects unloaded after import = 1

========================================================================
Received Import Request.
  Time since last request: 45.016013 seconds.
  path: Assets/Scenes/Prototype_1/Prototype_1_Game.unity
  artifactKey: Guid(97cbf9dd86ed1344398437f94afd520c) Importer(2089858483,192608db42251d675da83286b1cce702)
Start importing Assets/Scenes/Prototype_1/Prototype_1_Game.unity using Guid(97cbf9dd86ed1344398437f94afd520c) Importer(2089858483,192608db42251d675da83286b1cce702) (ScriptedImporter) -> (artifact id: 'beb929e2426bd3a2de3891fe09b4ed30') in 0.0146974 seconds
Number of updated asset objects reloaded before import = 0Number of asset objects unloaded after import = 1

========================================================================
Received Prepare
Begin MonoManager ReloadAssembly
[Licensing::Client] Successfully resolved entitlement details
- Loaded All Assemblies, in  0.505 seconds
Refreshing native plugins compatible for Editor in 0.75 ms, found 3 plugins.
Native extension for WindowsStandalone target not found
Native extension for WebGL target not found
[Package Manager] Failed to launch server process. Reason: Unity was launched with the -noUpm command-line argument
[Package Manager] Unable to send message (not connected to server process).
[Package Manager] Cannot connect to Unity Package Manager local server
Mono: successfully reloaded assembly
- Finished resetting the current domain, in  0.412 seconds
Domain Reload Profiling: 913ms
	BeginReloadAssembly (181ms)
		ExecutionOrderSort (0ms)
		DisableScriptedObjects (5ms)
		BackupInstance (0ms)
		ReleaseScriptingObjects (0ms)
		CreateAndSetChildDomain (37ms)
	RebuildCommonClasses (25ms)
	RebuildNativeTypeToScriptingClass (8ms)
	initialDomainReloadingComplete (31ms)
	LoadAllAssembliesAndSetupDomain (256ms)
		LoadAssemblies (254ms)
		RebuildTransferFunctionScriptingTraits (0ms)
		AnalyzeDomain (99ms)
			TypeCache.Refresh (4ms)
				TypeCache.ScanAssembly (0ms)
			BuildScriptInfoCaches (89ms)
			ResolveRequiredComponents (3ms)
	FinalizeReload (412ms)
		ReleaseScriptCaches (0ms)
		RebuildScriptCaches (0ms)
		SetupLoadedEditorAssemblies (332ms)
			LogAssemblyErrors (0ms)
			InitializePlatformSupportModulesInManaged (2ms)
			SetLoadedEditorAssemblies (4ms)
			BeforeProcessingInitializeOnLoad (87ms)
			ProcessInitializeOnLoadAttributes (208ms)
			ProcessInitializeOnLoadMethodAttributes (16ms)
			AfterProcessingInitializeOnLoad (15ms)
			EditorAssembliesLoaded (0ms)
		ExecutionOrderSort2 (0ms)
		AwakeInstancesAfterBackupRestoration (6ms)
Refreshing native plugins compatible for Editor in 0.74 ms, found 3 plugins.
Preloading 0 native plugins for Editor in 0.00 ms.
Unloading 12 Unused Serialized files (Serialized files now loaded: 0)
Unloading 3977 unused Assets / (2.7 MB). Loaded Objects now: 4562.
Memory consumption went from 103.8 MB to 101.1 MB.
Total: 5.208800 ms (FindLiveObjects: 0.397600 ms CreateObjectMapping: 0.277400 ms MarkObjects: 3.428100 ms  DeleteObjects: 1.104800 ms)

Prepare: number of updated asset objects reloaded= 0
========================================================================
Received Prepare
Begin MonoManager ReloadAssembly
- Loaded All Assemblies, in  0.475 seconds
Refreshing native plugins compatible for Editor in 0.77 ms, found 3 plugins.
Native extension for WindowsStandalone target not found
Native extension for WebGL target not found
[Package Manager] Failed to launch server process. Reason: Unity was launched with the -noUpm command-line argument
[Package Manager] Unable to send message (not connected to server process).
[Package Manager] Cannot connect to Unity Package Manager local server
Mono: successfully reloaded assembly
- Finished resetting the current domain, in  0.434 seconds
Domain Reload Profiling: 905ms
	BeginReloadAssembly (167ms)
		ExecutionOrderSort (0ms)
		DisableScriptedObjects (4ms)
		BackupInstance (0ms)
		ReleaseScriptingObjects (0ms)
		CreateAndSetChildDomain (32ms)
	RebuildCommonClasses (24ms)
	RebuildNativeTypeToScriptingClass (8ms)
	initialDomainReloadingComplete (26ms)
	LoadAllAssembliesAndSetupDomain (245ms)
		LoadAssemblies (244ms)
		RebuildTransferFunctionScriptingTraits (0ms)
		AnalyzeDomain (93ms)
			TypeCache.Refresh (4ms)
				TypeCache.ScanAssembly (0ms)
			BuildScriptInfoCaches (82ms)
			ResolveRequiredComponents (3ms)
	FinalizeReload (435ms)
		ReleaseScriptCaches (0ms)
		RebuildScriptCaches (0ms)
		SetupLoadedEditorAssemblies (351ms)
			LogAssemblyErrors (0ms)
			InitializePlatformSupportModulesInManaged (2ms)
			SetLoadedEditorAssemblies (3ms)
			BeforeProcessingInitializeOnLoad (89ms)
			ProcessInitializeOnLoadAttributes (222ms)
			ProcessInitializeOnLoadMethodAttributes (18ms)
			AfterProcessingInitializeOnLoad (16ms)
			EditorAssembliesLoaded (0ms)
		ExecutionOrderSort2 (0ms)
		AwakeInstancesAfterBackupRestoration (5ms)
Refreshing native plugins compatible for Editor in 1.01 ms, found 3 plugins.
Preloading 0 native plugins for Editor in 0.00 ms.
Unloading 12 Unused Serialized files (Serialized files now loaded: 0)
Unloading 3977 unused Assets / (2.8 MB). Loaded Objects now: 4563.
Memory consumption went from 103.8 MB to 101.0 MB.
Total: 5.937600 ms (FindLiveObjects: 0.438000 ms CreateObjectMapping: 0.412000 ms MarkObjects: 3.791000 ms  DeleteObjects: 1.295800 ms)

Prepare: number of updated asset objects reloaded= 0
========================================================================
Received Prepare
Begin MonoManager ReloadAssembly
[Licensing::Client] Successfully resolved entitlement details
- Loaded All Assemblies, in  0.483 seconds
Refreshing native plugins compatible for Editor in 0.76 ms, found 3 plugins.
Native extension for WindowsStandalone target not found
Native extension for WebGL target not found
[Package Manager] Failed to launch server process. Reason: Unity was launched with the -noUpm command-line argument
[Package Manager] Unable to send message (not connected to server process).
[Package Manager] Cannot connect to Unity Package Manager local server
Mono: successfully reloaded assembly
- Finished resetting the current domain, in  0.457 seconds
Domain Reload Profiling: 935ms
	BeginReloadAssembly (171ms)
		ExecutionOrderSort (0ms)
		DisableScriptedObjects (4ms)
		BackupInstance (0ms)
		ReleaseScriptingObjects (0ms)
		CreateAndSetChildDomain (31ms)
	RebuildCommonClasses (24ms)
	RebuildNativeTypeToScriptingClass (8ms)
	initialDomainReloadingComplete (26ms)
	LoadAllAssembliesAndSetupDomain (248ms)
		LoadAssemblies (248ms)
		RebuildTransferFunctionScriptingTraits (0ms)
		AnalyzeDomain (95ms)
			TypeCache.Refresh (4ms)
				TypeCache.ScanAssembly (0ms)
			BuildScriptInfoCaches (85ms)
			ResolveRequiredComponents (3ms)
	FinalizeReload (458ms)
		ReleaseScriptCaches (0ms)
		RebuildScriptCaches (0ms)
		SetupLoadedEditorAssemblies (372ms)
			LogAssemblyErrors (0ms)
			InitializePlatformSupportModulesInManaged (2ms)
			SetLoadedEditorAssemblies (4ms)
			BeforeProcessingInitializeOnLoad (94ms)
			ProcessInitializeOnLoadAttributes (236ms)
			ProcessInitializeOnLoadMethodAttributes (18ms)
			AfterProcessingInitializeOnLoad (17ms)
			EditorAssembliesLoaded (0ms)
		ExecutionOrderSort2 (0ms)
		AwakeInstancesAfterBackupRestoration (5ms)
Refreshing native plugins compatible for Editor in 0.91 ms, found 3 plugins.
Preloading 0 native plugins for Editor in 0.00 ms.
Unloading 12 Unused Serialized files (Serialized files now loaded: 0)
Unloading 3977 unused Assets / (2.8 MB). Loaded Objects now: 4564.
Memory consumption went from 103.8 MB to 101.0 MB.
Total: 5.780700 ms (FindLiveObjects: 0.424300 ms CreateObjectMapping: 0.212600 ms MarkObjects: 3.915400 ms  DeleteObjects: 1.227200 ms)

Prepare: number of updated asset objects reloaded= 0
