[Licensing::Module] Trying to connect to existing licensing client channel...
Built from '6000.2/staging' branch; Version is '6000.2.10f1 (d3d30d158480) revision 13882125'; Using compiler version '194234433'; Build Type 'Release'
OS: 'Windows 11  (10.0.26200) 64bit Core' Language: 'en' Physical Memory: 31907 MB
[Licensing::IpcConnector] Successfully connected to: "LicenseClient-tjsti" at "2025-11-19T03:40:59.5559261Z"
BatchMode: 1, IsHumanControllingUs: 0, StartBugReporterOnCrash: 0, Is64bit: 1
Date: 2025-11-19T03:40:59Z

COMMAND LINE ARGUMENTS:
C:\Program Files\Unity\Hub\Editor\6000.2.10f1\Editor\Unity.exe
-adb2
-batchMode
-noUpm
-name
AssetImportWorker4
-projectPath
D:/GitHub/Game_Off_2025_stiletj/Game_Off_2025_stiletj
-logFile
Logs/AssetImportWorker4.log
-srvPort
50865
-licensingIpc
LicenseClient-tjsti
-job-worker-count
5
-background-job-worker-count
8
-gc-helper-count
1
-name
AssetImport
Successfully changed project path to: D:/GitHub/Game_Off_2025_stiletj/Game_Off_2025_stiletj
D:/GitHub/Game_Off_2025_stiletj/Game_Off_2025_stiletj
[UnityMemory] Configuration Parameters - Can be set up in boot.config
    "memorysetup-allocator-temp-initial-block-size-main=262144"
    "memorysetup-allocator-temp-initial-block-size-worker=262144"
    "memorysetup-bucket-allocator-granularity=16"
    "memorysetup-bucket-allocator-bucket-count=8"
    "memorysetup-bucket-allocator-block-size=33554432"
    "memorysetup-bucket-allocator-block-count=8"
    "memorysetup-main-allocator-block-size=16777216"
    "memorysetup-thread-allocator-block-size=16777216"
    "memorysetup-gfx-main-allocator-block-size=16777216"
    "memorysetup-gfx-thread-allocator-block-size=16777216"
    "memorysetup-cache-allocator-block-size=4194304"
    "memorysetup-typetree-allocator-block-size=2097152"
    "memorysetup-profiler-bucket-allocator-granularity=16"
    "memorysetup-profiler-bucket-allocator-bucket-count=8"
    "memorysetup-profiler-bucket-allocator-block-size=33554432"
    "memorysetup-profiler-bucket-allocator-block-count=8"
    "memorysetup-profiler-allocator-block-size=16777216"
    "memorysetup-profiler-editor-allocator-block-size=1048576"
    "memorysetup-temp-allocator-size-main=16777216"
    "memorysetup-job-temp-allocator-block-size=2097152"
    "memorysetup-job-temp-allocator-block-size-background=1048576"
    "memorysetup-job-temp-allocator-reduction-small-platforms=262144"
    "memorysetup-temp-allocator-size-background-worker=32768"
    "memorysetup-temp-allocator-size-job-worker=262144"
    "memorysetup-temp-allocator-size-preload-manager=33554432"
    "memorysetup-temp-allocator-size-nav-mesh-worker=65536"
    "memorysetup-temp-allocator-size-audio-worker=65536"
    "memorysetup-temp-allocator-size-cloud-worker=32768"
    "memorysetup-temp-allocator-size-gi-baking-worker=262144"
    "memorysetup-temp-allocator-size-gi-baking-worker=262144"
    "memorysetup-temp-allocator-size-gi-baking-worker=262144"
    "memorysetup-temp-allocator-size-gi-baking-worker=262144"
    "memorysetup-temp-allocator-size-gi-baking-worker=262144"
    "memorysetup-temp-allocator-size-gfx=262144"
Player connection [22612]  Target information:

Player connection [22612]  * "[IP] 192.168.1.13 [Port] 0 [Flags] 2 [Guid] 4009904449 [EditorId] 4009904449 [Version] 1048832 [Id] WindowsEditor(7,DESKTOP-LF7TL84) [Debug] 1 [PackageName] WindowsEditor [ProjectName] Editor" 

Player connection [22612] Host joined multi-casting on [225.0.0.222:54997]...
Player connection [22612] Host joined alternative multi-casting on [225.0.0.222:34997]...
JobSystem: Creating JobQueue using job-worker-count value 5
Input System module state changed to: Initialized.
[Physics::Module] Initialized fallback backend.
[Physics::Module] Id: 0xdecafbad
[Licensing::Client] Code 10 while verifying Licensing Client signature (process Id: 12648, path: "E:/Program Files/Unity Hub/UnityLicensingClient_V1/Unity.Licensing.Client.exe")
[Licensing::Module] LicensingClient has failed validation; ignoring
[Licensing::Client] Handshaking with LicensingClient:
  Version:                 1.17.3+a4e98f1
  Session Id:              0fd2879b10844bdb99d939a4f45a4307
  Correlation Id:          e19afc197b4ab1c3e25089f6dd02e4b2
  External correlation Id: 3120665424278414332
  Machine Id:              Yqc9Pp7mrMyHURR/lnWXCv168Ks=
[Licensing::Module] Successfully connected to LicensingClient on channel: "LicenseClient-tjsti" (connect: 0.00s, validation: 0.00s, handshake: 0.03s)
[Licensing::IpcConnector] Successfully connected to: "LicenseClient-tjsti-notifications" at "2025-11-19T03:40:59.5855302Z"
[Licensing::Module] Licensing Background thread has ended after 0.03s
Library Redirect Path: Library/
[Physics::Module] Selected backend.
[Physics::Module] Name: PhysX
[Physics::Module] Id: 0xf2b8ea05
[Physics::Module] SDK Version: 4.1.2
[Physics::Module] Integration Version: 1.0.0
[Physics::Module] Threading Mode: Multi-Threaded
Refreshing native plugins compatible for Editor in 1.85 ms, found 3 plugins.
Preloading 0 native plugins for Editor in 0.00 ms.
Initialize engine version: 6000.2.10f1 (d3d30d158480)
[Subsystems] Discovering subsystems at path C:/Program Files/Unity/Hub/Editor/6000.2.10f1/Editor/Data/Resources/UnitySubsystems
[Subsystems] Discovering subsystems at path D:/GitHub/Game_Off_2025_stiletj/Game_Off_2025_stiletj/Assets
GfxDevice: creating device client; kGfxThreadingModeNonThreaded
Direct3D:
    Version:  Direct3D 11.0 [level 11.1]
    Renderer: NVIDIA GeForce RTX 3060 Ti (ID=0x2489)
    Vendor:   NVIDIA
    VRAM:     8024 MB
    Driver:   32.0.15.8142
Initialize mono
Mono path[0] = 'C:/Program Files/Unity/Hub/Editor/6000.2.10f1/Editor/Data/Managed'
Mono path[1] = 'C:/Program Files/Unity/Hub/Editor/6000.2.10f1/Editor/Data/MonoBleedingEdge/lib/mono/unityjit-win32'
Mono config path = 'C:/Program Files/Unity/Hub/Editor/6000.2.10f1/Editor/Data/MonoBleedingEdge/etc'
Using monoOptions --debugger-agent=transport=dt_socket,embedding=1,server=y,suspend=n,address=127.0.0.1:56488
Begin MonoManager ReloadAssembly
Registering precompiled unity dll's ...
Register platform support module: C:/Program Files/Unity/Hub/Editor/6000.2.10f1/Editor/Data/PlaybackEngines/WebGLSupport/UnityEditor.WebGL.Extensions.dll
Register platform support module: C:/Program Files/Unity/Hub/Editor/6000.2.10f1/Editor/Data/PlaybackEngines/WindowsStandaloneSupport/UnityEditor.WindowsStandalone.Extensions.dll
Registered in 0.003475 seconds.
- Loaded All Assemblies, in  0.308 seconds
Native extension for WindowsStandalone target not found
Native extension for WebGL target not found
Mono: successfully reloaded assembly
- Finished resetting the current domain, in  0.218 seconds
Domain Reload Profiling: 520ms
	BeginReloadAssembly (119ms)
		ExecutionOrderSort (0ms)
		DisableScriptedObjects (0ms)
		BackupInstance (0ms)
		ReleaseScriptingObjects (0ms)
		CreateAndSetChildDomain (1ms)
	RebuildCommonClasses (26ms)
	RebuildNativeTypeToScriptingClass (8ms)
	initialDomainReloadingComplete (41ms)
	LoadAllAssembliesAndSetupDomain (108ms)
		LoadAssemblies (113ms)
		RebuildTransferFunctionScriptingTraits (0ms)
		AnalyzeDomain (105ms)
			TypeCache.Refresh (104ms)
				TypeCache.ScanAssembly (95ms)
			BuildScriptInfoCaches (0ms)
			ResolveRequiredComponents (0ms)
	FinalizeReload (218ms)
		ReleaseScriptCaches (0ms)
		RebuildScriptCaches (0ms)
		SetupLoadedEditorAssemblies (193ms)
			LogAssemblyErrors (0ms)
			InitializePlatformSupportModulesInManaged (38ms)
			SetLoadedEditorAssemblies (2ms)
			BeforeProcessingInitializeOnLoad (38ms)
			ProcessInitializeOnLoadAttributes (76ms)
			ProcessInitializeOnLoadMethodAttributes (38ms)
			AfterProcessingInitializeOnLoad (0ms)
			EditorAssembliesLoaded (0ms)
		ExecutionOrderSort2 (0ms)
		AwakeInstancesAfterBackupRestoration (0ms)
========================================================================
Worker process is ready to serve import requests
Import Worker Mode flag is 0x00
Begin MonoManager ReloadAssembly
[Licensing::Client] Successfully resolved entitlement details
[Licensing::Module] License group:
  Id: 16767583102591-UnityPersXXXX
  Product: Unity Personal
  Type: Assigned
  Expiration: Unlimited
- Loaded All Assemblies, in  0.506 seconds
Refreshing native plugins compatible for Editor in 0.85 ms, found 3 plugins.
Native extension for WindowsStandalone target not found
Native extension for WebGL target not found
Package Manager log level set to [2]
[Package Manager] Failed to launch server process. Reason: Unity was launched with the -noUpm command-line argument
[Package Manager] Unable to send message (not connected to server process).
[Package Manager] Cannot connect to Unity Package Manager local server
Mono: successfully reloaded assembly
- Finished resetting the current domain, in  0.384 seconds
Domain Reload Profiling: 884ms
	BeginReloadAssembly (144ms)
		ExecutionOrderSort (0ms)
		DisableScriptedObjects (4ms)
		BackupInstance (0ms)
		ReleaseScriptingObjects (0ms)
		CreateAndSetChildDomain (23ms)
	RebuildCommonClasses (25ms)
	RebuildNativeTypeToScriptingClass (8ms)
	initialDomainReloadingComplete (32ms)
	LoadAllAssembliesAndSetupDomain (290ms)
		LoadAssemblies (243ms)
		RebuildTransferFunctionScriptingTraits (0ms)
		AnalyzeDomain (129ms)
			TypeCache.Refresh (104ms)
				TypeCache.ScanAssembly (95ms)
			BuildScriptInfoCaches (19ms)
			ResolveRequiredComponents (3ms)
	FinalizeReload (384ms)
		ReleaseScriptCaches (0ms)
		RebuildScriptCaches (0ms)
		SetupLoadedEditorAssemblies (305ms)
			LogAssemblyErrors (0ms)
			InitializePlatformSupportModulesInManaged (2ms)
			SetLoadedEditorAssemblies (3ms)
			BeforeProcessingInitializeOnLoad (76ms)
			ProcessInitializeOnLoadAttributes (198ms)
			ProcessInitializeOnLoadMethodAttributes (15ms)
			AfterProcessingInitializeOnLoad (11ms)
			EditorAssembliesLoaded (0ms)
		ExecutionOrderSort2 (0ms)
		AwakeInstancesAfterBackupRestoration (4ms)
Launched and connected shader compiler UnityShaderCompiler.exe after 0.02 seconds
Refreshing native plugins compatible for Editor in 0.76 ms, found 3 plugins.
Preloading 0 native plugins for Editor in 0.00 ms.
Unloading 0 Unused Serialized files (Serialized files now loaded: 0)
Unloading 3864 unused Assets / (0.7 MB). Loaded Objects now: 4374.
Memory consumption went from 84.3 MB to 83.6 MB.
Total: 3.731600 ms (FindLiveObjects: 0.450200 ms CreateObjectMapping: 0.110800 ms MarkObjects: 2.673600 ms  DeleteObjects: 0.496500 ms)

========================================================================
Received Import Request.
  Time since last request: 46765.922641 seconds.
  path: Assets/SimplePoly City - Low Poly Assets/Models/Vehicle_SUV_separate.fbx
  artifactKey: Guid(1592d15b209482a419d7871e61ae4e5e) Importer(815301076,1909f56bfc062723c751e8b465ee728b)
Start importing Assets/SimplePoly City - Low Poly Assets/Models/Vehicle_SUV_separate.fbx using Guid(1592d15b209482a419d7871e61ae4e5e) Importer(815301076,1909f56bfc062723c751e8b465ee728b) (PreviewImporter) -> (artifact id: 'e597a41086d524d74d11dfbc3fde78d2') in 0.103221 seconds
Number of updated asset objects reloaded before import = 0Number of asset objects unloaded after import = 31

========================================================================
Received Import Request.
  Time since last request: 0.003692 seconds.
  path: Assets/SimplePoly City - Low Poly Assets/Models/Vehicle_Truck.fbx
  artifactKey: Guid(0f8edee900fd5e74bb318fbd330392e4) Importer(815301076,1909f56bfc062723c751e8b465ee728b)
Start importing Assets/SimplePoly City - Low Poly Assets/Models/Vehicle_Truck.fbx using Guid(0f8edee900fd5e74bb318fbd330392e4) Importer(815301076,1909f56bfc062723c751e8b465ee728b) (PreviewImporter) -> (artifact id: 'af19dc45fd83f8b4157b7eda6748eda0') in 0.0459279 seconds
Number of updated asset objects reloaded before import = 0Number of asset objects unloaded after import = 9

========================================================================
Received Import Request.
  Time since last request: 8.366937 seconds.
  path: Assets/SimplePoly City - Low Poly Assets/Prefab/Buildings
  artifactKey: Guid(d61ddd7e72f01ea43934706c0e011066) Importer(815301076,1909f56bfc062723c751e8b465ee728b)
Start importing Assets/SimplePoly City - Low Poly Assets/Prefab/Buildings using Guid(d61ddd7e72f01ea43934706c0e011066) Importer(815301076,1909f56bfc062723c751e8b465ee728b) (PreviewImporter) -> (artifact id: '082a00be187790be814d82367e5edb31') in 0.0003917 seconds
Number of updated asset objects reloaded before import = 0Number of asset objects unloaded after import = 0

========================================================================
Received Import Request.
  Time since last request: 0.348681 seconds.
  path: Assets/SimplePoly City - Low Poly Assets/Prefab/Buildings/Building Sky_big_color01.prefab
  artifactKey: Guid(22106dc63dce41746ad234a91af2d657) Importer(815301076,1909f56bfc062723c751e8b465ee728b)
Start importing Assets/SimplePoly City - Low Poly Assets/Prefab/Buildings/Building Sky_big_color01.prefab using Guid(22106dc63dce41746ad234a91af2d657) Importer(815301076,1909f56bfc062723c751e8b465ee728b) (PreviewImporter) -> (artifact id: '3340e2a2458ae2f830fca84d3ba5657d') in 0.1033453 seconds
Number of updated asset objects reloaded before import = 0Number of asset objects unloaded after import = 9

========================================================================
Received Import Request.
  Time since last request: 0.026113 seconds.
  path: Assets/SimplePoly City - Low Poly Assets/Prefab/Buildings/Building Sky_small_color01.prefab
  artifactKey: Guid(6a690a756dbd65141a09a3ad7fafacc4) Importer(815301076,1909f56bfc062723c751e8b465ee728b)
Start importing Assets/SimplePoly City - Low Poly Assets/Prefab/Buildings/Building Sky_small_color01.prefab using Guid(6a690a756dbd65141a09a3ad7fafacc4) Importer(815301076,1909f56bfc062723c751e8b465ee728b) (PreviewImporter) -> (artifact id: 'aa345a1a27b2dd508267c9e8eaaa2baf') in 0.068888 seconds
Number of updated asset objects reloaded before import = 0Number of asset objects unloaded after import = 9

========================================================================
Received Import Request.
  Time since last request: 0.019569 seconds.
  path: Assets/SimplePoly City - Low Poly Assets/Prefab/Buildings/Building Sky_small_color03.prefab
  artifactKey: Guid(35807f23e7899e541b60b2fb2bbb51ef) Importer(815301076,1909f56bfc062723c751e8b465ee728b)
Start importing Assets/SimplePoly City - Low Poly Assets/Prefab/Buildings/Building Sky_small_color03.prefab using Guid(35807f23e7899e541b60b2fb2bbb51ef) Importer(815301076,1909f56bfc062723c751e8b465ee728b) (PreviewImporter) -> (artifact id: '8fea9925de0bfb041dacc24d3c6cdde7') in 0.071259 seconds
Number of updated asset objects reloaded before import = 0Number of asset objects unloaded after import = 9

========================================================================
Received Import Request.
  Time since last request: 0.014856 seconds.
  path: Assets/SimplePoly City - Low Poly Assets/Prefab/Buildings/Building_Bar.prefab
  artifactKey: Guid(3667b1c4d7f532647b9156782c0c80f0) Importer(815301076,1909f56bfc062723c751e8b465ee728b)
Start importing Assets/SimplePoly City - Low Poly Assets/Prefab/Buildings/Building_Bar.prefab using Guid(3667b1c4d7f532647b9156782c0c80f0) Importer(815301076,1909f56bfc062723c751e8b465ee728b) (PreviewImporter) -> (artifact id: '6023841c2adc6067c6e65dd426839081') in 0.0836981 seconds
Number of updated asset objects reloaded before import = 0Number of asset objects unloaded after import = 11

========================================================================
Received Import Request.
  Time since last request: 0.053771 seconds.
  path: Assets/SimplePoly City - Low Poly Assets/Prefab/Buildings/Building_Clothing.prefab
  artifactKey: Guid(0c7bcaa85c9494849bc7a0a18b7f3324) Importer(815301076,1909f56bfc062723c751e8b465ee728b)
Start importing Assets/SimplePoly City - Low Poly Assets/Prefab/Buildings/Building_Clothing.prefab using Guid(0c7bcaa85c9494849bc7a0a18b7f3324) Importer(815301076,1909f56bfc062723c751e8b465ee728b) (PreviewImporter) -> (artifact id: 'fe94535337ea78e44195c1a5c903b722') in 0.1519565 seconds
Number of updated asset objects reloaded before import = 0Number of asset objects unloaded after import = 9

========================================================================
Received Import Request.
  Time since last request: 0.079986 seconds.
  path: Assets/SimplePoly City - Low Poly Assets/Prefab/Buildings/Building_Factory.prefab
  artifactKey: Guid(f6674c1362ba984468bc1e71a2323d66) Importer(815301076,1909f56bfc062723c751e8b465ee728b)
Start importing Assets/SimplePoly City - Low Poly Assets/Prefab/Buildings/Building_Factory.prefab using Guid(f6674c1362ba984468bc1e71a2323d66) Importer(815301076,1909f56bfc062723c751e8b465ee728b) (PreviewImporter) -> (artifact id: '9fa19e3e596d334efc95794a3be057c5') in 0.0766209 seconds
Number of updated asset objects reloaded before import = 0Number of asset objects unloaded after import = 9

========================================================================
Received Import Request.
  Time since last request: 0.002660 seconds.
  path: Assets/SimplePoly City - Low Poly Assets/Prefab/Buildings/Building_Fruits  Shop.prefab
  artifactKey: Guid(931fa17f0ab17504bbfc8903e54e6a16) Importer(815301076,1909f56bfc062723c751e8b465ee728b)
Start importing Assets/SimplePoly City - Low Poly Assets/Prefab/Buildings/Building_Fruits  Shop.prefab using Guid(931fa17f0ab17504bbfc8903e54e6a16) Importer(815301076,1909f56bfc062723c751e8b465ee728b) (PreviewImporter) -> (artifact id: '8c1e8eef67c3f28b4f60104adfab5f08') in 0.1644973 seconds
Number of updated asset objects reloaded before import = 0Number of asset objects unloaded after import = 9

========================================================================
Received Import Request.
  Time since last request: 0.002381 seconds.
  path: Assets/SimplePoly City - Low Poly Assets/Prefab/Buildings/Building_Gift Shop.prefab
  artifactKey: Guid(9ccda285cd5f1ce4fa00133b50ba5cbc) Importer(815301076,1909f56bfc062723c751e8b465ee728b)
Start importing Assets/SimplePoly City - Low Poly Assets/Prefab/Buildings/Building_Gift Shop.prefab using Guid(9ccda285cd5f1ce4fa00133b50ba5cbc) Importer(815301076,1909f56bfc062723c751e8b465ee728b) (PreviewImporter) -> (artifact id: 'b6166fa1a72cd9435fadeeb67bde73ab') in 0.3651217 seconds
Number of updated asset objects reloaded before import = 0Number of asset objects unloaded after import = 9

========================================================================
Received Import Request.
  Time since last request: 0.024759 seconds.
  path: Assets/SimplePoly City - Low Poly Assets/Prefab/Buildings/Building_House_02_color03.prefab
  artifactKey: Guid(3a0bc997d3424474696ad8d2e7d684ab) Importer(815301076,1909f56bfc062723c751e8b465ee728b)
Start importing Assets/SimplePoly City - Low Poly Assets/Prefab/Buildings/Building_House_02_color03.prefab using Guid(3a0bc997d3424474696ad8d2e7d684ab) Importer(815301076,1909f56bfc062723c751e8b465ee728b) (PreviewImporter) -> (artifact id: 'b7d7b980b04fa0b7d3d64b349c40b24f') in 0.1623553 seconds
Number of updated asset objects reloaded before import = 0Number of asset objects unloaded after import = 9

========================================================================
Received Import Request.
  Time since last request: 0.000017 seconds.
  path: Assets/SimplePoly City - Low Poly Assets/Prefab/Buildings/Building_House_03_color03.prefab
  artifactKey: Guid(2dbee28eacba7dd42845e0153c4da642) Importer(815301076,1909f56bfc062723c751e8b465ee728b)
Start importing Assets/SimplePoly City - Low Poly Assets/Prefab/Buildings/Building_House_03_color03.prefab using Guid(2dbee28eacba7dd42845e0153c4da642) Importer(815301076,1909f56bfc062723c751e8b465ee728b) (PreviewImporter) -> (artifact id: '073c9446f619041a567d91d486ccb241') in 0.1421272 seconds
Number of updated asset objects reloaded before import = 0Number of asset objects unloaded after import = 9

========================================================================
Received Import Request.
  Time since last request: 0.000017 seconds.
  path: Assets/SimplePoly City - Low Poly Assets/Prefab/Buildings/Building_Music Store.prefab
  artifactKey: Guid(1682119d19a954f4a8020f36112606ed) Importer(815301076,1909f56bfc062723c751e8b465ee728b)
Start importing Assets/SimplePoly City - Low Poly Assets/Prefab/Buildings/Building_Music Store.prefab using Guid(1682119d19a954f4a8020f36112606ed) Importer(815301076,1909f56bfc062723c751e8b465ee728b) (PreviewImporter) -> (artifact id: '9036f136a77d865b7fbb1a1b9fb26e91') in 0.0911781 seconds
Number of updated asset objects reloaded before import = 0Number of asset objects unloaded after import = 11

========================================================================
Received Import Request.
  Time since last request: 0.000021 seconds.
  path: Assets/SimplePoly City - Low Poly Assets/Prefab/Buildings/Building_House_04_color03.prefab
  artifactKey: Guid(b8365ae9a93a2e8498ae3c2646f3c455) Importer(815301076,1909f56bfc062723c751e8b465ee728b)
Start importing Assets/SimplePoly City - Low Poly Assets/Prefab/Buildings/Building_House_04_color03.prefab using Guid(b8365ae9a93a2e8498ae3c2646f3c455) Importer(815301076,1909f56bfc062723c751e8b465ee728b) (PreviewImporter) -> (artifact id: '97cc42e6d576b9faabf995ba39344b6c') in 0.0711191 seconds
Number of updated asset objects reloaded before import = 0Number of asset objects unloaded after import = 9

========================================================================
Received Import Request.
  Time since last request: 0.016369 seconds.
  path: Assets/SimplePoly City - Low Poly Assets/Prefab/Buildings/Building_Residential_color03.prefab
  artifactKey: Guid(0064eb002f3790247969e12119bbf9d2) Importer(815301076,1909f56bfc062723c751e8b465ee728b)
Start importing Assets/SimplePoly City - Low Poly Assets/Prefab/Buildings/Building_Residential_color03.prefab using Guid(0064eb002f3790247969e12119bbf9d2) Importer(815301076,1909f56bfc062723c751e8b465ee728b) (PreviewImporter) -> (artifact id: '73ef615fe9f923b8af0d2481688527b5') in 0.337637 seconds
Number of updated asset objects reloaded before import = 0Number of asset objects unloaded after import = 9

========================================================================
Received Import Request.
  Time since last request: 0.000019 seconds.
  path: Assets/SimplePoly City - Low Poly Assets/Prefab/Buildings/Building_Shoes Shop.prefab
  artifactKey: Guid(52f969fb493f02248ba2e0ab07d6d81f) Importer(815301076,1909f56bfc062723c751e8b465ee728b)
Start importing Assets/SimplePoly City - Low Poly Assets/Prefab/Buildings/Building_Shoes Shop.prefab using Guid(52f969fb493f02248ba2e0ab07d6d81f) Importer(815301076,1909f56bfc062723c751e8b465ee728b) (PreviewImporter) -> (artifact id: '9164b60189ebf71df8b0c02c5b614d49') in 0.1912709 seconds
Number of updated asset objects reloaded before import = 0Number of asset objects unloaded after import = 9

========================================================================
Received Import Request.
  Time since last request: 21.865734 seconds.
  path: Assets/SimplePoly City - Low Poly Assets/Demo/SimplePoly City - Low Poly Assets_Demo Scene
  artifactKey: Guid(e3237dbf5ac7c1d498654c174a0bf6e1) Importer(815301076,1909f56bfc062723c751e8b465ee728b)
Start importing Assets/SimplePoly City - Low Poly Assets/Demo/SimplePoly City - Low Poly Assets_Demo Scene using Guid(e3237dbf5ac7c1d498654c174a0bf6e1) Importer(815301076,1909f56bfc062723c751e8b465ee728b) (PreviewImporter) -> (artifact id: '96cbca28b4cab3efeca88006e9fe322d') in 0.0004039 seconds
Number of updated asset objects reloaded before import = 0Number of asset objects unloaded after import = 0

========================================================================
Received Import Request.
  Time since last request: 0.113099 seconds.
  path: Assets/SimplePoly City - Low Poly Assets/Demo/SimplePoly City - Low Poly Assets_Demo Scene/LightingData.asset
  artifactKey: Guid(87e9c9b85d117924faa3f1a1e83dfebd) Importer(815301076,1909f56bfc062723c751e8b465ee728b)
Start importing Assets/SimplePoly City - Low Poly Assets/Demo/SimplePoly City - Low Poly Assets_Demo Scene/LightingData.asset using Guid(87e9c9b85d117924faa3f1a1e83dfebd) Importer(815301076,1909f56bfc062723c751e8b465ee728b) (PreviewImporter) -> (artifact id: 'e31531ed1564e4e0ed0a1b036fa49fac') in 0.0009406 seconds
Number of updated asset objects reloaded before import = 0Number of asset objects unloaded after import = 2

========================================================================
Received Import Request.
  Time since last request: 0.014944 seconds.
  path: Assets/SimplePoly City - Low Poly Assets/Demo/SimplePoly City - Low Poly Assets_Demo Scene/ReflectionProbe-0.exr
  artifactKey: Guid(353e2e5b9c2c28b4887e0be9df5dcfd6) Importer(815301076,1909f56bfc062723c751e8b465ee728b)
Start importing Assets/SimplePoly City - Low Poly Assets/Demo/SimplePoly City - Low Poly Assets_Demo Scene/ReflectionProbe-0.exr using Guid(353e2e5b9c2c28b4887e0be9df5dcfd6) Importer(815301076,1909f56bfc062723c751e8b465ee728b) (PreviewImporter) -> (artifact id: 'feb582c51a53253b65438d0293145790') in 0.0287223 seconds
Number of updated asset objects reloaded before import = 0Number of asset objects unloaded after import = 1

========================================================================
Received Import Request.
  Time since last request: 2.622003 seconds.
  path: Assets/SimplePoly City - Low Poly Assets/Demo/SimplePoly City - Low Poly Assets_Demo Scene.unity
  artifactKey: Guid(7e6d3f4e5d896154ab4438845532ac3e) Importer(815301076,1909f56bfc062723c751e8b465ee728b)
Start importing Assets/SimplePoly City - Low Poly Assets/Demo/SimplePoly City - Low Poly Assets_Demo Scene.unity using Guid(7e6d3f4e5d896154ab4438845532ac3e) Importer(815301076,1909f56bfc062723c751e8b465ee728b) (PreviewImporter) -> (artifact id: 'a065b0a29fcdd68cdc401d07c109e77b') in 0.0004041 seconds
Number of updated asset objects reloaded before import = 0Number of asset objects unloaded after import = 0

========================================================================
Received Import Request.
  Time since last request: 138.987514 seconds.
  path: Assets/Scenes/Prototype_1/Prototype_1_Game.unity
  artifactKey: Guid(97cbf9dd86ed1344398437f94afd520c) Importer(815301076,1909f56bfc062723c751e8b465ee728b)
Start importing Assets/Scenes/Prototype_1/Prototype_1_Game.unity using Guid(97cbf9dd86ed1344398437f94afd520c) Importer(815301076,1909f56bfc062723c751e8b465ee728b) (PreviewImporter) -> (artifact id: 'fc79dea72fb8e2c7c44b5c8346f631f8') in 0.0004207 seconds
Number of updated asset objects reloaded before import = 0Number of asset objects unloaded after import = 0

========================================================================
Received Import Request.
  Time since last request: 147.879693 seconds.
  path: Assets/Scripts/ArrowPuzzle.cs
  artifactKey: Guid(f245e87844d4397488a70ddd79925f8f) Importer(2089858483,192608db42251d675da83286b1cce702)
Start importing Assets/Scripts/ArrowPuzzle.cs using Guid(f245e87844d4397488a70ddd79925f8f) Importer(2089858483,192608db42251d675da83286b1cce702) (ScriptedImporter) -> (artifact id: 'cdbaea1056e86a4fdf9aa81c354fe7e7') in 0.0671323 seconds
Number of updated asset objects reloaded before import = 0Number of asset objects unloaded after import = 0

========================================================================
Received Import Request.
  Time since last request: 0.000034 seconds.
  path: Assets/SimplePoly City - Low Poly Assets/Models/Road T_Intersection_01.fbx
  artifactKey: Guid(4026b0b37aa0fed4d95ed976da00e63f) Importer(2089858483,192608db42251d675da83286b1cce702)
Start importing Assets/SimplePoly City - Low Poly Assets/Models/Road T_Intersection_01.fbx using Guid(4026b0b37aa0fed4d95ed976da00e63f) Importer(2089858483,192608db42251d675da83286b1cce702) (ScriptedImporter) -> (artifact id: 'c13a9ce61137196839863c7f7b4c1a94') in 0.0562065 seconds
Number of updated asset objects reloaded before import = 0Number of asset objects unloaded after import = 9

========================================================================
Received Import Request.
  Time since last request: 0.000017 seconds.
  path: Assets/SimplePoly City - Low Poly Assets/Models/Props_Dustbin.fbx
  artifactKey: Guid(8b615931481e47849972f85e029c22cf) Importer(2089858483,192608db42251d675da83286b1cce702)
Start importing Assets/SimplePoly City - Low Poly Assets/Models/Props_Dustbin.fbx using Guid(8b615931481e47849972f85e029c22cf) Importer(2089858483,192608db42251d675da83286b1cce702) (ScriptedImporter) -> (artifact id: 'ff649dfd93eb571f4b8c7e1c51732d89') in 0.0174285 seconds
Number of updated asset objects reloaded before import = 0Number of asset objects unloaded after import = 9

========================================================================
Received Import Request.
  Time since last request: 0.000015 seconds.
  path: Assets/SimplePoly City - Low Poly Assets/Prefab/Props/Props_Bus Stop.prefab
  artifactKey: Guid(8fa324388c16b5c4eac9846338b35b17) Importer(2089858483,192608db42251d675da83286b1cce702)
Start importing Assets/SimplePoly City - Low Poly Assets/Prefab/Props/Props_Bus Stop.prefab using Guid(8fa324388c16b5c4eac9846338b35b17) Importer(2089858483,192608db42251d675da83286b1cce702) (ScriptedImporter) -> (artifact id: 'e984e5aa57fe39cb1251399ff99f089e') in 0.0127741 seconds
Number of updated asset objects reloaded before import = 0Number of asset objects unloaded after import = 8

========================================================================
Received Import Request.
  Time since last request: 0.000020 seconds.
  path: Assets/SimplePoly City - Low Poly Assets/Prefab/Natures/Natures_Cube Tree.prefab
  artifactKey: Guid(8b680e0f7699a254c84ed6737b7eb53d) Importer(2089858483,192608db42251d675da83286b1cce702)
Start importing Assets/SimplePoly City - Low Poly Assets/Prefab/Natures/Natures_Cube Tree.prefab using Guid(8b680e0f7699a254c84ed6737b7eb53d) Importer(2089858483,192608db42251d675da83286b1cce702) (ScriptedImporter) -> (artifact id: 'c8176d1031e59548cf33da9249dc4088') in 0.0121713 seconds
Number of updated asset objects reloaded before import = 0Number of asset objects unloaded after import = 8

========================================================================
Received Import Request.
  Time since last request: 0.000017 seconds.
  path: Assets/SimplePoly City - Low Poly Assets/Models/Building_House_02_color01.fbx
  artifactKey: Guid(8cb6d953267a0884288df6a274f09c40) Importer(2089858483,192608db42251d675da83286b1cce702)
Start importing Assets/SimplePoly City - Low Poly Assets/Models/Building_House_02_color01.fbx using Guid(8cb6d953267a0884288df6a274f09c40) Importer(2089858483,192608db42251d675da83286b1cce702) (ScriptedImporter) -> (artifact id: '5335e3f12e594c7cfa456a181d7c62c0') in 0.0183356 seconds
Number of updated asset objects reloaded before import = 0Number of asset objects unloaded after import = 9

========================================================================
Received Import Request.
  Time since last request: 0.000018 seconds.
  path: Assets/SimplePoly City - Low Poly Assets/Models/Props_Fence.fbx
  artifactKey: Guid(4c3178e7d9864a349a71f8e4bc19a179) Importer(2089858483,192608db42251d675da83286b1cce702)
Start importing Assets/SimplePoly City - Low Poly Assets/Models/Props_Fence.fbx using Guid(4c3178e7d9864a349a71f8e4bc19a179) Importer(2089858483,192608db42251d675da83286b1cce702) (ScriptedImporter) -> (artifact id: 'ed062e2aecf7232ea9a0f5173ebe78dc') in 0.0173477 seconds
Number of updated asset objects reloaded before import = 0Number of asset objects unloaded after import = 9

========================================================================
Received Import Request.
  Time since last request: 0.000021 seconds.
  path: Assets/SimplePoly City - Low Poly Assets/Prefab/Vehicles/Vehicle with Static Wheels/Vehicle_Bus_color02.prefab
  artifactKey: Guid(79ef5961b86276943ab5da38ae9f2e4b) Importer(2089858483,192608db42251d675da83286b1cce702)
Start importing Assets/SimplePoly City - Low Poly Assets/Prefab/Vehicles/Vehicle with Static Wheels/Vehicle_Bus_color02.prefab using Guid(79ef5961b86276943ab5da38ae9f2e4b) Importer(2089858483,192608db42251d675da83286b1cce702) (ScriptedImporter) -> (artifact id: '6b2c09376ee79c9f0caf16ae85b6c748') in 0.015393 seconds
Number of updated asset objects reloaded before import = 0Number of asset objects unloaded after import = 8

========================================================================
Received Import Request.
  Time since last request: 0.000017 seconds.
  path: Assets/Scenes/Prototype_1/Prototype_1_EndMenu.unity
  artifactKey: Guid(a6c42c5eaf038bc439b3a0a56fa34810) Importer(2089858483,192608db42251d675da83286b1cce702)
Start importing Assets/Scenes/Prototype_1/Prototype_1_EndMenu.unity using Guid(a6c42c5eaf038bc439b3a0a56fa34810) Importer(2089858483,192608db42251d675da83286b1cce702) (ScriptedImporter) -> (artifact id: 'ae8188caa03c1423b8d5fcedc03a14b3') in 0.010297 seconds
Number of updated asset objects reloaded before import = 0Number of asset objects unloaded after import = 1

========================================================================
Received Import Request.
  Time since last request: 0.000015 seconds.
  path: Assets/SimplePoly City - Low Poly Assets/Models/Vehicle_Ambulance_separate.fbx
  artifactKey: Guid(1acbee872179ec040aac4503ec160fd9) Importer(2089858483,192608db42251d675da83286b1cce702)
Start importing Assets/SimplePoly City - Low Poly Assets/Models/Vehicle_Ambulance_separate.fbx using Guid(1acbee872179ec040aac4503ec160fd9) Importer(2089858483,192608db42251d675da83286b1cce702) (ScriptedImporter) -> (artifact id: '7559423ae9a161a5256e602cd59d793e') in 0.0215818 seconds
Number of updated asset objects reloaded before import = 0Number of asset objects unloaded after import = 31

========================================================================
Received Import Request.
  Time since last request: 0.000016 seconds.
  path: Assets/Prefabs/LeftArrow.prefab
  artifactKey: Guid(fdd13e560fbcebe4688dc69ef03d2ae3) Importer(2089858483,192608db42251d675da83286b1cce702)
Start importing Assets/Prefabs/LeftArrow.prefab using Guid(fdd13e560fbcebe4688dc69ef03d2ae3) Importer(2089858483,192608db42251d675da83286b1cce702) (ScriptedImporter) -> (artifact id: '185e4be8008cb8c8d39dfaabcb48c5e6') in 0.0552113 seconds
Number of updated asset objects reloaded before import = 0Number of asset objects unloaded after import = 7

========================================================================
Received Import Request.
  Time since last request: 0.000017 seconds.
  path: Assets/SimplePoly City - Low Poly Assets/Models/Building_Clothing.fbx
  artifactKey: Guid(6f6936b8f5098f34ab9d2dbe641716f2) Importer(2089858483,192608db42251d675da83286b1cce702)
Start importing Assets/SimplePoly City - Low Poly Assets/Models/Building_Clothing.fbx using Guid(6f6936b8f5098f34ab9d2dbe641716f2) Importer(2089858483,192608db42251d675da83286b1cce702) (ScriptedImporter) -> (artifact id: 'af25a0a99dab35ebbe54193499902f43') in 0.0189673 seconds
Number of updated asset objects reloaded before import = 0Number of asset objects unloaded after import = 9

========================================================================
Received Import Request.
  Time since last request: 0.000019 seconds.
  path: Assets/SimplePoly City - Low Poly Assets/Textures/Vehicle_Truck_3.png
  artifactKey: Guid(2eda3c100b5440441a8ce0e35c3fa3fa) Importer(2089858483,192608db42251d675da83286b1cce702)
Start importing Assets/SimplePoly City - Low Poly Assets/Textures/Vehicle_Truck_3.png using Guid(2eda3c100b5440441a8ce0e35c3fa3fa) Importer(2089858483,192608db42251d675da83286b1cce702) (ScriptedImporter) -> (artifact id: 'a405e18311729856af165b16130b9015') in 0.034339 seconds
Number of updated asset objects reloaded before import = 0Number of asset objects unloaded after import = 1

========================================================================
Received Import Request.
  Time since last request: 0.000016 seconds.
  path: Assets/SimplePoly City - Low Poly Assets/Prefab/Roads/Road Corner_01.prefab
  artifactKey: Guid(3a7e1c0a00828fd4196c8cd24886d2ed) Importer(2089858483,192608db42251d675da83286b1cce702)
Start importing Assets/SimplePoly City - Low Poly Assets/Prefab/Roads/Road Corner_01.prefab using Guid(3a7e1c0a00828fd4196c8cd24886d2ed) Importer(2089858483,192608db42251d675da83286b1cce702) (ScriptedImporter) -> (artifact id: '054a0793ba81ee0db5bc33be0e044ae4') in 0.0110275 seconds
Number of updated asset objects reloaded before import = 0Number of asset objects unloaded after import = 8

========================================================================
Received Import Request.
  Time since last request: 0.000017 seconds.
  path: Assets/SimplePoly City - Low Poly Assets/Models/Props_Roof Antenna.fbx
  artifactKey: Guid(cbdf54dd7a2ad4245a1dd6ccba9cc813) Importer(2089858483,192608db42251d675da83286b1cce702)
Start importing Assets/SimplePoly City - Low Poly Assets/Models/Props_Roof Antenna.fbx using Guid(cbdf54dd7a2ad4245a1dd6ccba9cc813) Importer(2089858483,192608db42251d675da83286b1cce702) (ScriptedImporter) -> (artifact id: 'fb267c91ca8f3e164c0ec78ef6aee026') in 0.0181776 seconds
Number of updated asset objects reloaded before import = 0Number of asset objects unloaded after import = 9

========================================================================
Received Import Request.
  Time since last request: 0.000016 seconds.
  path: Assets/SimplePoly City - Low Poly Assets/Materials/Vehicle_Pick up Truck_color02.mat
  artifactKey: Guid(94d51beb0fcd7044885fa789ac899eb1) Importer(2089858483,192608db42251d675da83286b1cce702)
Start importing Assets/SimplePoly City - Low Poly Assets/Materials/Vehicle_Pick up Truck_color02.mat using Guid(94d51beb0fcd7044885fa789ac899eb1) Importer(2089858483,192608db42251d675da83286b1cce702) (ScriptedImporter) -> (artifact id: 'ab379f8513f63ade081ea2a1306fc78e') in 0.0124317 seconds
Number of updated asset objects reloaded before import = 0Number of asset objects unloaded after import = 2

========================================================================
Received Import Request.
  Time since last request: 0.000016 seconds.
  path: Assets/SimplePoly City - Low Poly Assets/Models/Building_Shoes Shop.fbx
  artifactKey: Guid(27c09c8008c0ada409e024a1dc2186c0) Importer(2089858483,192608db42251d675da83286b1cce702)
Start importing Assets/SimplePoly City - Low Poly Assets/Models/Building_Shoes Shop.fbx using Guid(27c09c8008c0ada409e024a1dc2186c0) Importer(2089858483,192608db42251d675da83286b1cce702) (ScriptedImporter) -> (artifact id: '805dc83a71397be69da305e08b220a11') in 0.0201237 seconds
Number of updated asset objects reloaded before import = 0Number of asset objects unloaded after import = 9

========================================================================
Received Import Request.
  Time since last request: 0.000017 seconds.
  path: Assets/SimplePoly City - Low Poly Assets/Textures/Road.png
  artifactKey: Guid(444693aeef5a3f147a427cade2b02400) Importer(2089858483,192608db42251d675da83286b1cce702)
Start importing Assets/SimplePoly City - Low Poly Assets/Textures/Road.png using Guid(444693aeef5a3f147a427cade2b02400) Importer(2089858483,192608db42251d675da83286b1cce702) (ScriptedImporter) -> (artifact id: 'fe7202ec76db603b3e8217b276677e48') in 0.0154327 seconds
Number of updated asset objects reloaded before import = 0Number of asset objects unloaded after import = 1

========================================================================
Received Import Request.
  Time since last request: 0.000024 seconds.
  path: Assets/SimplePoly City - Low Poly Assets/Models/Vehicle_Car_separate.fbx
  artifactKey: Guid(62742ca8cd0c30a44b9301b3fae00884) Importer(2089858483,192608db42251d675da83286b1cce702)
Start importing Assets/SimplePoly City - Low Poly Assets/Models/Vehicle_Car_separate.fbx using Guid(62742ca8cd0c30a44b9301b3fae00884) Importer(2089858483,192608db42251d675da83286b1cce702) (ScriptedImporter) -> (artifact id: '2800936a1d9b00a763df163d803df3eb') in 0.0195971 seconds
Number of updated asset objects reloaded before import = 0Number of asset objects unloaded after import = 31

========================================================================
Received Import Request.
  Time since last request: 0.000014 seconds.
  path: Assets/SimplePoly City - Low Poly Assets/Models/Building Sky_big_color01.fbx
  artifactKey: Guid(152095147e5492c41a9718b9b09863a4) Importer(2089858483,192608db42251d675da83286b1cce702)
Start importing Assets/SimplePoly City - Low Poly Assets/Models/Building Sky_big_color01.fbx using Guid(152095147e5492c41a9718b9b09863a4) Importer(2089858483,192608db42251d675da83286b1cce702) (ScriptedImporter) -> (artifact id: '5b091a40cc7c11085b850a4d0ddc25b8') in 0.0172653 seconds
Number of updated asset objects reloaded before import = 0Number of asset objects unloaded after import = 9

========================================================================
Received Import Request.
  Time since last request: 0.000018 seconds.
  path: Assets/SimplePoly City - Low Poly Assets/Textures/Building Sky_big_color02.png
  artifactKey: Guid(076be1fece3e1944da63c954eb29d137) Importer(2089858483,192608db42251d675da83286b1cce702)
Start importing Assets/SimplePoly City - Low Poly Assets/Textures/Building Sky_big_color02.png using Guid(076be1fece3e1944da63c954eb29d137) Importer(2089858483,192608db42251d675da83286b1cce702) (ScriptedImporter) -> (artifact id: 'f80fb509f717d0cc24853cb4e8610d78') in 0.0136862 seconds
Number of updated asset objects reloaded before import = 0Number of asset objects unloaded after import = 1

========================================================================
Received Import Request.
  Time since last request: 0.000016 seconds.
  path: Assets/SimplePoly City - Low Poly Assets/Prefab/Vehicles/Vehicle with Separated Wheels/Vehicle_Pick up Truck_color03_separate.prefab
  artifactKey: Guid(675baac8bae68964e948aabc6ff2857c) Importer(2089858483,192608db42251d675da83286b1cce702)
Start importing Assets/SimplePoly City - Low Poly Assets/Prefab/Vehicles/Vehicle with Separated Wheels/Vehicle_Pick up Truck_color03_separate.prefab using Guid(675baac8bae68964e948aabc6ff2857c) Importer(2089858483,192608db42251d675da83286b1cce702) (ScriptedImporter) -> (artifact id: 'f595f3417409dc9eacaead02775947ed') in 0.0284422 seconds
Number of updated asset objects reloaded before import = 0Number of asset objects unloaded after import = 29

========================================================================
Received Import Request.
  Time since last request: 0.000021 seconds.
  path: Assets/SimplePoly City - Low Poly Assets/Textures/Building_House_03_color03.png
  artifactKey: Guid(e7e8298ecf8f3ff4c8c778c73cbed0d6) Importer(2089858483,192608db42251d675da83286b1cce702)
Start importing Assets/SimplePoly City - Low Poly Assets/Textures/Building_House_03_color03.png using Guid(e7e8298ecf8f3ff4c8c778c73cbed0d6) Importer(2089858483,192608db42251d675da83286b1cce702) (ScriptedImporter) -> (artifact id: 'f87cf53ddcee969a10d55c74ecd7a9a7') in 0.0162345 seconds
Number of updated asset objects reloaded before import = 0Number of asset objects unloaded after import = 1

========================================================================
Received Import Request.
  Time since last request: 0.000025 seconds.
  path: Assets/SimplePoly City - Low Poly Assets/Prefab/Buildings/Building_Gas Station.prefab
  artifactKey: Guid(260808cfd9b21994d8c3007a7bc9934c) Importer(2089858483,192608db42251d675da83286b1cce702)
Start importing Assets/SimplePoly City - Low Poly Assets/Prefab/Buildings/Building_Gas Station.prefab using Guid(260808cfd9b21994d8c3007a7bc9934c) Importer(2089858483,192608db42251d675da83286b1cce702) (ScriptedImporter) -> (artifact id: '43cb720046b664f2d05ed7d68118d4e5') in 0.0124746 seconds
Number of updated asset objects reloaded before import = 0Number of asset objects unloaded after import = 8

========================================================================
Received Import Request.
  Time since last request: 0.000015 seconds.
  path: Assets/SimplePoly City - Low Poly Assets/Prefab/Buildings/Building_House_03_color01.prefab
  artifactKey: Guid(11c264ca1bac5d74d883c776435fa684) Importer(2089858483,192608db42251d675da83286b1cce702)
Start importing Assets/SimplePoly City - Low Poly Assets/Prefab/Buildings/Building_House_03_color01.prefab using Guid(11c264ca1bac5d74d883c776435fa684) Importer(2089858483,192608db42251d675da83286b1cce702) (ScriptedImporter) -> (artifact id: '1b54db2c23497988e7d335e12feb7ed9') in 0.0143021 seconds
Number of updated asset objects reloaded before import = 0Number of asset objects unloaded after import = 8

========================================================================
Received Import Request.
  Time since last request: 0.000015 seconds.
  path: Assets/SimplePoly City - Low Poly Assets/Prefab/Roads/Road Lane_02.prefab
  artifactKey: Guid(9bff4c4ffbc29a041a638ec3743c588d) Importer(2089858483,192608db42251d675da83286b1cce702)
Start importing Assets/SimplePoly City - Low Poly Assets/Prefab/Roads/Road Lane_02.prefab using Guid(9bff4c4ffbc29a041a638ec3743c588d) Importer(2089858483,192608db42251d675da83286b1cce702) (ScriptedImporter) -> (artifact id: '783a6d5c84ed46fce3adb2ba67300ceb') in 0.0123391 seconds
Number of updated asset objects reloaded before import = 0Number of asset objects unloaded after import = 8

========================================================================
Received Import Request.
  Time since last request: 0.000019 seconds.
  path: Assets/SimplePoly City - Low Poly Assets/Materials/Vehicle_Bus_color01.mat
  artifactKey: Guid(2851e6469fffc7640a0b1333a9b2519f) Importer(2089858483,192608db42251d675da83286b1cce702)
Start importing Assets/SimplePoly City - Low Poly Assets/Materials/Vehicle_Bus_color01.mat using Guid(2851e6469fffc7640a0b1333a9b2519f) Importer(2089858483,192608db42251d675da83286b1cce702) (ScriptedImporter) -> (artifact id: 'e2e5c30d301bd51e130d8d5cbf084824') in 0.0101831 seconds
Number of updated asset objects reloaded before import = 0Number of asset objects unloaded after import = 2

========================================================================
Received Import Request.
  Time since last request: 0.000016 seconds.
  path: Assets/SimplePoly City - Low Poly Assets/Models/Building_Fast Food.fbx
  artifactKey: Guid(4ddf9dbec6534a14a9612193ee06f4d2) Importer(2089858483,192608db42251d675da83286b1cce702)
Start importing Assets/SimplePoly City - Low Poly Assets/Models/Building_Fast Food.fbx using Guid(4ddf9dbec6534a14a9612193ee06f4d2) Importer(2089858483,192608db42251d675da83286b1cce702) (ScriptedImporter) -> (artifact id: '6da4f1bbf4aea8ecf867bc0b3258f229') in 0.0176582 seconds
Number of updated asset objects reloaded before import = 0Number of asset objects unloaded after import = 9

========================================================================
Received Import Request.
  Time since last request: 0.000019 seconds.
  path: Assets/SimplePoly City - Low Poly Assets/Models/Building_Bar.fbx
  artifactKey: Guid(71baf848e76aefd4e9d729d470d2081a) Importer(2089858483,192608db42251d675da83286b1cce702)
Start importing Assets/SimplePoly City - Low Poly Assets/Models/Building_Bar.fbx using Guid(71baf848e76aefd4e9d729d470d2081a) Importer(2089858483,192608db42251d675da83286b1cce702) (ScriptedImporter) -> (artifact id: 'adaec6e731dfe7a1be7790815e644356') in 0.0167401 seconds
Number of updated asset objects reloaded before import = 0Number of asset objects unloaded after import = 9

========================================================================
Received Import Request.
  Time since last request: 0.000014 seconds.
  path: Assets/SimplePoly City - Low Poly Assets/Prefab/Vehicles/Vehicle with Static Wheels/Vehicle_Pick up Truck_color02.prefab
  artifactKey: Guid(81c050d9e127fdd45af1f6b8da476b2b) Importer(2089858483,192608db42251d675da83286b1cce702)
Start importing Assets/SimplePoly City - Low Poly Assets/Prefab/Vehicles/Vehicle with Static Wheels/Vehicle_Pick up Truck_color02.prefab using Guid(81c050d9e127fdd45af1f6b8da476b2b) Importer(2089858483,192608db42251d675da83286b1cce702) (ScriptedImporter) -> (artifact id: '0e8206ef81940fbfc934a414473bc05e') in 0.0108026 seconds
Number of updated asset objects reloaded before import = 0Number of asset objects unloaded after import = 8

========================================================================
Received Import Request.
  Time since last request: 0.000014 seconds.
  path: Assets/SimplePoly City - Low Poly Assets/Prefab/Buildings/Building_Coffee Shop.prefab
  artifactKey: Guid(e1d9101af5d96d94ca99efe2de0bac21) Importer(2089858483,192608db42251d675da83286b1cce702)
Start importing Assets/SimplePoly City - Low Poly Assets/Prefab/Buildings/Building_Coffee Shop.prefab using Guid(e1d9101af5d96d94ca99efe2de0bac21) Importer(2089858483,192608db42251d675da83286b1cce702) (ScriptedImporter) -> (artifact id: '405fa14a573e621bef260bc85234a6d7') in 0.0125492 seconds
Number of updated asset objects reloaded before import = 0Number of asset objects unloaded after import = 8

========================================================================
Received Import Request.
  Time since last request: 0.000018 seconds.
  path: Assets/SimplePoly City - Low Poly Assets/Models/Natures_Grass Tile.fbx
  artifactKey: Guid(fbb8756519c039b4f804c77c5e3293f9) Importer(2089858483,192608db42251d675da83286b1cce702)
Start importing Assets/SimplePoly City - Low Poly Assets/Models/Natures_Grass Tile.fbx using Guid(fbb8756519c039b4f804c77c5e3293f9) Importer(2089858483,192608db42251d675da83286b1cce702) (ScriptedImporter) -> (artifact id: '39ea1f3dc1893793c87d49d9734b2aab') in 0.0169384 seconds
Number of updated asset objects reloaded before import = 0Number of asset objects unloaded after import = 9

========================================================================
Received Import Request.
  Time since last request: 0.000016 seconds.
  path: Assets/SimplePoly City - Low Poly Assets/Models/Props_Street Light.fbx
  artifactKey: Guid(ab761d05302615348a9aed34ccd58dd7) Importer(2089858483,192608db42251d675da83286b1cce702)
Start importing Assets/SimplePoly City - Low Poly Assets/Models/Props_Street Light.fbx using Guid(ab761d05302615348a9aed34ccd58dd7) Importer(2089858483,192608db42251d675da83286b1cce702) (ScriptedImporter) -> (artifact id: '52c8bbe7420bd485caf904f019dd3a8c') in 0.0159942 seconds
Number of updated asset objects reloaded before import = 0Number of asset objects unloaded after import = 9

========================================================================
Received Import Request.
  Time since last request: 0.000031 seconds.
  path: Assets/SimplePoly City - Low Poly Assets/Textures/Props_Props_01.png
  artifactKey: Guid(2e817d01da3930d47b77b96852314d63) Importer(2089858483,192608db42251d675da83286b1cce702)
Start importing Assets/SimplePoly City - Low Poly Assets/Textures/Props_Props_01.png using Guid(2e817d01da3930d47b77b96852314d63) Importer(2089858483,192608db42251d675da83286b1cce702) (ScriptedImporter) -> (artifact id: '0c47107f037906e53956c8d105381fe8') in 0.0157223 seconds
Number of updated asset objects reloaded before import = 0Number of asset objects unloaded after import = 1

========================================================================
Received Import Request.
  Time since last request: 0.000015 seconds.
  path: Assets/SimplePoly City - Low Poly Assets/Prefab/Props/Props_Traffic cone.prefab
  artifactKey: Guid(52f3bf47c9c62af4588469ff668b805c) Importer(2089858483,192608db42251d675da83286b1cce702)
Start importing Assets/SimplePoly City - Low Poly Assets/Prefab/Props/Props_Traffic cone.prefab using Guid(52f3bf47c9c62af4588469ff668b805c) Importer(2089858483,192608db42251d675da83286b1cce702) (ScriptedImporter) -> (artifact id: 'ad13b611b72919a749efc0b501c282f9') in 0.0108723 seconds
Number of updated asset objects reloaded before import = 0Number of asset objects unloaded after import = 8

========================================================================
Received Import Request.
  Time since last request: 0.000017 seconds.
  path: Assets/SimplePoly City - Low Poly Assets/Prefab/Vehicles/Vehicle with Static Wheels/Vehicle_SUV_color01.prefab
  artifactKey: Guid(288b117258616aa4f928ba6f91dc47c3) Importer(2089858483,192608db42251d675da83286b1cce702)
Start importing Assets/SimplePoly City - Low Poly Assets/Prefab/Vehicles/Vehicle with Static Wheels/Vehicle_SUV_color01.prefab using Guid(288b117258616aa4f928ba6f91dc47c3) Importer(2089858483,192608db42251d675da83286b1cce702) (ScriptedImporter) -> (artifact id: 'a55bebf4d42282b9f78dcdf601030cda') in 0.0174546 seconds
Number of updated asset objects reloaded before import = 0Number of asset objects unloaded after import = 8

========================================================================
Received Import Request.
  Time since last request: 0.000015 seconds.
  path: Assets/SimplePoly City - Low Poly Assets/Textures/Building Sky_small_color03.png
  artifactKey: Guid(0bfefad86ca42384bad95b74e07c5e68) Importer(2089858483,192608db42251d675da83286b1cce702)
Start importing Assets/SimplePoly City - Low Poly Assets/Textures/Building Sky_small_color03.png using Guid(0bfefad86ca42384bad95b74e07c5e68) Importer(2089858483,192608db42251d675da83286b1cce702) (ScriptedImporter) -> (artifact id: 'f6dc6e7670614562a73fca86709be64a') in 0.0158155 seconds
Number of updated asset objects reloaded before import = 0Number of asset objects unloaded after import = 1

========================================================================
Received Import Request.
  Time since last request: 0.000017 seconds.
  path: Assets/SimplePoly City - Low Poly Assets/Models/Vehicle_SUV_separate.fbx
  artifactKey: Guid(1592d15b209482a419d7871e61ae4e5e) Importer(2089858483,192608db42251d675da83286b1cce702)
Start importing Assets/SimplePoly City - Low Poly Assets/Models/Vehicle_SUV_separate.fbx using Guid(1592d15b209482a419d7871e61ae4e5e) Importer(2089858483,192608db42251d675da83286b1cce702) (ScriptedImporter) -> (artifact id: '36dfe9d833007222c9be44b12b003085') in 0.0200962 seconds
Number of updated asset objects reloaded before import = 0Number of asset objects unloaded after import = 31

========================================================================
Received Import Request.
  Time since last request: 0.000017 seconds.
  path: Assets/SimplePoly City - Low Poly Assets/Prefab/Props
  artifactKey: Guid(3913775c635de124e8a48e4fd0f1fdd2) Importer(2089858483,192608db42251d675da83286b1cce702)
Start importing Assets/SimplePoly City - Low Poly Assets/Prefab/Props using Guid(3913775c635de124e8a48e4fd0f1fdd2) Importer(2089858483,192608db42251d675da83286b1cce702) (ScriptedImporter) -> (artifact id: '5b20eb0a281bc892ca6298539349b58c') in 0.01098 seconds
Number of updated asset objects reloaded before import = 0Number of asset objects unloaded after import = 1

========================================================================
Received Import Request.
  Time since last request: 0.000026 seconds.
  path: Assets/SimplePoly City - Low Poly Assets/Prefab/Natures/Natures_Rock_small.prefab
  artifactKey: Guid(9ec25066ec33fa84d9227e27c5f5a8a0) Importer(2089858483,192608db42251d675da83286b1cce702)
Start importing Assets/SimplePoly City - Low Poly Assets/Prefab/Natures/Natures_Rock_small.prefab using Guid(9ec25066ec33fa84d9227e27c5f5a8a0) Importer(2089858483,192608db42251d675da83286b1cce702) (ScriptedImporter) -> (artifact id: '38d6ecddd4ad407a802b8eefc4a1fd4b') in 0.1796929 seconds
Number of updated asset objects reloaded before import = 0Number of asset objects unloaded after import = 8

========================================================================
Received Import Request.
  Time since last request: 0.000017 seconds.
  path: Assets/SimplePoly City - Low Poly Assets/Prefab/Roads/Road Lane Half.prefab
  artifactKey: Guid(87cc36a45a321ad478c47c9fec13dbd3) Importer(2089858483,192608db42251d675da83286b1cce702)
Start importing Assets/SimplePoly City - Low Poly Assets/Prefab/Roads/Road Lane Half.prefab using Guid(87cc36a45a321ad478c47c9fec13dbd3) Importer(2089858483,192608db42251d675da83286b1cce702) (ScriptedImporter) -> (artifact id: '64a53391b2bee19275fa202d3d010b3b') in 0.0136491 seconds
Number of updated asset objects reloaded before import = 0Number of asset objects unloaded after import = 8

========================================================================
Received Import Request.
  Time since last request: 0.000022 seconds.
  path: Assets/SimplePoly City - Low Poly Assets/Materials/Building_Stadium.mat
  artifactKey: Guid(748bc3a1eddacab499ba4248377c18a3) Importer(2089858483,192608db42251d675da83286b1cce702)
Start importing Assets/SimplePoly City - Low Poly Assets/Materials/Building_Stadium.mat using Guid(748bc3a1eddacab499ba4248377c18a3) Importer(2089858483,192608db42251d675da83286b1cce702) (ScriptedImporter) -> (artifact id: '00a8086d1bbaa012bd04781f467d517c') in 0.0116641 seconds
Number of updated asset objects reloaded before import = 0Number of asset objects unloaded after import = 2

========================================================================
Received Import Request.
  Time since last request: 0.000016 seconds.
  path: Assets/SimplePoly City - Low Poly Assets/Models/Road Lane Bus Stop.fbx
  artifactKey: Guid(b2e48a8553cc56243892a06271dc3c99) Importer(2089858483,192608db42251d675da83286b1cce702)
Start importing Assets/SimplePoly City - Low Poly Assets/Models/Road Lane Bus Stop.fbx using Guid(b2e48a8553cc56243892a06271dc3c99) Importer(2089858483,192608db42251d675da83286b1cce702) (ScriptedImporter) -> (artifact id: '42e40acce50c27f8fe9b746df21358d3') in 0.0174827 seconds
Number of updated asset objects reloaded before import = 0Number of asset objects unloaded after import = 9

========================================================================
Received Import Request.
  Time since last request: 0.000016 seconds.
  path: Assets/SimplePoly City - Low Poly Assets/Prefab/Roads/Road Lane_01.prefab
  artifactKey: Guid(4f32dfddb033d3e40b5841bc53cc1689) Importer(2089858483,192608db42251d675da83286b1cce702)
Start importing Assets/SimplePoly City - Low Poly Assets/Prefab/Roads/Road Lane_01.prefab using Guid(4f32dfddb033d3e40b5841bc53cc1689) Importer(2089858483,192608db42251d675da83286b1cce702) (ScriptedImporter) -> (artifact id: '00558bb35134c42c8091cc177c659fe0') in 0.0130553 seconds
Number of updated asset objects reloaded before import = 0Number of asset objects unloaded after import = 8

========================================================================
Received Import Request.
  Time since last request: 0.000017 seconds.
  path: Assets/SimplePoly City - Low Poly Assets/Prefab/Buildings/Building_Drug Store.prefab
  artifactKey: Guid(5dd9f8de2583df543859013bcdc56639) Importer(2089858483,192608db42251d675da83286b1cce702)
Start importing Assets/SimplePoly City - Low Poly Assets/Prefab/Buildings/Building_Drug Store.prefab using Guid(5dd9f8de2583df543859013bcdc56639) Importer(2089858483,192608db42251d675da83286b1cce702) (ScriptedImporter) -> (artifact id: '3bf064808698c8a41b149c03721d3d58') in 0.0768882 seconds
Number of updated asset objects reloaded before import = 0Number of asset objects unloaded after import = 8

========================================================================
Received Import Request.
  Time since last request: 0.000016 seconds.
  path: Assets/SimplePoly City - Low Poly Assets/Prefab/Props/Props_Dustbin.prefab
  artifactKey: Guid(d59a4f6080634af41a616bc51af1d2d9) Importer(2089858483,192608db42251d675da83286b1cce702)
Start importing Assets/SimplePoly City - Low Poly Assets/Prefab/Props/Props_Dustbin.prefab using Guid(d59a4f6080634af41a616bc51af1d2d9) Importer(2089858483,192608db42251d675da83286b1cce702) (ScriptedImporter) -> (artifact id: '38ed3d1cc44e5b715b08ac98c1c0b8c6') in 0.0353409 seconds
Number of updated asset objects reloaded before import = 0Number of asset objects unloaded after import = 8

========================================================================
Received Import Request.
  Time since last request: 0.000016 seconds.
  path: Assets/SimplePoly City - Low Poly Assets/Prefab/Props/Props_Traffic Signal_big.prefab
  artifactKey: Guid(d4cfcf659200d7548b90a5580c3ab18f) Importer(2089858483,192608db42251d675da83286b1cce702)
Start importing Assets/SimplePoly City - Low Poly Assets/Prefab/Props/Props_Traffic Signal_big.prefab using Guid(d4cfcf659200d7548b90a5580c3ab18f) Importer(2089858483,192608db42251d675da83286b1cce702) (ScriptedImporter) -> (artifact id: 'ba9ee37c29d9687fe0ad61b171f24233') in 0.0127788 seconds
Number of updated asset objects reloaded before import = 0Number of asset objects unloaded after import = 8

========================================================================
Received Import Request.
  Time since last request: 0.000015 seconds.
  path: Assets/SimplePoly City - Low Poly Assets/Prefab/Natures/Natures_Bush_01.prefab
  artifactKey: Guid(31bbda51eeab02f44a8e92a7da2f5ff8) Importer(2089858483,192608db42251d675da83286b1cce702)
Start importing Assets/SimplePoly City - Low Poly Assets/Prefab/Natures/Natures_Bush_01.prefab using Guid(31bbda51eeab02f44a8e92a7da2f5ff8) Importer(2089858483,192608db42251d675da83286b1cce702) (ScriptedImporter) -> (artifact id: 'b28c53768a8cce7aa2ee622d1c9b91d2') in 0.011483 seconds
Number of updated asset objects reloaded before import = 0Number of asset objects unloaded after import = 8

========================================================================
Received Import Request.
  Time since last request: 0.000016 seconds.
  path: Assets/SimplePoly City - Low Poly Assets/Prefab/Roads/Road T_Intersection_01.prefab
  artifactKey: Guid(cbc86bb57f673ba45a8426789eb0fac0) Importer(2089858483,192608db42251d675da83286b1cce702)
Start importing Assets/SimplePoly City - Low Poly Assets/Prefab/Roads/Road T_Intersection_01.prefab using Guid(cbc86bb57f673ba45a8426789eb0fac0) Importer(2089858483,192608db42251d675da83286b1cce702) (ScriptedImporter) -> (artifact id: '6e25b84ed53fbc742f4dd0a388675039') in 0.0119469 seconds
Number of updated asset objects reloaded before import = 0Number of asset objects unloaded after import = 8

========================================================================
Received Import Request.
  Time since last request: 0.000017 seconds.
  path: Assets/SimplePoly City - Low Poly Assets/Materials/Props_RoofProps.mat
  artifactKey: Guid(9e031cf10ecdeb64486f21e9f55ffcfd) Importer(2089858483,192608db42251d675da83286b1cce702)
Start importing Assets/SimplePoly City - Low Poly Assets/Materials/Props_RoofProps.mat using Guid(9e031cf10ecdeb64486f21e9f55ffcfd) Importer(2089858483,192608db42251d675da83286b1cce702) (ScriptedImporter) -> (artifact id: '3171a12546b1847499b66d048ef01e5f') in 0.0109184 seconds
Number of updated asset objects reloaded before import = 0Number of asset objects unloaded after import = 2

========================================================================
Received Import Request.
  Time since last request: 0.000019 seconds.
  path: Assets/SimplePoly City - Low Poly Assets/Models/Road Intersection_01.fbx
  artifactKey: Guid(dd3c656fc0e01f746b07825c92b09beb) Importer(2089858483,192608db42251d675da83286b1cce702)
Start importing Assets/SimplePoly City - Low Poly Assets/Models/Road Intersection_01.fbx using Guid(dd3c656fc0e01f746b07825c92b09beb) Importer(2089858483,192608db42251d675da83286b1cce702) (ScriptedImporter) -> (artifact id: 'ea3335f7fc01450a156251452eb6fa00') in 0.0175929 seconds
Number of updated asset objects reloaded before import = 0Number of asset objects unloaded after import = 9

========================================================================
Received Import Request.
  Time since last request: 0.000023 seconds.
  path: Assets/SimplePoly City - Low Poly Assets/Prefab/Buildings/Building_Shoes Shop.prefab
  artifactKey: Guid(52f969fb493f02248ba2e0ab07d6d81f) Importer(2089858483,192608db42251d675da83286b1cce702)
Start importing Assets/SimplePoly City - Low Poly Assets/Prefab/Buildings/Building_Shoes Shop.prefab using Guid(52f969fb493f02248ba2e0ab07d6d81f) Importer(2089858483,192608db42251d675da83286b1cce702) (ScriptedImporter) -> (artifact id: '88793fd7cd4595d350de9a43b2fbc507') in 0.0125631 seconds
Number of updated asset objects reloaded before import = 0Number of asset objects unloaded after import = 8

========================================================================
Received Import Request.
  Time since last request: 0.000017 seconds.
  path: Assets/SimplePoly City - Low Poly Assets/Models/Vehicle_Pick up Truck_separate.fbx
  artifactKey: Guid(c99e98d2e12a88c42912742cf2de3eb6) Importer(2089858483,192608db42251d675da83286b1cce702)
Start importing Assets/SimplePoly City - Low Poly Assets/Models/Vehicle_Pick up Truck_separate.fbx using Guid(c99e98d2e12a88c42912742cf2de3eb6) Importer(2089858483,192608db42251d675da83286b1cce702) (ScriptedImporter) -> (artifact id: 'a54caa003ce14ad7661fa0e655fd7072') in 0.0204553 seconds
Number of updated asset objects reloaded before import = 0Number of asset objects unloaded after import = 31

========================================================================
Received Import Request.
  Time since last request: 0.000016 seconds.
  path: Assets/SimplePoly City - Low Poly Assets/Prefab/Roads/Road Tile.prefab
  artifactKey: Guid(ffa95796af8d5884f9d08f66e6bb627e) Importer(2089858483,192608db42251d675da83286b1cce702)
Start importing Assets/SimplePoly City - Low Poly Assets/Prefab/Roads/Road Tile.prefab using Guid(ffa95796af8d5884f9d08f66e6bb627e) Importer(2089858483,192608db42251d675da83286b1cce702) (ScriptedImporter) -> (artifact id: 'aad1ee76ca6ecc5721216a044742618a') in 0.0121896 seconds
Number of updated asset objects reloaded before import = 0Number of asset objects unloaded after import = 8

========================================================================
Received Import Request.
  Time since last request: 0.000018 seconds.
  path: Assets/SimplePoly City - Low Poly Assets/Prefab/Roads/Road Corner_02.prefab
  artifactKey: Guid(8b3300d2ba52ecf409c9523f2eff5bbd) Importer(2089858483,192608db42251d675da83286b1cce702)
Start importing Assets/SimplePoly City - Low Poly Assets/Prefab/Roads/Road Corner_02.prefab using Guid(8b3300d2ba52ecf409c9523f2eff5bbd) Importer(2089858483,192608db42251d675da83286b1cce702) (ScriptedImporter) -> (artifact id: '8f698bb3fd92efc9eabadedbb53325d7') in 0.0140921 seconds
Number of updated asset objects reloaded before import = 0Number of asset objects unloaded after import = 8

========================================================================
Received Import Request.
  Time since last request: 0.000016 seconds.
  path: Assets/SimplePoly City - Low Poly Assets/Prefab/Vehicles/Vehicle with Separated Wheels/Vehicle_Car_color03_separate.prefab
  artifactKey: Guid(11a57a102cdb5e642899ceab079f1938) Importer(2089858483,192608db42251d675da83286b1cce702)
Start importing Assets/SimplePoly City - Low Poly Assets/Prefab/Vehicles/Vehicle with Separated Wheels/Vehicle_Car_color03_separate.prefab using Guid(11a57a102cdb5e642899ceab079f1938) Importer(2089858483,192608db42251d675da83286b1cce702) (ScriptedImporter) -> (artifact id: 'd651df58d044721d473ddbe06c0036db') in 0.0610138 seconds
Number of updated asset objects reloaded before import = 0Number of asset objects unloaded after import = 29

========================================================================
Received Import Request.
  Time since last request: 0.000014 seconds.
  path: Assets/SimplePoly City - Low Poly Assets/Textures/Building Sky_big_color01.png
  artifactKey: Guid(276815996ac5b2144bdd94486e724ca4) Importer(2089858483,192608db42251d675da83286b1cce702)
Start importing Assets/SimplePoly City - Low Poly Assets/Textures/Building Sky_big_color01.png using Guid(276815996ac5b2144bdd94486e724ca4) Importer(2089858483,192608db42251d675da83286b1cce702) (ScriptedImporter) -> (artifact id: '5f3bae3eee181d9197632965f812bcfd') in 0.0230494 seconds
Number of updated asset objects reloaded before import = 0Number of asset objects unloaded after import = 1

========================================================================
Received Import Request.
  Time since last request: 0.000099 seconds.
  path: Assets/SimplePoly City - Low Poly Assets/Prefab/Buildings/Building_House_03_color03.prefab
  artifactKey: Guid(2dbee28eacba7dd42845e0153c4da642) Importer(2089858483,192608db42251d675da83286b1cce702)
Start importing Assets/SimplePoly City - Low Poly Assets/Prefab/Buildings/Building_House_03_color03.prefab using Guid(2dbee28eacba7dd42845e0153c4da642) Importer(2089858483,192608db42251d675da83286b1cce702) (ScriptedImporter) -> (artifact id: '50157036a9a6062b4f0e763a02bcfbb1') in 0.0141739 seconds
Number of updated asset objects reloaded before import = 0Number of asset objects unloaded after import = 8

========================================================================
Received Import Request.
  Time since last request: 0.000015 seconds.
  path: Assets/SimplePoly City - Low Poly Assets/Prefab/Roads/Road Lane Bus Stop.prefab
  artifactKey: Guid(3da5840b5d838524cb0128fbccf00053) Importer(2089858483,192608db42251d675da83286b1cce702)
Start importing Assets/SimplePoly City - Low Poly Assets/Prefab/Roads/Road Lane Bus Stop.prefab using Guid(3da5840b5d838524cb0128fbccf00053) Importer(2089858483,192608db42251d675da83286b1cce702) (ScriptedImporter) -> (artifact id: 'bd01860e6689b3a9354519720d510eb7') in 0.01233 seconds
Number of updated asset objects reloaded before import = 0Number of asset objects unloaded after import = 8

========================================================================
Received Import Request.
  Time since last request: 0.000017 seconds.
  path: Assets/SimplePoly City - Low Poly Assets/Prefab/Vehicles/Vehicle with Static Wheels/Vehicle_Taxi.prefab
  artifactKey: Guid(05aec82adc02f16409639716322b1673) Importer(2089858483,192608db42251d675da83286b1cce702)
Start importing Assets/SimplePoly City - Low Poly Assets/Prefab/Vehicles/Vehicle with Static Wheels/Vehicle_Taxi.prefab using Guid(05aec82adc02f16409639716322b1673) Importer(2089858483,192608db42251d675da83286b1cce702) (ScriptedImporter) -> (artifact id: '567ea38bed833065fa2d2088696c6ba7') in 0.0278375 seconds
Number of updated asset objects reloaded before import = 0Number of asset objects unloaded after import = 8

========================================================================
Received Import Request.
  Time since last request: 0.000017 seconds.
  path: Assets/SimplePoly City - Low Poly Assets/Models/Props_Traffic Sign_speed limit.fbx
  artifactKey: Guid(0954ad29f79c9c045bc4a3317ef3f978) Importer(2089858483,192608db42251d675da83286b1cce702)
Start importing Assets/SimplePoly City - Low Poly Assets/Models/Props_Traffic Sign_speed limit.fbx using Guid(0954ad29f79c9c045bc4a3317ef3f978) Importer(2089858483,192608db42251d675da83286b1cce702) (ScriptedImporter) -> (artifact id: 'ab003a239431d666b411aaf860864c24') in 0.0348318 seconds
Number of updated asset objects reloaded before import = 0Number of asset objects unloaded after import = 9

========================================================================
Received Import Request.
  Time since last request: 0.000024 seconds.
  path: Assets/SimplePoly City - Low Poly Assets/Prefab/Vehicles/Vehicle with Separated Wheels/Vehicle_Ambulance_separate.prefab
  artifactKey: Guid(b3f4ad6e44f81784ba0ebe95aadf2a7d) Importer(2089858483,192608db42251d675da83286b1cce702)
Start importing Assets/SimplePoly City - Low Poly Assets/Prefab/Vehicles/Vehicle with Separated Wheels/Vehicle_Ambulance_separate.prefab using Guid(b3f4ad6e44f81784ba0ebe95aadf2a7d) Importer(2089858483,192608db42251d675da83286b1cce702) (ScriptedImporter) -> (artifact id: '28cad9ccf7492c769a894f6df9b8591f') in 0.021461 seconds
Number of updated asset objects reloaded before import = 0Number of asset objects unloaded after import = 29

========================================================================
Received Import Request.
  Time since last request: 0.000017 seconds.
  path: Assets/SimplePoly City - Low Poly Assets/Models/Vehicle_Bus_separate.fbx
  artifactKey: Guid(bec0886ced73844469c2edf3ebb4b047) Importer(2089858483,192608db42251d675da83286b1cce702)
Start importing Assets/SimplePoly City - Low Poly Assets/Models/Vehicle_Bus_separate.fbx using Guid(bec0886ced73844469c2edf3ebb4b047) Importer(2089858483,192608db42251d675da83286b1cce702) (ScriptedImporter) -> (artifact id: '3384d95dc41a892aed7eaebe96062269') in 0.0209789 seconds
Number of updated asset objects reloaded before import = 0Number of asset objects unloaded after import = 31

========================================================================
Received Import Request.
  Time since last request: 0.000019 seconds.
  path: Assets/SimplePoly City - Low Poly Assets/Models/Natures_Pot Bush_small.fbx
  artifactKey: Guid(2c5a85095f7a19d479cf428b0ed03e0b) Importer(2089858483,192608db42251d675da83286b1cce702)
Start importing Assets/SimplePoly City - Low Poly Assets/Models/Natures_Pot Bush_small.fbx using Guid(2c5a85095f7a19d479cf428b0ed03e0b) Importer(2089858483,192608db42251d675da83286b1cce702) (ScriptedImporter) -> (artifact id: '8bd1824fa08ae21bc164f80ccef0fb37') in 0.0157057 seconds
Number of updated asset objects reloaded before import = 0Number of asset objects unloaded after import = 9

========================================================================
Received Import Request.
  Time since last request: 0.000016 seconds.
  path: Assets/SimplePoly City - Low Poly Assets/Prefab/Buildings/Building_House_01_color02.prefab
  artifactKey: Guid(1f284b42849610642bfb5d418a57840b) Importer(2089858483,192608db42251d675da83286b1cce702)
Start importing Assets/SimplePoly City - Low Poly Assets/Prefab/Buildings/Building_House_01_color02.prefab using Guid(1f284b42849610642bfb5d418a57840b) Importer(2089858483,192608db42251d675da83286b1cce702) (ScriptedImporter) -> (artifact id: '6b32a2bbcd3633a16084bab88ad37fd5') in 0.0134766 seconds
Number of updated asset objects reloaded before import = 0Number of asset objects unloaded after import = 8

========================================================================
Received Import Request.
  Time since last request: 0.000017 seconds.
  path: Assets/SimplePoly City - Low Poly Assets/Models/Road Corner_01.fbx
  artifactKey: Guid(17f3d60dae6c4024d980ef9e7722acaa) Importer(2089858483,192608db42251d675da83286b1cce702)
Start importing Assets/SimplePoly City - Low Poly Assets/Models/Road Corner_01.fbx using Guid(17f3d60dae6c4024d980ef9e7722acaa) Importer(2089858483,192608db42251d675da83286b1cce702) (ScriptedImporter) -> (artifact id: 'b7cfc5a393e57bb4e1a2c4be7b85ca1f') in 0.0163209 seconds
Number of updated asset objects reloaded before import = 0Number of asset objects unloaded after import = 9

========================================================================
Received Import Request.
  Time since last request: 0.000014 seconds.
  path: Assets/SimplePoly City - Low Poly Assets/Textures/Vehicle_Ambulance.png
  artifactKey: Guid(17940d1c2e08c404aa577caf96bbaec2) Importer(2089858483,192608db42251d675da83286b1cce702)
Start importing Assets/SimplePoly City - Low Poly Assets/Textures/Vehicle_Ambulance.png using Guid(17940d1c2e08c404aa577caf96bbaec2) Importer(2089858483,192608db42251d675da83286b1cce702) (ScriptedImporter) -> (artifact id: '687921300194cd129f7fbd3f5481b64f') in 0.0155863 seconds
Number of updated asset objects reloaded before import = 0Number of asset objects unloaded after import = 1

========================================================================
Received Import Request.
  Time since last request: 0.000018 seconds.
  path: Assets/SimplePoly City - Low Poly Assets/Textures/Vehicle_Truck_2.png
  artifactKey: Guid(b2c12c53daa560a46aa1c588f930acd9) Importer(2089858483,192608db42251d675da83286b1cce702)
Start importing Assets/SimplePoly City - Low Poly Assets/Textures/Vehicle_Truck_2.png using Guid(b2c12c53daa560a46aa1c588f930acd9) Importer(2089858483,192608db42251d675da83286b1cce702) (ScriptedImporter) -> (artifact id: 'da0491c9cbb7cee0f8cb3914427e5827') in 0.0178127 seconds
Number of updated asset objects reloaded before import = 0Number of asset objects unloaded after import = 1

========================================================================
Received Import Request.
  Time since last request: 0.000016 seconds.
  path: Assets/SimplePoly City - Low Poly Assets/Prefab/Vehicles/Vehicle with Separated Wheels/Vehicle_SUV_color02_separate.prefab
  artifactKey: Guid(a7cd9ad30e9d4c146986aa1e6694b9e5) Importer(2089858483,192608db42251d675da83286b1cce702)
Start importing Assets/SimplePoly City - Low Poly Assets/Prefab/Vehicles/Vehicle with Separated Wheels/Vehicle_SUV_color02_separate.prefab using Guid(a7cd9ad30e9d4c146986aa1e6694b9e5) Importer(2089858483,192608db42251d675da83286b1cce702) (ScriptedImporter) -> (artifact id: '8e6da2e2e5a7d715cee75e8b778de892') in 0.0245309 seconds
Number of updated asset objects reloaded before import = 0Number of asset objects unloaded after import = 29

========================================================================
Received Import Request.
  Time since last request: 0.000016 seconds.
  path: Assets/SimplePoly City - Low Poly Assets/Models/Building_Super Market.fbx
  artifactKey: Guid(fad753de86ef7464790653995e61e7c4) Importer(2089858483,192608db42251d675da83286b1cce702)
Start importing Assets/SimplePoly City - Low Poly Assets/Models/Building_Super Market.fbx using Guid(fad753de86ef7464790653995e61e7c4) Importer(2089858483,192608db42251d675da83286b1cce702) (ScriptedImporter) -> (artifact id: 'c72b335d2681e9c09bd11d17be8a97a3') in 0.0165711 seconds
Number of updated asset objects reloaded before import = 0Number of asset objects unloaded after import = 9

========================================================================
Received Import Request.
  Time since last request: 0.000014 seconds.
  path: Assets/SimplePoly City - Low Poly Assets/Prefab/Buildings/Building_Factory.prefab
  artifactKey: Guid(f6674c1362ba984468bc1e71a2323d66) Importer(2089858483,192608db42251d675da83286b1cce702)
Start importing Assets/SimplePoly City - Low Poly Assets/Prefab/Buildings/Building_Factory.prefab using Guid(f6674c1362ba984468bc1e71a2323d66) Importer(2089858483,192608db42251d675da83286b1cce702) (ScriptedImporter) -> (artifact id: '58cac8a74f5c1897e0834eb7a3e1466e') in 0.0139677 seconds
Number of updated asset objects reloaded before import = 0Number of asset objects unloaded after import = 8

========================================================================
Received Import Request.
  Time since last request: 0.000016 seconds.
  path: Assets/SimplePoly City - Low Poly Assets
  artifactKey: Guid(3093394b73402f24ea21c1d0add2c9e9) Importer(2089858483,192608db42251d675da83286b1cce702)
Start importing Assets/SimplePoly City - Low Poly Assets using Guid(3093394b73402f24ea21c1d0add2c9e9) Importer(2089858483,192608db42251d675da83286b1cce702) (ScriptedImporter) -> (artifact id: '34d9cf151fd9553023c662874d7a1a49') in 0.0087739 seconds
Number of updated asset objects reloaded before import = 0Number of asset objects unloaded after import = 1

========================================================================
Received Import Request.
  Time since last request: 0.000017 seconds.
  path: Assets/SimplePoly City - Low Poly Assets/Prefab/Vehicles/Vehicle with Separated Wheels/Vehicle_Container_color03_separate.prefab
  artifactKey: Guid(a8a6e2e210e71bc4ab5ba85122928ac8) Importer(2089858483,192608db42251d675da83286b1cce702)
Start importing Assets/SimplePoly City - Low Poly Assets/Prefab/Vehicles/Vehicle with Separated Wheels/Vehicle_Container_color03_separate.prefab using Guid(a8a6e2e210e71bc4ab5ba85122928ac8) Importer(2089858483,192608db42251d675da83286b1cce702) (ScriptedImporter) -> (artifact id: '39a76f692a84828d09499ea94d674521') in 0.0294508 seconds
Number of updated asset objects reloaded before import = 0Number of asset objects unloaded after import = 39

========================================================================
Received Import Request.
  Time since last request: 0.000019 seconds.
  path: Assets/SimplePoly City - Low Poly Assets/Models/Natures_Rock_small.fbx
  artifactKey: Guid(099a2df3d1c472a43907d07813eee880) Importer(2089858483,192608db42251d675da83286b1cce702)
Start importing Assets/SimplePoly City - Low Poly Assets/Models/Natures_Rock_small.fbx using Guid(099a2df3d1c472a43907d07813eee880) Importer(2089858483,192608db42251d675da83286b1cce702) (ScriptedImporter) -> (artifact id: '9541f995072e9e32bc68717f27d69c71') in 0.0169293 seconds
Number of updated asset objects reloaded before import = 0Number of asset objects unloaded after import = 9

========================================================================
Received Import Request.
  Time since last request: 0.000023 seconds.
  path: Assets/SimplePoly City - Low Poly Assets/Models/Props_Traffic Signal_big.fbx
  artifactKey: Guid(773c211b627e8c648b96743ec461a88f) Importer(2089858483,192608db42251d675da83286b1cce702)
Start importing Assets/SimplePoly City - Low Poly Assets/Models/Props_Traffic Signal_big.fbx using Guid(773c211b627e8c648b96743ec461a88f) Importer(2089858483,192608db42251d675da83286b1cce702) (ScriptedImporter) -> (artifact id: '4265413e90c4f4ea90e579fe40b27a9d') in 0.0245472 seconds
Number of updated asset objects reloaded before import = 0Number of asset objects unloaded after import = 9

========================================================================
Received Import Request.
  Time since last request: 0.000014 seconds.
  path: Assets/SimplePoly City - Low Poly Assets/Materials/Building_Fruits  Shop.mat
  artifactKey: Guid(ae4c28532c8b3154a80bef6e9ca5939c) Importer(2089858483,192608db42251d675da83286b1cce702)
Start importing Assets/SimplePoly City - Low Poly Assets/Materials/Building_Fruits  Shop.mat using Guid(ae4c28532c8b3154a80bef6e9ca5939c) Importer(2089858483,192608db42251d675da83286b1cce702) (ScriptedImporter) -> (artifact id: 'f6b55816e5a366c70e70d4ef89229abe') in 0.0111291 seconds
Number of updated asset objects reloaded before import = 0Number of asset objects unloaded after import = 2

========================================================================
Received Import Request.
  Time since last request: 0.000017 seconds.
  path: Assets/SimplePoly City - Low Poly Assets/Textures/Props_BillBoard_medium.png
  artifactKey: Guid(6072b375808a0114394ccc42008e4d54) Importer(2089858483,192608db42251d675da83286b1cce702)
Start importing Assets/SimplePoly City - Low Poly Assets/Textures/Props_BillBoard_medium.png using Guid(6072b375808a0114394ccc42008e4d54) Importer(2089858483,192608db42251d675da83286b1cce702) (ScriptedImporter) -> (artifact id: '6237d1f773ce766a5df89932c0ef869d') in 0.052597 seconds
Number of updated asset objects reloaded before import = 0Number of asset objects unloaded after import = 1

========================================================================
Received Import Request.
  Time since last request: 0.000014 seconds.
  path: Assets/SimplePoly City - Low Poly Assets/Materials/Building Sky_big_color02.mat
  artifactKey: Guid(ba66acee62948c24baacd1186810d424) Importer(2089858483,192608db42251d675da83286b1cce702)
Start importing Assets/SimplePoly City - Low Poly Assets/Materials/Building Sky_big_color02.mat using Guid(ba66acee62948c24baacd1186810d424) Importer(2089858483,192608db42251d675da83286b1cce702) (ScriptedImporter) -> (artifact id: '4bd148d94a91325f2c29efda5a426622') in 0.012095 seconds
Number of updated asset objects reloaded before import = 0Number of asset objects unloaded after import = 2

========================================================================
Received Import Request.
  Time since last request: 0.000016 seconds.
  path: Assets/SimplePoly City - Low Poly Assets/Models/Building_House_01_color01.fbx
  artifactKey: Guid(6fddb771ca917c6498310bcc16a817e6) Importer(2089858483,192608db42251d675da83286b1cce702)
Start importing Assets/SimplePoly City - Low Poly Assets/Models/Building_House_01_color01.fbx using Guid(6fddb771ca917c6498310bcc16a817e6) Importer(2089858483,192608db42251d675da83286b1cce702) (ScriptedImporter) -> (artifact id: '75341ca4121495c3eef2ae3ca096ec1b') in 0.0169564 seconds
Number of updated asset objects reloaded before import = 0Number of asset objects unloaded after import = 9

========================================================================
Received Import Request.
  Time since last request: 0.000015 seconds.
  path: Assets/SimplePoly City - Low Poly Assets/Models/Road Lane_01.fbx
  artifactKey: Guid(e3c71c50de390ec4190b877211ba0717) Importer(2089858483,192608db42251d675da83286b1cce702)
Start importing Assets/SimplePoly City - Low Poly Assets/Models/Road Lane_01.fbx using Guid(e3c71c50de390ec4190b877211ba0717) Importer(2089858483,192608db42251d675da83286b1cce702) (ScriptedImporter) -> (artifact id: '2690a0c048ade1fa7c01ac05a123de82') in 0.0175236 seconds
Number of updated asset objects reloaded before import = 0Number of asset objects unloaded after import = 9

========================================================================
Received Import Request.
  Time since last request: 0.000018 seconds.
  path: Assets/SimplePoly City - Low Poly Assets/Prefab/Vehicles/Vehicle with Separated Wheels/Vehicle_Truck_color02_separate.prefab
  artifactKey: Guid(f119644f5530c1044aa946bb6b18bb13) Importer(2089858483,192608db42251d675da83286b1cce702)
Start importing Assets/SimplePoly City - Low Poly Assets/Prefab/Vehicles/Vehicle with Separated Wheels/Vehicle_Truck_color02_separate.prefab using Guid(f119644f5530c1044aa946bb6b18bb13) Importer(2089858483,192608db42251d675da83286b1cce702) (ScriptedImporter) -> (artifact id: '4bbfff2cda1f9610852651ba351afbb1') in 0.0395618 seconds
Number of updated asset objects reloaded before import = 0Number of asset objects unloaded after import = 39

========================================================================
Received Import Request.
  Time since last request: 0.000017 seconds.
  path: Assets/SimplePoly City - Low Poly Assets/Models/Building_House_03_color01.fbx
  artifactKey: Guid(4290fe0579b63f4429763c6c6d2f242d) Importer(2089858483,192608db42251d675da83286b1cce702)
Start importing Assets/SimplePoly City - Low Poly Assets/Models/Building_House_03_color01.fbx using Guid(4290fe0579b63f4429763c6c6d2f242d) Importer(2089858483,192608db42251d675da83286b1cce702) (ScriptedImporter) -> (artifact id: '89db93069ac8e9043b479f4c06d8adfe') in 0.0223365 seconds
Number of updated asset objects reloaded before import = 0Number of asset objects unloaded after import = 9

========================================================================
Received Import Request.
  Time since last request: 0.000019 seconds.
  path: Assets/SimplePoly City - Low Poly Assets/Materials/Building_House_03_color01.mat
  artifactKey: Guid(ca3609b9bffbfb14ab8e97e2329ad3b0) Importer(2089858483,192608db42251d675da83286b1cce702)
Start importing Assets/SimplePoly City - Low Poly Assets/Materials/Building_House_03_color01.mat using Guid(ca3609b9bffbfb14ab8e97e2329ad3b0) Importer(2089858483,192608db42251d675da83286b1cce702) (ScriptedImporter) -> (artifact id: 'b7c39776e4f642e1ad820dc34d5fc46c') in 0.0116502 seconds
Number of updated asset objects reloaded before import = 0Number of asset objects unloaded after import = 2

========================================================================
Received Import Request.
  Time since last request: 0.000024 seconds.
  path: Assets/SimplePoly City - Low Poly Assets/Materials/Vehicle_Truck_color03.mat
  artifactKey: Guid(7e719e1ad4449a2489e25a6f4d6e8019) Importer(2089858483,192608db42251d675da83286b1cce702)
Start importing Assets/SimplePoly City - Low Poly Assets/Materials/Vehicle_Truck_color03.mat using Guid(7e719e1ad4449a2489e25a6f4d6e8019) Importer(2089858483,192608db42251d675da83286b1cce702) (ScriptedImporter) -> (artifact id: 'e3488ab3c8831e0b05e8310e3ddd1c53') in 0.0116255 seconds
Number of updated asset objects reloaded before import = 0Number of asset objects unloaded after import = 2

========================================================================
Received Import Request.
  Time since last request: 0.000017 seconds.
  path: Assets/SimplePoly City - Low Poly Assets/Models/Building_Drug Store.fbx
  artifactKey: Guid(1860d34e1bb20454eafce0acf664508b) Importer(2089858483,192608db42251d675da83286b1cce702)
Start importing Assets/SimplePoly City - Low Poly Assets/Models/Building_Drug Store.fbx using Guid(1860d34e1bb20454eafce0acf664508b) Importer(2089858483,192608db42251d675da83286b1cce702) (ScriptedImporter) -> (artifact id: '47729a46c4da31e89023c6abbfeb057b') in 0.0169525 seconds
Number of updated asset objects reloaded before import = 0Number of asset objects unloaded after import = 9

========================================================================
Received Import Request.
  Time since last request: 0.000017 seconds.
  path: Assets/SimplePoly City - Low Poly Assets/Textures/Building_House_04_color02.png
  artifactKey: Guid(38f25d053637e924099f07d4d995d256) Importer(2089858483,192608db42251d675da83286b1cce702)
Start importing Assets/SimplePoly City - Low Poly Assets/Textures/Building_House_04_color02.png using Guid(38f25d053637e924099f07d4d995d256) Importer(2089858483,192608db42251d675da83286b1cce702) (ScriptedImporter) -> (artifact id: 'd1d3966b7bd5379d81c08a43965e0ad8') in 0.0149748 seconds
Number of updated asset objects reloaded before import = 0Number of asset objects unloaded after import = 1

========================================================================
Received Import Request.
  Time since last request: 0.000016 seconds.
  path: Assets/SimplePoly City - Low Poly Assets/Models/Building_Stadium.fbx
  artifactKey: Guid(8d799610519b6274c8bb35a7fd95f5f5) Importer(2089858483,192608db42251d675da83286b1cce702)
Start importing Assets/SimplePoly City - Low Poly Assets/Models/Building_Stadium.fbx using Guid(8d799610519b6274c8bb35a7fd95f5f5) Importer(2089858483,192608db42251d675da83286b1cce702) (ScriptedImporter) -> (artifact id: 'd3cdffa095e86fedfcb2df29e065a95d') in 0.2470895 seconds
Number of updated asset objects reloaded before import = 0Number of asset objects unloaded after import = 9

========================================================================
Received Import Request.
  Time since last request: 0.000021 seconds.
  path: Assets/SimplePoly City - Low Poly Assets/Materials/Building_Pizza.mat
  artifactKey: Guid(98387a5e673a6ab4dbed345505f5ca07) Importer(2089858483,192608db42251d675da83286b1cce702)
Start importing Assets/SimplePoly City - Low Poly Assets/Materials/Building_Pizza.mat using Guid(98387a5e673a6ab4dbed345505f5ca07) Importer(2089858483,192608db42251d675da83286b1cce702) (ScriptedImporter) -> (artifact id: '4a749f0aaaf970dde9f6cb28d5a5ea60') in 0.0118402 seconds
Number of updated asset objects reloaded before import = 0Number of asset objects unloaded after import = 2

========================================================================
Received Import Request.
  Time since last request: 0.000027 seconds.
  path: Assets/SimplePoly City - Low Poly Assets/Prefab/Props/Props_BillBoard_large.prefab
  artifactKey: Guid(653e28c8a1ae11240a6cdaac2f9ee8ea) Importer(2089858483,192608db42251d675da83286b1cce702)
Start importing Assets/SimplePoly City - Low Poly Assets/Prefab/Props/Props_BillBoard_large.prefab using Guid(653e28c8a1ae11240a6cdaac2f9ee8ea) Importer(2089858483,192608db42251d675da83286b1cce702) (ScriptedImporter) -> (artifact id: '1434a80ec726e605abda017a5055f7e4') in 0.0136859 seconds
Number of updated asset objects reloaded before import = 0Number of asset objects unloaded after import = 8

========================================================================
Received Import Request.
  Time since last request: 0.000018 seconds.
  path: Assets/SimplePoly City - Low Poly Assets/Prefab/Buildings/Building Sky_big_color02.prefab
  artifactKey: Guid(694e1313d3f12e84aaf959ff6960ddaf) Importer(2089858483,192608db42251d675da83286b1cce702)
Start importing Assets/SimplePoly City - Low Poly Assets/Prefab/Buildings/Building Sky_big_color02.prefab using Guid(694e1313d3f12e84aaf959ff6960ddaf) Importer(2089858483,192608db42251d675da83286b1cce702) (ScriptedImporter) -> (artifact id: '978ec6df7a07d52629cf9accfd9a9284') in 0.0124737 seconds
Number of updated asset objects reloaded before import = 0Number of asset objects unloaded after import = 8

========================================================================
Received Import Request.
  Time since last request: 0.000087 seconds.
  path: Assets/SimplePoly City - Low Poly Assets/Prefab/Vehicles/Vehicle with Static Wheels/Vehicle_Ambulance.prefab
  artifactKey: Guid(9b25e71fd5b7ac6469539d930c6dc2e6) Importer(2089858483,192608db42251d675da83286b1cce702)
Start importing Assets/SimplePoly City - Low Poly Assets/Prefab/Vehicles/Vehicle with Static Wheels/Vehicle_Ambulance.prefab using Guid(9b25e71fd5b7ac6469539d930c6dc2e6) Importer(2089858483,192608db42251d675da83286b1cce702) (ScriptedImporter) -> (artifact id: 'cfc35f49cdfc8a234bfd751b3f8475d6') in 0.015038 seconds
Number of updated asset objects reloaded before import = 0Number of asset objects unloaded after import = 8

========================================================================
Received Import Request.
  Time since last request: 0.000018 seconds.
  path: Assets/SimplePoly City - Low Poly Assets/Textures/Building_Gift Shop.png
  artifactKey: Guid(0ddba491ce4a04c4b8def1195e6300d8) Importer(2089858483,192608db42251d675da83286b1cce702)
Start importing Assets/SimplePoly City - Low Poly Assets/Textures/Building_Gift Shop.png using Guid(0ddba491ce4a04c4b8def1195e6300d8) Importer(2089858483,192608db42251d675da83286b1cce702) (ScriptedImporter) -> (artifact id: 'f44aab4304f770fc12b43bed08280da0') in 0.0164639 seconds
Number of updated asset objects reloaded before import = 0Number of asset objects unloaded after import = 1

========================================================================
Received Import Request.
  Time since last request: 0.000019 seconds.
  path: Assets/SimplePoly City - Low Poly Assets/Prefab/Natures
  artifactKey: Guid(94e8f44afd4ace94ea59afec7166ff0e) Importer(2089858483,192608db42251d675da83286b1cce702)
Start importing Assets/SimplePoly City - Low Poly Assets/Prefab/Natures using Guid(94e8f44afd4ace94ea59afec7166ff0e) Importer(2089858483,192608db42251d675da83286b1cce702) (ScriptedImporter) -> (artifact id: 'f5297be1bd3db80f2d62123f259648d1') in 0.0103826 seconds
Number of updated asset objects reloaded before import = 0Number of asset objects unloaded after import = 1

========================================================================
Received Import Request.
  Time since last request: 0.000019 seconds.
  path: Assets/SimplePoly City - Low Poly Assets/Materials/Building_Bakery.mat
  artifactKey: Guid(0f42aff1d68094547961d46298d2dba2) Importer(2089858483,192608db42251d675da83286b1cce702)
Start importing Assets/SimplePoly City - Low Poly Assets/Materials/Building_Bakery.mat using Guid(0f42aff1d68094547961d46298d2dba2) Importer(2089858483,192608db42251d675da83286b1cce702) (ScriptedImporter) -> (artifact id: '2135f74d37ce25a81cde5823941007fa') in 0.0121033 seconds
Number of updated asset objects reloaded before import = 0Number of asset objects unloaded after import = 2

========================================================================
Received Import Request.
  Time since last request: 0.000020 seconds.
  path: Assets/SimplePoly City - Low Poly Assets/Models/Road Lane_03.fbx
  artifactKey: Guid(ea4072799b7e8ef4d84f4a2cd70bb115) Importer(2089858483,192608db42251d675da83286b1cce702)
Start importing Assets/SimplePoly City - Low Poly Assets/Models/Road Lane_03.fbx using Guid(ea4072799b7e8ef4d84f4a2cd70bb115) Importer(2089858483,192608db42251d675da83286b1cce702) (ScriptedImporter) -> (artifact id: '4446a04cf09cf73774ac7851b433d27a') in 0.0195103 seconds
Number of updated asset objects reloaded before import = 0Number of asset objects unloaded after import = 9

========================================================================
Received Import Request.
  Time since last request: 0.000019 seconds.
  path: Assets/SimplePoly City - Low Poly Assets/Materials/Building_House_01_color03.mat
  artifactKey: Guid(b6d73c7816cc2914d8f49ccc54d19714) Importer(2089858483,192608db42251d675da83286b1cce702)
Start importing Assets/SimplePoly City - Low Poly Assets/Materials/Building_House_01_color03.mat using Guid(b6d73c7816cc2914d8f49ccc54d19714) Importer(2089858483,192608db42251d675da83286b1cce702) (ScriptedImporter) -> (artifact id: '900ffcb28448024f94d17b2a5d101864') in 0.0096754 seconds
Number of updated asset objects reloaded before import = 0Number of asset objects unloaded after import = 2

========================================================================
Received Import Request.
  Time since last request: 0.000014 seconds.
  path: Assets/SimplePoly City - Low Poly Assets/Textures/Building_Residential_color03.png
  artifactKey: Guid(10b9114ae4fb5014c9989aa81e2f168f) Importer(2089858483,192608db42251d675da83286b1cce702)
Start importing Assets/SimplePoly City - Low Poly Assets/Textures/Building_Residential_color03.png using Guid(10b9114ae4fb5014c9989aa81e2f168f) Importer(2089858483,192608db42251d675da83286b1cce702) (ScriptedImporter) -> (artifact id: '69de78b58d37bf96a0e2def3a887929c') in 0.0172759 seconds
Number of updated asset objects reloaded before import = 0Number of asset objects unloaded after import = 1

========================================================================
Received Import Request.
  Time since last request: 0.000020 seconds.
  path: Assets/SimplePoly City - Low Poly Assets/Prefab/Buildings/Building_Stadium.prefab
  artifactKey: Guid(00b78b03851cb0748b61d9005fb73b49) Importer(2089858483,192608db42251d675da83286b1cce702)
Start importing Assets/SimplePoly City - Low Poly Assets/Prefab/Buildings/Building_Stadium.prefab using Guid(00b78b03851cb0748b61d9005fb73b49) Importer(2089858483,192608db42251d675da83286b1cce702) (ScriptedImporter) -> (artifact id: 'daf401294bab141915db26ec5d6f4f0a') in 0.0547506 seconds
Number of updated asset objects reloaded before import = 0Number of asset objects unloaded after import = 8

========================================================================
Received Import Request.
  Time since last request: 0.000015 seconds.
  path: Assets/SimplePoly City - Low Poly Assets/Materials
  artifactKey: Guid(32e56afb74082ca4c8b1768f490d90cb) Importer(2089858483,192608db42251d675da83286b1cce702)
Start importing Assets/SimplePoly City - Low Poly Assets/Materials using Guid(32e56afb74082ca4c8b1768f490d90cb) Importer(2089858483,192608db42251d675da83286b1cce702) (ScriptedImporter) -> (artifact id: 'd66554ca472cd691a79e34900f2473a4') in 0.0089134 seconds
Number of updated asset objects reloaded before import = 0Number of asset objects unloaded after import = 1

========================================================================
Received Import Request.
  Time since last request: 0.000015 seconds.
  path: Assets/SimplePoly City - Low Poly Assets/Prefab/Vehicles/Vehicle with Static Wheels/Vehicle_Container_color03.prefab
  artifactKey: Guid(d20839e362efa3d4baa3d2ce1b4f2df4) Importer(2089858483,192608db42251d675da83286b1cce702)
Start importing Assets/SimplePoly City - Low Poly Assets/Prefab/Vehicles/Vehicle with Static Wheels/Vehicle_Container_color03.prefab using Guid(d20839e362efa3d4baa3d2ce1b4f2df4) Importer(2089858483,192608db42251d675da83286b1cce702) (ScriptedImporter) -> (artifact id: 'cbc9eca9e6827d4100c43c4d5b7807a8') in 0.0123642 seconds
Number of updated asset objects reloaded before import = 0Number of asset objects unloaded after import = 8

========================================================================
Received Import Request.
  Time since last request: 0.000019 seconds.
  path: Assets/SimplePoly City - Low Poly Assets/Materials/Props_BillBoard_large.mat
  artifactKey: Guid(f75e227920ccbc54a86b0f655ddc5b69) Importer(2089858483,192608db42251d675da83286b1cce702)
Start importing Assets/SimplePoly City - Low Poly Assets/Materials/Props_BillBoard_large.mat using Guid(f75e227920ccbc54a86b0f655ddc5b69) Importer(2089858483,192608db42251d675da83286b1cce702) (ScriptedImporter) -> (artifact id: 'e551f6ce5120d5c8cf8ae122b8bba36e') in 0.0113639 seconds
Number of updated asset objects reloaded before import = 0Number of asset objects unloaded after import = 2

========================================================================
Received Import Request.
  Time since last request: 0.000026 seconds.
  path: Assets/SimplePoly City - Low Poly Assets/Prefab/Vehicles/Vehicle with Static Wheels/Vehicle_SUV_color02.prefab
  artifactKey: Guid(b0ad868427d8c8a4b86144f9786776d3) Importer(2089858483,192608db42251d675da83286b1cce702)
Start importing Assets/SimplePoly City - Low Poly Assets/Prefab/Vehicles/Vehicle with Static Wheels/Vehicle_SUV_color02.prefab using Guid(b0ad868427d8c8a4b86144f9786776d3) Importer(2089858483,192608db42251d675da83286b1cce702) (ScriptedImporter) -> (artifact id: '4571d5afbf21a8e0c9b560c41d755204') in 0.0669249 seconds
Number of updated asset objects reloaded before import = 0Number of asset objects unloaded after import = 8

========================================================================
Received Import Request.
  Time since last request: 0.000017 seconds.
  path: Assets/SimplePoly City - Low Poly Assets/Prefab/Props/Props_Windmill.prefab
  artifactKey: Guid(0b6fafa63b69b174584365f2641586a4) Importer(2089858483,192608db42251d675da83286b1cce702)
Start importing Assets/SimplePoly City - Low Poly Assets/Prefab/Props/Props_Windmill.prefab using Guid(0b6fafa63b69b174584365f2641586a4) Importer(2089858483,192608db42251d675da83286b1cce702) (ScriptedImporter) -> (artifact id: '23210e976d6eb150d6cbfa45e98d4039') in 0.0131879 seconds
Number of updated asset objects reloaded before import = 0Number of asset objects unloaded after import = 15

========================================================================
Received Import Request.
  Time since last request: 0.000014 seconds.
  path: Assets/SimplePoly City - Low Poly Assets/Models/Vehicle_Truck_separate.fbx
  artifactKey: Guid(4d73dd8cdf5db944da1cd14e579cee1a) Importer(2089858483,192608db42251d675da83286b1cce702)
Start importing Assets/SimplePoly City - Low Poly Assets/Models/Vehicle_Truck_separate.fbx using Guid(4d73dd8cdf5db944da1cd14e579cee1a) Importer(2089858483,192608db42251d675da83286b1cce702) (ScriptedImporter) -> (artifact id: 'd923c7b2dcdca14a06b53b0b12739162') in 0.0220167 seconds
Number of updated asset objects reloaded before import = 0Number of asset objects unloaded after import = 41

========================================================================
Received Import Request.
  Time since last request: 0.000016 seconds.
  path: Assets/SimplePoly City - Low Poly Assets/Textures/Building_Factory.png
  artifactKey: Guid(952048546b1814f4480519f6d11e8c3c) Importer(2089858483,192608db42251d675da83286b1cce702)
Start importing Assets/SimplePoly City - Low Poly Assets/Textures/Building_Factory.png using Guid(952048546b1814f4480519f6d11e8c3c) Importer(2089858483,192608db42251d675da83286b1cce702) (ScriptedImporter) -> (artifact id: '52d56b945ad55b8ecfaf55cd68caf6c7') in 0.0157747 seconds
Number of updated asset objects reloaded before import = 0Number of asset objects unloaded after import = 1

========================================================================
Received Import Request.
  Time since last request: 0.000017 seconds.
  path: Assets/SimplePoly City - Low Poly Assets/Textures/Building Sky_small_color02.png
  artifactKey: Guid(81c454060dd1fd74d9e2b2e1ca3d0a58) Importer(2089858483,192608db42251d675da83286b1cce702)
Start importing Assets/SimplePoly City - Low Poly Assets/Textures/Building Sky_small_color02.png using Guid(81c454060dd1fd74d9e2b2e1ca3d0a58) Importer(2089858483,192608db42251d675da83286b1cce702) (ScriptedImporter) -> (artifact id: 'e777c2b0c1d4a3441cda0aace1221ac4') in 0.014917 seconds
Number of updated asset objects reloaded before import = 0Number of asset objects unloaded after import = 1

========================================================================
Received Import Request.
  Time since last request: 0.000016 seconds.
  path: Assets/SimplePoly City - Low Poly Assets/Prefab/Buildings/Building_Pizza.prefab
  artifactKey: Guid(1d53359c70324d14c989d7058b50ec6b) Importer(2089858483,192608db42251d675da83286b1cce702)
Start importing Assets/SimplePoly City - Low Poly Assets/Prefab/Buildings/Building_Pizza.prefab using Guid(1d53359c70324d14c989d7058b50ec6b) Importer(2089858483,192608db42251d675da83286b1cce702) (ScriptedImporter) -> (artifact id: 'fad28857578ace5b2da49be1838731a5') in 0.0636621 seconds
Number of updated asset objects reloaded before import = 0Number of asset objects unloaded after import = 8

========================================================================
Received Import Request.
  Time since last request: 0.000016 seconds.
  path: Assets/SimplePoly City - Low Poly Assets/Models/Road Tile Small.fbx
  artifactKey: Guid(c832ad2636f5fca47b8947e48a90fe48) Importer(2089858483,192608db42251d675da83286b1cce702)
Start importing Assets/SimplePoly City - Low Poly Assets/Models/Road Tile Small.fbx using Guid(c832ad2636f5fca47b8947e48a90fe48) Importer(2089858483,192608db42251d675da83286b1cce702) (ScriptedImporter) -> (artifact id: '113cd0ac3dee32494fbfa4ffc0515cf7') in 0.0151123 seconds
Number of updated asset objects reloaded before import = 0Number of asset objects unloaded after import = 9

========================================================================
Received Import Request.
  Time since last request: 0.000014 seconds.
  path: Assets/SimplePoly City - Low Poly Assets/Models/Building_House_04_color01.fbx
  artifactKey: Guid(600c276288a996744bd73e53635eba4c) Importer(2089858483,192608db42251d675da83286b1cce702)
Start importing Assets/SimplePoly City - Low Poly Assets/Models/Building_House_04_color01.fbx using Guid(600c276288a996744bd73e53635eba4c) Importer(2089858483,192608db42251d675da83286b1cce702) (ScriptedImporter) -> (artifact id: '2936c0d0f49969dc7736f482b2754b85') in 0.0198952 seconds
Number of updated asset objects reloaded before import = 0Number of asset objects unloaded after import = 9

========================================================================
Received Import Request.
  Time since last request: 0.000027 seconds.
  path: Assets/SimplePoly City - Low Poly Assets/Textures/Building_House_02_color03.png
  artifactKey: Guid(c8eafda441adc3e46951fc68b9da655a) Importer(2089858483,192608db42251d675da83286b1cce702)
Start importing Assets/SimplePoly City - Low Poly Assets/Textures/Building_House_02_color03.png using Guid(c8eafda441adc3e46951fc68b9da655a) Importer(2089858483,192608db42251d675da83286b1cce702) (ScriptedImporter) -> (artifact id: 'dd3b0ce0b4468589162fca11c6bf9b7e') in 0.0150342 seconds
Number of updated asset objects reloaded before import = 0Number of asset objects unloaded after import = 1

========================================================================
Received Import Request.
  Time since last request: 0.000017 seconds.
  path: Assets/SimplePoly City - Low Poly Assets/Textures/Building_Drug Store.png
  artifactKey: Guid(a2ca9c84c117c3e4d9779bfccd3e1b4e) Importer(2089858483,192608db42251d675da83286b1cce702)
Start importing Assets/SimplePoly City - Low Poly Assets/Textures/Building_Drug Store.png using Guid(a2ca9c84c117c3e4d9779bfccd3e1b4e) Importer(2089858483,192608db42251d675da83286b1cce702) (ScriptedImporter) -> (artifact id: '9dda2d5d89ca405f1dd59fdb06b3f2c9') in 0.0176887 seconds
Number of updated asset objects reloaded before import = 0Number of asset objects unloaded after import = 1

========================================================================
Received Import Request.
  Time since last request: 0.000018 seconds.
  path: Assets/SimplePoly City - Low Poly Assets/Textures/Building_Restaurant.png
  artifactKey: Guid(10b9543b11ed20e46ac740b4f092470d) Importer(2089858483,192608db42251d675da83286b1cce702)
Start importing Assets/SimplePoly City - Low Poly Assets/Textures/Building_Restaurant.png using Guid(10b9543b11ed20e46ac740b4f092470d) Importer(2089858483,192608db42251d675da83286b1cce702) (ScriptedImporter) -> (artifact id: '41c02eb5a9b2f024c433dc73a0f354a2') in 0.016254 seconds
Number of updated asset objects reloaded before import = 0Number of asset objects unloaded after import = 1

========================================================================
Received Import Request.
  Time since last request: 0.000016 seconds.
  path: Assets/SimplePoly City - Low Poly Assets/Textures/Vehicle_Taxi.png
  artifactKey: Guid(d9fe8b9f6a8a040408a6a74b3714c665) Importer(2089858483,192608db42251d675da83286b1cce702)
Start importing Assets/SimplePoly City - Low Poly Assets/Textures/Vehicle_Taxi.png using Guid(d9fe8b9f6a8a040408a6a74b3714c665) Importer(2089858483,192608db42251d675da83286b1cce702) (ScriptedImporter) -> (artifact id: '9cb7e97628b819ddb6fead68c1aa0665') in 0.0154534 seconds
Number of updated asset objects reloaded before import = 0Number of asset objects unloaded after import = 1

========================================================================
Received Import Request.
  Time since last request: 0.000111 seconds.
  path: Assets/SimplePoly City - Low Poly Assets/Textures/Building_House_01_color02.png
  artifactKey: Guid(330683d110e88b7478da95a46f14a30a) Importer(2089858483,192608db42251d675da83286b1cce702)
Start importing Assets/SimplePoly City - Low Poly Assets/Textures/Building_House_01_color02.png using Guid(330683d110e88b7478da95a46f14a30a) Importer(2089858483,192608db42251d675da83286b1cce702) (ScriptedImporter) -> (artifact id: 'b5cd1434f78c8d63075ca815fdb6a183') in 0.0140677 seconds
Number of updated asset objects reloaded before import = 0Number of asset objects unloaded after import = 1

========================================================================
Received Import Request.
  Time since last request: 0.000029 seconds.
  path: Assets/SimplePoly City - Low Poly Assets/Textures/Building_House_02_color02.png
  artifactKey: Guid(9cbdc88e77793ec4ab1d9f074f284bc5) Importer(2089858483,192608db42251d675da83286b1cce702)
Start importing Assets/SimplePoly City - Low Poly Assets/Textures/Building_House_02_color02.png using Guid(9cbdc88e77793ec4ab1d9f074f284bc5) Importer(2089858483,192608db42251d675da83286b1cce702) (ScriptedImporter) -> (artifact id: '8640403ec1bd20be13e876e1ce1fa535') in 0.0157843 seconds
Number of updated asset objects reloaded before import = 0Number of asset objects unloaded after import = 1

========================================================================
Received Import Request.
  Time since last request: 0.000015 seconds.
  path: Assets/SimplePoly City - Low Poly Assets/Textures/Building_House_01_color01.png
  artifactKey: Guid(993a27af83ba79149af2300cdf16973a) Importer(2089858483,192608db42251d675da83286b1cce702)
Start importing Assets/SimplePoly City - Low Poly Assets/Textures/Building_House_01_color01.png using Guid(993a27af83ba79149af2300cdf16973a) Importer(2089858483,192608db42251d675da83286b1cce702) (ScriptedImporter) -> (artifact id: '891bd78302bd163821354eb77cc41950') in 0.0136521 seconds
Number of updated asset objects reloaded before import = 0Number of asset objects unloaded after import = 1

========================================================================
Received Import Request.
  Time since last request: 0.000015 seconds.
  path: Assets/SimplePoly City - Low Poly Assets/Prefab/Vehicles
  artifactKey: Guid(9189a8c6ad4c9ea46a08e1a9e0cc7e28) Importer(2089858483,192608db42251d675da83286b1cce702)
Start importing Assets/SimplePoly City - Low Poly Assets/Prefab/Vehicles using Guid(9189a8c6ad4c9ea46a08e1a9e0cc7e28) Importer(2089858483,192608db42251d675da83286b1cce702) (ScriptedImporter) -> (artifact id: '7f2228cd1b6649151ffe06b6dcfe0b61') in 0.0088487 seconds
Number of updated asset objects reloaded before import = 0Number of asset objects unloaded after import = 1

========================================================================
Received Import Request.
  Time since last request: 0.000015 seconds.
  path: Assets/SimplePoly City - Low Poly Assets/Models/Vehicle_Container.fbx
  artifactKey: Guid(af2166692e99625489131a7bf2114bd6) Importer(2089858483,192608db42251d675da83286b1cce702)
Start importing Assets/SimplePoly City - Low Poly Assets/Models/Vehicle_Container.fbx using Guid(af2166692e99625489131a7bf2114bd6) Importer(2089858483,192608db42251d675da83286b1cce702) (ScriptedImporter) -> (artifact id: '8ef2eb01cf6f1bbed12cf320d5dae7f4') in 0.0156114 seconds
Number of updated asset objects reloaded before import = 0Number of asset objects unloaded after import = 9

========================================================================
Received Import Request.
  Time since last request: 0.000015 seconds.
  path: Assets/SimplePoly City - Low Poly Assets/Textures/Vehicle_Police Car.png
  artifactKey: Guid(c0aa9f00c18fd8f40babb473766f37eb) Importer(2089858483,192608db42251d675da83286b1cce702)
Start importing Assets/SimplePoly City - Low Poly Assets/Textures/Vehicle_Police Car.png using Guid(c0aa9f00c18fd8f40babb473766f37eb) Importer(2089858483,192608db42251d675da83286b1cce702) (ScriptedImporter) -> (artifact id: '7e104c8f580e75aa2c65465bf2f46dde') in 0.0148513 seconds
Number of updated asset objects reloaded before import = 0Number of asset objects unloaded after import = 1

========================================================================
Received Import Request.
  Time since last request: 0.000023 seconds.
  path: Assets/SimplePoly City - Low Poly Assets/Models/Building Sky_small_color01.fbx
  artifactKey: Guid(47a83e21f77098142be8ace3346172ed) Importer(2089858483,192608db42251d675da83286b1cce702)
Start importing Assets/SimplePoly City - Low Poly Assets/Models/Building Sky_small_color01.fbx using Guid(47a83e21f77098142be8ace3346172ed) Importer(2089858483,192608db42251d675da83286b1cce702) (ScriptedImporter) -> (artifact id: 'ac96ec269953edb162e5efc4f562e5be') in 0.0152346 seconds
Number of updated asset objects reloaded before import = 0Number of asset objects unloaded after import = 9

========================================================================
Received Import Request.
  Time since last request: 0.000013 seconds.
  path: Assets/SimplePoly City - Low Poly Assets/Materials/Building_Residential_color03.mat
  artifactKey: Guid(503a5bca82bfa754d93ab882c47b76d1) Importer(2089858483,192608db42251d675da83286b1cce702)
Start importing Assets/SimplePoly City - Low Poly Assets/Materials/Building_Residential_color03.mat using Guid(503a5bca82bfa754d93ab882c47b76d1) Importer(2089858483,192608db42251d675da83286b1cce702) (ScriptedImporter) -> (artifact id: '011c64a9a797eeccf73bf39e421e30ee') in 0.0111647 seconds
Number of updated asset objects reloaded before import = 0Number of asset objects unloaded after import = 2

========================================================================
Received Import Request.
  Time since last request: 0.000013 seconds.
  path: Assets/SimplePoly City - Low Poly Assets/Prefab/Vehicles/Vehicle with Static Wheels
  artifactKey: Guid(c675a7f5015171b4e9abd3c9883d7d04) Importer(2089858483,192608db42251d675da83286b1cce702)
Start importing Assets/SimplePoly City - Low Poly Assets/Prefab/Vehicles/Vehicle with Static Wheels using Guid(c675a7f5015171b4e9abd3c9883d7d04) Importer(2089858483,192608db42251d675da83286b1cce702) (ScriptedImporter) -> (artifact id: 'fced6022d0cd2a172a85aaedd4221537') in 0.0572725 seconds
Number of updated asset objects reloaded before import = 0Number of asset objects unloaded after import = 1

========================================================================
Received Import Request.
  Time since last request: 0.000035 seconds.
  path: Assets/SimplePoly City - Low Poly Assets/Models/Natures_Grass Bar.fbx
  artifactKey: Guid(60550932e430af1479cebb05e97130ae) Importer(2089858483,192608db42251d675da83286b1cce702)
Start importing Assets/SimplePoly City - Low Poly Assets/Models/Natures_Grass Bar.fbx using Guid(60550932e430af1479cebb05e97130ae) Importer(2089858483,192608db42251d675da83286b1cce702) (ScriptedImporter) -> (artifact id: '6af5b4c84ff69b17927ec152df08bf77') in 0.0161115 seconds
Number of updated asset objects reloaded before import = 0Number of asset objects unloaded after import = 9

========================================================================
Received Import Request.
  Time since last request: 0.000016 seconds.
  path: Assets/SimplePoly City - Low Poly Assets/Materials/Road.mat
  artifactKey: Guid(faa0cd7e7e1757945a22cce35d7069cd) Importer(2089858483,192608db42251d675da83286b1cce702)
Start importing Assets/SimplePoly City - Low Poly Assets/Materials/Road.mat using Guid(faa0cd7e7e1757945a22cce35d7069cd) Importer(2089858483,192608db42251d675da83286b1cce702) (ScriptedImporter) -> (artifact id: '3538067961cf6120d5613501ea87cd11') in 0.0087516 seconds
Number of updated asset objects reloaded before import = 0Number of asset objects unloaded after import = 2

========================================================================
Received Import Request.
  Time since last request: 0.000015 seconds.
  path: Assets/SimplePoly City - Low Poly Assets/Textures/Building_Super Market.png
  artifactKey: Guid(36aaf6a30be16934c8ba7886a9be97a5) Importer(2089858483,192608db42251d675da83286b1cce702)
Start importing Assets/SimplePoly City - Low Poly Assets/Textures/Building_Super Market.png using Guid(36aaf6a30be16934c8ba7886a9be97a5) Importer(2089858483,192608db42251d675da83286b1cce702) (ScriptedImporter) -> (artifact id: 'c5a603e5a0420d11849dd44ee6cdf9fe') in 0.0137071 seconds
Number of updated asset objects reloaded before import = 0Number of asset objects unloaded after import = 1

========================================================================
Received Import Request.
  Time since last request: 0.000016 seconds.
  path: Assets/SimplePoly City - Low Poly Assets/Prefab/Props/Props_Roof prop air.prefab
  artifactKey: Guid(120449a04911a924ca1239be382ff0be) Importer(2089858483,192608db42251d675da83286b1cce702)
Start importing Assets/SimplePoly City - Low Poly Assets/Prefab/Props/Props_Roof prop air.prefab using Guid(120449a04911a924ca1239be382ff0be) Importer(2089858483,192608db42251d675da83286b1cce702) (ScriptedImporter) -> (artifact id: 'def69bd8b7174569ce497dcd6f572620') in 0.0144421 seconds
Number of updated asset objects reloaded before import = 0Number of asset objects unloaded after import = 10

========================================================================
Received Import Request.
  Time since last request: 0.000016 seconds.
  path: Assets/SimplePoly City - Low Poly Assets/Models/Props_Bench_2.fbx
  artifactKey: Guid(fb901750ec5d32f46ad8179f6fb99b8a) Importer(2089858483,192608db42251d675da83286b1cce702)
Start importing Assets/SimplePoly City - Low Poly Assets/Models/Props_Bench_2.fbx using Guid(fb901750ec5d32f46ad8179f6fb99b8a) Importer(2089858483,192608db42251d675da83286b1cce702) (ScriptedImporter) -> (artifact id: '96a5c9eef19070bdf280c976e923b3ee') in 0.0153703 seconds
Number of updated asset objects reloaded before import = 0Number of asset objects unloaded after import = 9

========================================================================
Received Import Request.
  Time since last request: 0.000014 seconds.
  path: Assets/SimplePoly City - Low Poly Assets/Prefab/Vehicles/Vehicle with Separated Wheels/Vehicle_Pick up Truck_color02_separate.prefab
  artifactKey: Guid(b1969db97c2d8604ba4bfe3000a13858) Importer(2089858483,192608db42251d675da83286b1cce702)
Start importing Assets/SimplePoly City - Low Poly Assets/Prefab/Vehicles/Vehicle with Separated Wheels/Vehicle_Pick up Truck_color02_separate.prefab using Guid(b1969db97c2d8604ba4bfe3000a13858) Importer(2089858483,192608db42251d675da83286b1cce702) (ScriptedImporter) -> (artifact id: 'e3f4ff1b5a89d8614e927589ca758344') in 0.1133398 seconds
Number of updated asset objects reloaded before import = 0Number of asset objects unloaded after import = 29

========================================================================
Received Import Request.
  Time since last request: 0.000016 seconds.
  path: Assets/SimplePoly City - Low Poly Assets/Materials/Vehicle_Pick up Truck_color01.mat
  artifactKey: Guid(3ec7be87852e30f49a754a666cd49e56) Importer(2089858483,192608db42251d675da83286b1cce702)
Start importing Assets/SimplePoly City - Low Poly Assets/Materials/Vehicle_Pick up Truck_color01.mat using Guid(3ec7be87852e30f49a754a666cd49e56) Importer(2089858483,192608db42251d675da83286b1cce702) (ScriptedImporter) -> (artifact id: '3d312bef5e6cf9ae0ff04bd1ef6be10b') in 0.0100521 seconds
Number of updated asset objects reloaded before import = 0Number of asset objects unloaded after import = 2

========================================================================
Received Import Request.
  Time since last request: 0.000015 seconds.
  path: Assets/SimplePoly City - Low Poly Assets/Materials/Vehicle_SUV_color03.mat
  artifactKey: Guid(66866c7f5319a2d4ab19d87f65b08692) Importer(2089858483,192608db42251d675da83286b1cce702)
Start importing Assets/SimplePoly City - Low Poly Assets/Materials/Vehicle_SUV_color03.mat using Guid(66866c7f5319a2d4ab19d87f65b08692) Importer(2089858483,192608db42251d675da83286b1cce702) (ScriptedImporter) -> (artifact id: '7d453d8779cc53fede025b0dccf93d0d') in 0.0107368 seconds
Number of updated asset objects reloaded before import = 0Number of asset objects unloaded after import = 2

========================================================================
Received Import Request.
  Time since last request: 0.000014 seconds.
  path: Assets/SimplePoly City - Low Poly Assets/Materials/Vehicle_Container_color03.mat
  artifactKey: Guid(5e29c495f3970b64f9d09ce50f034ed4) Importer(2089858483,192608db42251d675da83286b1cce702)
Start importing Assets/SimplePoly City - Low Poly Assets/Materials/Vehicle_Container_color03.mat using Guid(5e29c495f3970b64f9d09ce50f034ed4) Importer(2089858483,192608db42251d675da83286b1cce702) (ScriptedImporter) -> (artifact id: '88850c8ae2a50cb9ca20a1d63cebad93') in 0.0100909 seconds
Number of updated asset objects reloaded before import = 0Number of asset objects unloaded after import = 2

========================================================================
Received Import Request.
  Time since last request: 0.000018 seconds.
  path: Assets/SimplePoly City - Low Poly Assets/Models/Building_Residential_color01.fbx
  artifactKey: Guid(42f28010e67310c4c9ea88fbc4084fc6) Importer(2089858483,192608db42251d675da83286b1cce702)
Start importing Assets/SimplePoly City - Low Poly Assets/Models/Building_Residential_color01.fbx using Guid(42f28010e67310c4c9ea88fbc4084fc6) Importer(2089858483,192608db42251d675da83286b1cce702) (ScriptedImporter) -> (artifact id: 'adab5f81214a3a00addf6e2c59b2764a') in 0.0163208 seconds
Number of updated asset objects reloaded before import = 0Number of asset objects unloaded after import = 9

========================================================================
Received Import Request.
  Time since last request: 0.000023 seconds.
  path: Assets/SimplePoly City - Low Poly Assets/Models/Props_BillBoard_large.fbx
  artifactKey: Guid(3b11d86015e5ec34498b9a3d432bd029) Importer(2089858483,192608db42251d675da83286b1cce702)
Start importing Assets/SimplePoly City - Low Poly Assets/Models/Props_BillBoard_large.fbx using Guid(3b11d86015e5ec34498b9a3d432bd029) Importer(2089858483,192608db42251d675da83286b1cce702) (ScriptedImporter) -> (artifact id: 'a40f0b5381405dcc63329810ca4bc073') in 0.0169095 seconds
Number of updated asset objects reloaded before import = 0Number of asset objects unloaded after import = 9

========================================================================
Received Import Request.
  Time since last request: 0.000015 seconds.
  path: Assets/SimplePoly City - Low Poly Assets/Textures/Building_Fast Food.png
  artifactKey: Guid(06b4c0119aac8524ca9230c7fabe315b) Importer(2089858483,192608db42251d675da83286b1cce702)
Start importing Assets/SimplePoly City - Low Poly Assets/Textures/Building_Fast Food.png using Guid(06b4c0119aac8524ca9230c7fabe315b) Importer(2089858483,192608db42251d675da83286b1cce702) (ScriptedImporter) -> (artifact id: 'f6efbec68dd774a364354088e1e19a5d') in 0.0132875 seconds
Number of updated asset objects reloaded before import = 0Number of asset objects unloaded after import = 1

========================================================================
Received Import Request.
  Time since last request: 0.000015 seconds.
  path: Assets/SimplePoly City - Low Poly Assets/Textures/Building_Books Shop.png
  artifactKey: Guid(29d6ba98d5bca734695ddaf5fdf19baf) Importer(2089858483,192608db42251d675da83286b1cce702)
Start importing Assets/SimplePoly City - Low Poly Assets/Textures/Building_Books Shop.png using Guid(29d6ba98d5bca734695ddaf5fdf19baf) Importer(2089858483,192608db42251d675da83286b1cce702) (ScriptedImporter) -> (artifact id: '8b8b04f71004c897608628b6dd8f6cca') in 0.0148122 seconds
Number of updated asset objects reloaded before import = 0Number of asset objects unloaded after import = 1

========================================================================
Received Import Request.
  Time since last request: 0.000017 seconds.
  path: Assets/SimplePoly City - Low Poly Assets/Prefab/Roads/Road Intersection_01.prefab
  artifactKey: Guid(47ef019eb3bddab469e56e5a31eebf68) Importer(2089858483,192608db42251d675da83286b1cce702)
Start importing Assets/SimplePoly City - Low Poly Assets/Prefab/Roads/Road Intersection_01.prefab using Guid(47ef019eb3bddab469e56e5a31eebf68) Importer(2089858483,192608db42251d675da83286b1cce702) (ScriptedImporter) -> (artifact id: 'c9c5e93d46c2a46b279d77ea1976a0f0') in 0.0114697 seconds
Number of updated asset objects reloaded before import = 0Number of asset objects unloaded after import = 8

========================================================================
Received Import Request.
  Time since last request: 0.000017 seconds.
  path: Assets/SimplePoly City - Low Poly Assets/Prefab/Natures/Natures_Bush_03.prefab
  artifactKey: Guid(47ea3e3caeb3c2845bbd9339bdc7a282) Importer(2089858483,192608db42251d675da83286b1cce702)
Start importing Assets/SimplePoly City - Low Poly Assets/Prefab/Natures/Natures_Bush_03.prefab using Guid(47ea3e3caeb3c2845bbd9339bdc7a282) Importer(2089858483,192608db42251d675da83286b1cce702) (ScriptedImporter) -> (artifact id: '2f03254ad9baed267a447ba4a1da37e7') in 0.2130833 seconds
Number of updated asset objects reloaded before import = 0Number of asset objects unloaded after import = 8

========================================================================
Received Import Request.
  Time since last request: 0.000020 seconds.
  path: Assets/SimplePoly City - Low Poly Assets/Prefab/Vehicles/Vehicle with Static Wheels/Vehicle_Police Car.prefab
  artifactKey: Guid(1af0a2c8773f85c40bdb120f32cd8a8a) Importer(2089858483,192608db42251d675da83286b1cce702)
Start importing Assets/SimplePoly City - Low Poly Assets/Prefab/Vehicles/Vehicle with Static Wheels/Vehicle_Police Car.prefab using Guid(1af0a2c8773f85c40bdb120f32cd8a8a) Importer(2089858483,192608db42251d675da83286b1cce702) (ScriptedImporter) -> (artifact id: '1b8c4ab5e24bd56c9fcce950aac91680') in 0.6209117 seconds
Number of updated asset objects reloaded before import = 0Number of asset objects unloaded after import = 8

========================================================================
Received Import Request.
  Time since last request: 0.000022 seconds.
  path: Assets/SimplePoly City - Low Poly Assets/Materials/Vehicle_Pick up Truck_color03.mat
  artifactKey: Guid(f3d0a94161d16b9449517d5d8f357098) Importer(2089858483,192608db42251d675da83286b1cce702)
Start importing Assets/SimplePoly City - Low Poly Assets/Materials/Vehicle_Pick up Truck_color03.mat using Guid(f3d0a94161d16b9449517d5d8f357098) Importer(2089858483,192608db42251d675da83286b1cce702) (ScriptedImporter) -> (artifact id: '735b6973cc3161ba1e6f5ee22dc58524') in 3.2098691 seconds
Number of updated asset objects reloaded before import = 0Number of asset objects unloaded after import = 2

========================================================================
Received Import Request.
  Time since last request: 0.019082 seconds.
  path: Assets/SimplePoly City - Low Poly Assets/Models/Natures_Pot Bush_big.fbx
  artifactKey: Guid(47c1421697edd00439084088bf4efb68) Importer(2089858483,192608db42251d675da83286b1cce702)
Start importing Assets/SimplePoly City - Low Poly Assets/Models/Natures_Pot Bush_big.fbx using Guid(47c1421697edd00439084088bf4efb68) Importer(2089858483,192608db42251d675da83286b1cce702) (ScriptedImporter) -> (artifact id: 'ac7b714de0eaa09414fb3492add9ae2f') in 0.0156049 seconds
Number of updated asset objects reloaded before import = 0Number of asset objects unloaded after import = 9

========================================================================
Received Import Request.
  Time since last request: 0.005115 seconds.
  path: Assets/Prefabs/Building Assortments
  artifactKey: Guid(17d982f0da87add43946e44aed926f3f) Importer(815301076,1909f56bfc062723c751e8b465ee728b)
Start importing Assets/Prefabs/Building Assortments using Guid(17d982f0da87add43946e44aed926f3f) Importer(815301076,1909f56bfc062723c751e8b465ee728b) (PreviewImporter) -> (artifact id: 'f5b1f5d0f99dbbb3fea56aa36c4f3b3d') in 0.0003635 seconds
Number of updated asset objects reloaded before import = 0Number of asset objects unloaded after import = 0

========================================================================
Received Import Request.
  Time since last request: 0.478258 seconds.
  path: Assets/SimplePoly City - Low Poly Assets/Materials/Building_House_04_color02.mat
  artifactKey: Guid(5969c1f4dba612842ac19dbf345dd211) Importer(2089858483,192608db42251d675da83286b1cce702)
Start importing Assets/SimplePoly City - Low Poly Assets/Materials/Building_House_04_color02.mat using Guid(5969c1f4dba612842ac19dbf345dd211) Importer(2089858483,192608db42251d675da83286b1cce702) (ScriptedImporter) -> (artifact id: '14d1ab9caf5d2c519dd4748dff940396') in 0.0115819 seconds
Number of updated asset objects reloaded before import = 0Number of asset objects unloaded after import = 2

========================================================================
Received Import Request.
  Time since last request: 0.487814 seconds.
  path: Assets/SimplePoly City - Low Poly Assets/Textures/Building Sky_small_color01.png
  artifactKey: Guid(bee58bddcdaac384fbe8998755d603fb) Importer(2089858483,192608db42251d675da83286b1cce702)
Start importing Assets/SimplePoly City - Low Poly Assets/Textures/Building Sky_small_color01.png using Guid(bee58bddcdaac384fbe8998755d603fb) Importer(2089858483,192608db42251d675da83286b1cce702) (ScriptedImporter) -> (artifact id: '792d6082ff4b8b6d3adf868829c908f6') in 0.0120797 seconds
Number of updated asset objects reloaded before import = 0Number of asset objects unloaded after import = 1

========================================================================
Received Import Request.
  Time since last request: 0.487827 seconds.
  path: Assets/SimplePoly City - Low Poly Assets/Prefab/Roads/Road Lane_03.prefab
  artifactKey: Guid(85348f60323277544b2b17a2d5c20f17) Importer(2089858483,192608db42251d675da83286b1cce702)
Start importing Assets/SimplePoly City - Low Poly Assets/Prefab/Roads/Road Lane_03.prefab using Guid(85348f60323277544b2b17a2d5c20f17) Importer(2089858483,192608db42251d675da83286b1cce702) (ScriptedImporter) -> (artifact id: 'cab9dff8dfe1e856c61394cde615fdd8') in 0.0106978 seconds
Number of updated asset objects reloaded before import = 0Number of asset objects unloaded after import = 8

========================================================================
Received Import Request.
  Time since last request: 0.488712 seconds.
  path: Assets/SimplePoly City - Low Poly Assets/Prefab/Buildings/Building Sky_small_color03.prefab
  artifactKey: Guid(35807f23e7899e541b60b2fb2bbb51ef) Importer(2089858483,192608db42251d675da83286b1cce702)
Start importing Assets/SimplePoly City - Low Poly Assets/Prefab/Buildings/Building Sky_small_color03.prefab using Guid(35807f23e7899e541b60b2fb2bbb51ef) Importer(2089858483,192608db42251d675da83286b1cce702) (ScriptedImporter) -> (artifact id: 'cadbe3f1130beccd94d1299fdd13e23d') in 0.0117048 seconds
Number of updated asset objects reloaded before import = 0Number of asset objects unloaded after import = 8

========================================================================
Received Import Request.
  Time since last request: 0.488974 seconds.
  path: Assets/SimplePoly City - Low Poly Assets/Materials/Vehicle_Car_color01.mat
  artifactKey: Guid(c55cd13c983151f488686d50353a716f) Importer(2089858483,192608db42251d675da83286b1cce702)
Start importing Assets/SimplePoly City - Low Poly Assets/Materials/Vehicle_Car_color01.mat using Guid(c55cd13c983151f488686d50353a716f) Importer(2089858483,192608db42251d675da83286b1cce702) (ScriptedImporter) -> (artifact id: 'e93f512eb39e8a1f2133a5a5c74a3a7a') in 0.0119331 seconds
Number of updated asset objects reloaded before import = 0Number of asset objects unloaded after import = 2

========================================================================
Received Import Request.
  Time since last request: 0.487247 seconds.
  path: Assets/Scenes/Prototype_1/Prototype_1_Game.unity
  artifactKey: Guid(97cbf9dd86ed1344398437f94afd520c) Importer(2089858483,192608db42251d675da83286b1cce702)
Start importing Assets/Scenes/Prototype_1/Prototype_1_Game.unity using Guid(97cbf9dd86ed1344398437f94afd520c) Importer(2089858483,192608db42251d675da83286b1cce702) (ScriptedImporter) -> (artifact id: 'f2d7d2b375c012a50acec749eb392cc2') in 0.0102233 seconds
Number of updated asset objects reloaded before import = 0Number of asset objects unloaded after import = 1

========================================================================
Received Import Request.
  Time since last request: 0.000016 seconds.
  path: Assets/SimplePoly City - Low Poly Assets/Models/Vehicle_Pick up Truck.fbx
  artifactKey: Guid(6780ac7fd67c9ab43aebe63ff3fb60aa) Importer(2089858483,192608db42251d675da83286b1cce702)
Start importing Assets/SimplePoly City - Low Poly Assets/Models/Vehicle_Pick up Truck.fbx using Guid(6780ac7fd67c9ab43aebe63ff3fb60aa) Importer(2089858483,192608db42251d675da83286b1cce702) (ScriptedImporter) -> (artifact id: 'e5da2765f01a8f5fd85c3ba571102df2') in 0.0156583 seconds
Number of updated asset objects reloaded before import = 0Number of asset objects unloaded after import = 9

========================================================================
Received Import Request.
  Time since last request: 0.000016 seconds.
  path: Assets/SimplePoly City - Low Poly Assets/Prefab/Roads/Road Intersection_02.prefab
  artifactKey: Guid(e5a98a4c41704e24eb7e4dafcc7c42b4) Importer(2089858483,192608db42251d675da83286b1cce702)
Start importing Assets/SimplePoly City - Low Poly Assets/Prefab/Roads/Road Intersection_02.prefab using Guid(e5a98a4c41704e24eb7e4dafcc7c42b4) Importer(2089858483,192608db42251d675da83286b1cce702) (ScriptedImporter) -> (artifact id: '28ade28c5879e3d07af2cca2db1e0eee') in 0.0105368 seconds
Number of updated asset objects reloaded before import = 0Number of asset objects unloaded after import = 8

========================================================================
Received Import Request.
  Time since last request: 0.000023 seconds.
  path: Assets/SimplePoly City - Low Poly Assets/Prefab/Natures/Natures_Rock_Big.prefab
  artifactKey: Guid(dac1a631b172e66469fb09e9987bcf57) Importer(2089858483,192608db42251d675da83286b1cce702)
Start importing Assets/SimplePoly City - Low Poly Assets/Prefab/Natures/Natures_Rock_Big.prefab using Guid(dac1a631b172e66469fb09e9987bcf57) Importer(2089858483,192608db42251d675da83286b1cce702) (ScriptedImporter) -> (artifact id: '318ae9e31cab49f21bd74aa9ecfc831d') in 0.0121614 seconds
Number of updated asset objects reloaded before import = 0Number of asset objects unloaded after import = 8

========================================================================
Received Import Request.
  Time since last request: 0.000017 seconds.
  path: Assets/SimplePoly City - Low Poly Assets/Prefab/Buildings/Building_House_02_color02.prefab
  artifactKey: Guid(8c3b216cc2b6dc04496d15009bc913cd) Importer(2089858483,192608db42251d675da83286b1cce702)
Start importing Assets/SimplePoly City - Low Poly Assets/Prefab/Buildings/Building_House_02_color02.prefab using Guid(8c3b216cc2b6dc04496d15009bc913cd) Importer(2089858483,192608db42251d675da83286b1cce702) (ScriptedImporter) -> (artifact id: 'c34573669139ad80a9d6acc895739498') in 0.012151 seconds
Number of updated asset objects reloaded before import = 0Number of asset objects unloaded after import = 8

========================================================================
Received Import Request.
  Time since last request: 0.000014 seconds.
  path: Assets/SimplePoly City - Low Poly Assets/Models/Props_Traffic Signal_small.fbx
  artifactKey: Guid(fbe896a67df88784abb1f38733468a13) Importer(2089858483,192608db42251d675da83286b1cce702)
Start importing Assets/SimplePoly City - Low Poly Assets/Models/Props_Traffic Signal_small.fbx using Guid(fbe896a67df88784abb1f38733468a13) Importer(2089858483,192608db42251d675da83286b1cce702) (ScriptedImporter) -> (artifact id: 'bff621f25775d775894c4c3802e7dc99') in 0.0158018 seconds
Number of updated asset objects reloaded before import = 0Number of asset objects unloaded after import = 9

========================================================================
Received Import Request.
  Time since last request: 0.000016 seconds.
  path: Assets/SimplePoly City - Low Poly Assets/Materials/Props_Props_01.mat
  artifactKey: Guid(1b96474fd045dce4a8b2ffba96618392) Importer(2089858483,192608db42251d675da83286b1cce702)
Start importing Assets/SimplePoly City - Low Poly Assets/Materials/Props_Props_01.mat using Guid(1b96474fd045dce4a8b2ffba96618392) Importer(2089858483,192608db42251d675da83286b1cce702) (ScriptedImporter) -> (artifact id: '7eb5dae86a30ae211ce378437c300ed8') in 0.0081426 seconds
Number of updated asset objects reloaded before import = 0Number of asset objects unloaded after import = 2

========================================================================
Received Import Request.
  Time since last request: 0.000014 seconds.
  path: Assets/SimplePoly City - Low Poly Assets/Models/Road Lane_02.fbx
  artifactKey: Guid(11b7c9a58a603e74caec54e139efb58d) Importer(2089858483,192608db42251d675da83286b1cce702)
Start importing Assets/SimplePoly City - Low Poly Assets/Models/Road Lane_02.fbx using Guid(11b7c9a58a603e74caec54e139efb58d) Importer(2089858483,192608db42251d675da83286b1cce702) (ScriptedImporter) -> (artifact id: '72a93e3a915eb7c91d61bd0fbe722886') in 0.0151296 seconds
Number of updated asset objects reloaded before import = 0Number of asset objects unloaded after import = 9

========================================================================
Received Import Request.
  Time since last request: 0.000014 seconds.
  path: Assets/SimplePoly City - Low Poly Assets/Models/Road T_Intersection_02.fbx
  artifactKey: Guid(a6fe5bcbc6a87fb41af9ba32e09b0cda) Importer(2089858483,192608db42251d675da83286b1cce702)
Start importing Assets/SimplePoly City - Low Poly Assets/Models/Road T_Intersection_02.fbx using Guid(a6fe5bcbc6a87fb41af9ba32e09b0cda) Importer(2089858483,192608db42251d675da83286b1cce702) (ScriptedImporter) -> (artifact id: '21c1452ff63366cc391396d5f9a4c3cb') in 0.016859 seconds
Number of updated asset objects reloaded before import = 0Number of asset objects unloaded after import = 9

========================================================================
Received Import Request.
  Time since last request: 0.000019 seconds.
  path: Assets/Prefabs/SceneManager.prefab
  artifactKey: Guid(115f88afcd30f5f4aa8ea776073667c3) Importer(2089858483,192608db42251d675da83286b1cce702)
Start importing Assets/Prefabs/SceneManager.prefab using Guid(115f88afcd30f5f4aa8ea776073667c3) Importer(2089858483,192608db42251d675da83286b1cce702) (ScriptedImporter) -> (artifact id: 'c2600dda9d1152576f7776bb333d69ca') in 0.0232272 seconds
Number of updated asset objects reloaded before import = 0Number of asset objects unloaded after import = 5

========================================================================
Received Import Request.
  Time since last request: 0.356051 seconds.
  path: Assets/SimplePoly City - Low Poly Assets/Models/Props_Coffee shop chair.fbx
  artifactKey: Guid(23816e0039304184c9d9f74b067ca30e) Importer(2089858483,192608db42251d675da83286b1cce702)
Start importing Assets/SimplePoly City - Low Poly Assets/Models/Props_Coffee shop chair.fbx using Guid(23816e0039304184c9d9f74b067ca30e) Importer(2089858483,192608db42251d675da83286b1cce702) (ScriptedImporter) -> (artifact id: '4e8b2facb4322150da728bbbcc4b8290') in 0.0166827 seconds
Number of updated asset objects reloaded before import = 0Number of asset objects unloaded after import = 9

========================================================================
Received Import Request.
  Time since last request: 0.000013 seconds.
  path: Assets/SimplePoly City - Low Poly Assets/Models/Props_Roof prop air.fbx
  artifactKey: Guid(dccc704d9a70b064b8d29fe27fcbc17b) Importer(2089858483,192608db42251d675da83286b1cce702)
Start importing Assets/SimplePoly City - Low Poly Assets/Models/Props_Roof prop air.fbx using Guid(dccc704d9a70b064b8d29fe27fcbc17b) Importer(2089858483,192608db42251d675da83286b1cce702) (ScriptedImporter) -> (artifact id: '2103c61e9f51a79d2a72f54892b3f9b5') in 0.0165772 seconds
Number of updated asset objects reloaded before import = 0Number of asset objects unloaded after import = 9

========================================================================
Received Import Request.
  Time since last request: 0.000015 seconds.
  path: Assets/SimplePoly City - Low Poly Assets/Prefab/Vehicles/Vehicle with Static Wheels/Vehicle_Container_color01.prefab
  artifactKey: Guid(979de0ac65f6d2b48a89e9088986637f) Importer(2089858483,192608db42251d675da83286b1cce702)
Start importing Assets/SimplePoly City - Low Poly Assets/Prefab/Vehicles/Vehicle with Static Wheels/Vehicle_Container_color01.prefab using Guid(979de0ac65f6d2b48a89e9088986637f) Importer(2089858483,192608db42251d675da83286b1cce702) (ScriptedImporter) -> (artifact id: '21db3af0591c14ab5e62830b3be170a9') in 0.0106675 seconds
Number of updated asset objects reloaded before import = 0Number of asset objects unloaded after import = 8

========================================================================
Received Import Request.
  Time since last request: 0.000020 seconds.
  path: Assets/SimplePoly City - Low Poly Assets/Prefab/Buildings/Building_Auto Service.prefab
  artifactKey: Guid(121f662ea65e2cf40a50c66470757a9e) Importer(2089858483,192608db42251d675da83286b1cce702)
Start importing Assets/SimplePoly City - Low Poly Assets/Prefab/Buildings/Building_Auto Service.prefab using Guid(121f662ea65e2cf40a50c66470757a9e) Importer(2089858483,192608db42251d675da83286b1cce702) (ScriptedImporter) -> (artifact id: '3fbccc9cb41418b8c51a27a77cb6efc6') in 0.0110845 seconds
Number of updated asset objects reloaded before import = 0Number of asset objects unloaded after import = 8

========================================================================
Received Import Request.
  Time since last request: 0.000016 seconds.
  path: Assets/SimplePoly City - Low Poly Assets/Prefab/Vehicles/Vehicle with Separated Wheels/Vehicle_Bus_color03_separate.prefab
  artifactKey: Guid(e1697ef5073defa458e40968ffff2b30) Importer(2089858483,192608db42251d675da83286b1cce702)
Start importing Assets/SimplePoly City - Low Poly Assets/Prefab/Vehicles/Vehicle with Separated Wheels/Vehicle_Bus_color03_separate.prefab using Guid(e1697ef5073defa458e40968ffff2b30) Importer(2089858483,192608db42251d675da83286b1cce702) (ScriptedImporter) -> (artifact id: '643526caa2094f99932082cb49a71aed') in 0.0299527 seconds
Number of updated asset objects reloaded before import = 0Number of asset objects unloaded after import = 29

========================================================================
Received Import Request.
  Time since last request: 0.000014 seconds.
  path: Assets/SimplePoly City - Low Poly Assets/Prefab/Buildings/Building_Residential_color01.prefab
  artifactKey: Guid(921b4e33443ab5943afa3c4841e74cae) Importer(2089858483,192608db42251d675da83286b1cce702)
Start importing Assets/SimplePoly City - Low Poly Assets/Prefab/Buildings/Building_Residential_color01.prefab using Guid(921b4e33443ab5943afa3c4841e74cae) Importer(2089858483,192608db42251d675da83286b1cce702) (ScriptedImporter) -> (artifact id: 'e01168b4b15e38365ab745cf97125a05') in 0.009043 seconds
Number of updated asset objects reloaded before import = 0Number of asset objects unloaded after import = 8

========================================================================
Received Import Request.
  Time since last request: 0.000018 seconds.
  path: Assets/Prefabs/Road.prefab
  artifactKey: Guid(b05839895dd2b7c44a9ffd81e1f92299) Importer(2089858483,192608db42251d675da83286b1cce702)
Start importing Assets/Prefabs/Road.prefab using Guid(b05839895dd2b7c44a9ffd81e1f92299) Importer(2089858483,192608db42251d675da83286b1cce702) (ScriptedImporter) -> (artifact id: 'f76835731ec8888c99822f6ea39dad4b') in 0.0097673 seconds
Number of updated asset objects reloaded before import = 0Number of asset objects unloaded after import = 13

========================================================================
Received Import Request.
  Time since last request: 0.000014 seconds.
  path: Assets/SimplePoly City - Low Poly Assets/Textures/Building_Fruits  Shop.png
  artifactKey: Guid(06486f90deb2cc24492333b868a4b0a2) Importer(2089858483,192608db42251d675da83286b1cce702)
Start importing Assets/SimplePoly City - Low Poly Assets/Textures/Building_Fruits  Shop.png using Guid(06486f90deb2cc24492333b868a4b0a2) Importer(2089858483,192608db42251d675da83286b1cce702) (ScriptedImporter) -> (artifact id: '4bcace29a5d24ef55758c68027f34fa6') in 0.025162 seconds
Number of updated asset objects reloaded before import = 0Number of asset objects unloaded after import = 1

========================================================================
Received Import Request.
  Time since last request: 0.000015 seconds.
  path: Assets/SimplePoly City - Low Poly Assets/Prefab/Buildings/Building_Residential_color03.prefab
  artifactKey: Guid(0064eb002f3790247969e12119bbf9d2) Importer(2089858483,192608db42251d675da83286b1cce702)
Start importing Assets/SimplePoly City - Low Poly Assets/Prefab/Buildings/Building_Residential_color03.prefab using Guid(0064eb002f3790247969e12119bbf9d2) Importer(2089858483,192608db42251d675da83286b1cce702) (ScriptedImporter) -> (artifact id: '6b0ca24ee9d5e0a147f43b30b3281855') in 0.0099686 seconds
Number of updated asset objects reloaded before import = 0Number of asset objects unloaded after import = 8

========================================================================
Received Import Request.
  Time since last request: 0.000014 seconds.
  path: Assets/SimplePoly City - Low Poly Assets/Prefab/Buildings/Building Sky_small_color02.prefab
  artifactKey: Guid(cc0981408e7c8db4f9f80a57938fd5e3) Importer(2089858483,192608db42251d675da83286b1cce702)
Start importing Assets/SimplePoly City - Low Poly Assets/Prefab/Buildings/Building Sky_small_color02.prefab using Guid(cc0981408e7c8db4f9f80a57938fd5e3) Importer(2089858483,192608db42251d675da83286b1cce702) (ScriptedImporter) -> (artifact id: '4e192539faae7675c6d05ceb19bbbf34') in 0.0111681 seconds
Number of updated asset objects reloaded before import = 0Number of asset objects unloaded after import = 8

========================================================================
Received Import Request.
  Time since last request: 0.000016 seconds.
  path: Assets/SimplePoly City - Low Poly Assets/Prefab/Props/Props_Street Light.prefab
  artifactKey: Guid(b8ee657c6800ab849bb30b4375d02323) Importer(2089858483,192608db42251d675da83286b1cce702)
Start importing Assets/SimplePoly City - Low Poly Assets/Prefab/Props/Props_Street Light.prefab using Guid(b8ee657c6800ab849bb30b4375d02323) Importer(2089858483,192608db42251d675da83286b1cce702) (ScriptedImporter) -> (artifact id: '358156f395a794976e32bed6a0453e26') in 0.0100658 seconds
Number of updated asset objects reloaded before import = 0Number of asset objects unloaded after import = 8

========================================================================
Received Import Request.
  Time since last request: 0.334460 seconds.
  path: Assets/SimplePoly City - Low Poly Assets/Materials/Props_TrafficProps.mat
  artifactKey: Guid(0ea03c6aa98d5224cb797d69c8ef34ca) Importer(2089858483,192608db42251d675da83286b1cce702)
Start importing Assets/SimplePoly City - Low Poly Assets/Materials/Props_TrafficProps.mat using Guid(0ea03c6aa98d5224cb797d69c8ef34ca) Importer(2089858483,192608db42251d675da83286b1cce702) (ScriptedImporter) -> (artifact id: '056b82e246159043effbfd29e53d38d4') in 0.010804 seconds
Number of updated asset objects reloaded before import = 0Number of asset objects unloaded after import = 2

========================================================================
Received Import Request.
  Time since last request: 0.000013 seconds.
  path: Assets/SimplePoly City - Low Poly Assets/Prefab/Vehicles/Vehicle with Static Wheels/Vehicle_Pick up Truck_color03.prefab
  artifactKey: Guid(ce2dd4bb67fdc684dac928dc2cfb7a0f) Importer(2089858483,192608db42251d675da83286b1cce702)
Start importing Assets/SimplePoly City - Low Poly Assets/Prefab/Vehicles/Vehicle with Static Wheels/Vehicle_Pick up Truck_color03.prefab using Guid(ce2dd4bb67fdc684dac928dc2cfb7a0f) Importer(2089858483,192608db42251d675da83286b1cce702) (ScriptedImporter) -> (artifact id: '6a4b24d0ef02f633c3cf18c2bc15a24a') in 0.0119381 seconds
Number of updated asset objects reloaded before import = 0Number of asset objects unloaded after import = 8

========================================================================
Received Import Request.
  Time since last request: 0.000016 seconds.
  path: Assets/SimplePoly City - Low Poly Assets/Models/Building_Music Store.fbx
  artifactKey: Guid(e6c7be1b4691ca441abe64159118907b) Importer(2089858483,192608db42251d675da83286b1cce702)
Start importing Assets/SimplePoly City - Low Poly Assets/Models/Building_Music Store.fbx using Guid(e6c7be1b4691ca441abe64159118907b) Importer(2089858483,192608db42251d675da83286b1cce702) (ScriptedImporter) -> (artifact id: '17d304a159af4d8d8fe7580955b8796c') in 0.0174726 seconds
Number of updated asset objects reloaded before import = 0Number of asset objects unloaded after import = 9

========================================================================
Received Import Request.
  Time since last request: 0.460187 seconds.
  path: Assets/SimplePoly City - Low Poly Assets/Materials/Building_Factory.mat
  artifactKey: Guid(abc266de8c01de040bfa48da3f006d12) Importer(2089858483,192608db42251d675da83286b1cce702)
Start importing Assets/SimplePoly City - Low Poly Assets/Materials/Building_Factory.mat using Guid(abc266de8c01de040bfa48da3f006d12) Importer(2089858483,192608db42251d675da83286b1cce702) (ScriptedImporter) -> (artifact id: 'fd331ac97dceb87a1e6f4bc47371f2c7') in 0.0109334 seconds
Number of updated asset objects reloaded before import = 0Number of asset objects unloaded after import = 2

========================================================================
Received Import Request.
  Time since last request: 0.425350 seconds.
  path: Assets/Prefabs/Building Assortments/BuildingAssortment_1.prefab
  artifactKey: Guid(eef81b63cfd6d804cb3c655b7df6cfa9) Importer(815301076,1909f56bfc062723c751e8b465ee728b)
Start importing Assets/Prefabs/Building Assortments/BuildingAssortment_1.prefab using Guid(eef81b63cfd6d804cb3c655b7df6cfa9) Importer(815301076,1909f56bfc062723c751e8b465ee728b) (PreviewImporter) -> (artifact id: 'a4b746c03b8608b19f81728252c048b3') in 0.0188283 seconds
Number of updated asset objects reloaded before import = 0Number of asset objects unloaded after import = 119

========================================================================
Received Import Request.
  Time since last request: 0.043935 seconds.
  path: Assets/SimplePoly City - Low Poly Assets/Materials/Building Sky_big_color03.mat
  artifactKey: Guid(a1a61be9dd7e91b4faec2c4eb7ca4e8c) Importer(2089858483,192608db42251d675da83286b1cce702)
Start importing Assets/SimplePoly City - Low Poly Assets/Materials/Building Sky_big_color03.mat using Guid(a1a61be9dd7e91b4faec2c4eb7ca4e8c) Importer(2089858483,192608db42251d675da83286b1cce702) (ScriptedImporter) -> (artifact id: 'c2987f761ad085d4a407f0c18de78e46') in 0.0107682 seconds
Number of updated asset objects reloaded before import = 0Number of asset objects unloaded after import = 2

========================================================================
Received Import Request.
  Time since last request: 0.000015 seconds.
  path: Assets/SimplePoly City - Low Poly Assets/Prefab/Roads/Road Tile Small.prefab
  artifactKey: Guid(a1eb827aa0413ab4a8b3b08c0e1a8c56) Importer(2089858483,192608db42251d675da83286b1cce702)
Start importing Assets/SimplePoly City - Low Poly Assets/Prefab/Roads/Road Tile Small.prefab using Guid(a1eb827aa0413ab4a8b3b08c0e1a8c56) Importer(2089858483,192608db42251d675da83286b1cce702) (ScriptedImporter) -> (artifact id: '18febece475328e88259f84349faf9ac') in 0.0130462 seconds
Number of updated asset objects reloaded before import = 0Number of asset objects unloaded after import = 8

========================================================================
Received Import Request.
  Time since last request: 0.000019 seconds.
  path: Assets/SimplePoly City - Low Poly Assets/Prefab/Natures/Natures_Grass Fence.prefab
  artifactKey: Guid(b14aef9a05449784da6735de9ec90b24) Importer(2089858483,192608db42251d675da83286b1cce702)
Start importing Assets/SimplePoly City - Low Poly Assets/Prefab/Natures/Natures_Grass Fence.prefab using Guid(b14aef9a05449784da6735de9ec90b24) Importer(2089858483,192608db42251d675da83286b1cce702) (ScriptedImporter) -> (artifact id: 'a0c6b76148b7239c53792eb8f3541ff7') in 0.0112792 seconds
Number of updated asset objects reloaded before import = 0Number of asset objects unloaded after import = 8

========================================================================
Received Import Request.
  Time since last request: 0.463509 seconds.
  path: Assets/SimplePoly City - Low Poly Assets/Prefab/Buildings/Building_House_04_color01.prefab
  artifactKey: Guid(63243ce2fd6113e4384abc2d949cb799) Importer(2089858483,192608db42251d675da83286b1cce702)
Start importing Assets/SimplePoly City - Low Poly Assets/Prefab/Buildings/Building_House_04_color01.prefab using Guid(63243ce2fd6113e4384abc2d949cb799) Importer(2089858483,192608db42251d675da83286b1cce702) (ScriptedImporter) -> (artifact id: '7845d2ebea571a0c47a8d6bbec367c94') in 0.0101969 seconds
Number of updated asset objects reloaded before import = 0Number of asset objects unloaded after import = 8

========================================================================
Received Import Request.
  Time since last request: 0.489013 seconds.
  path: Assets/SimplePoly City - Low Poly Assets/Models/Building_Pizza.fbx
  artifactKey: Guid(d015ce89362e9504890f33e36733d925) Importer(2089858483,192608db42251d675da83286b1cce702)
Start importing Assets/SimplePoly City - Low Poly Assets/Models/Building_Pizza.fbx using Guid(d015ce89362e9504890f33e36733d925) Importer(2089858483,192608db42251d675da83286b1cce702) (ScriptedImporter) -> (artifact id: 'c8db0bfe7d87aa1163778734f45649ee') in 0.0139357 seconds
Number of updated asset objects reloaded before import = 0Number of asset objects unloaded after import = 9

========================================================================
Received Import Request.
  Time since last request: 0.000016 seconds.
  path: Assets/SimplePoly City - Low Poly Assets/Textures/Building_House_01_color03.png
  artifactKey: Guid(08441d6894e45b14ca36aee71ac5ba19) Importer(2089858483,192608db42251d675da83286b1cce702)
Start importing Assets/SimplePoly City - Low Poly Assets/Textures/Building_House_01_color03.png using Guid(08441d6894e45b14ca36aee71ac5ba19) Importer(2089858483,192608db42251d675da83286b1cce702) (ScriptedImporter) -> (artifact id: '79a6b0a6ed7d87a6bfc054920aaf7d15') in 0.0136284 seconds
Number of updated asset objects reloaded before import = 0Number of asset objects unloaded after import = 1

========================================================================
Received Import Request.
  Time since last request: 0.471996 seconds.
  path: Assets/SimplePoly City - Low Poly Assets/Materials/Vehicle_Bus_color02.mat
  artifactKey: Guid(1ff3955181d667949a055e4e15ec3e8a) Importer(2089858483,192608db42251d675da83286b1cce702)
Start importing Assets/SimplePoly City - Low Poly Assets/Materials/Vehicle_Bus_color02.mat using Guid(1ff3955181d667949a055e4e15ec3e8a) Importer(2089858483,192608db42251d675da83286b1cce702) (ScriptedImporter) -> (artifact id: 'bc3b469825f281f47b7b6fe17a203832') in 0.0104559 seconds
Number of updated asset objects reloaded before import = 0Number of asset objects unloaded after import = 2

========================================================================
Received Import Request.
  Time since last request: 0.000015 seconds.
  path: Assets/SimplePoly City - Low Poly Assets/Materials/Vehicle_Car_color02.mat
  artifactKey: Guid(444598fdbae3357408ac7daa0fd9eabe) Importer(2089858483,192608db42251d675da83286b1cce702)
Start importing Assets/SimplePoly City - Low Poly Assets/Materials/Vehicle_Car_color02.mat using Guid(444598fdbae3357408ac7daa0fd9eabe) Importer(2089858483,192608db42251d675da83286b1cce702) (ScriptedImporter) -> (artifact id: '5bebd5b95ddfd4bb3dfee4ae4084e995') in 0.0113372 seconds
Number of updated asset objects reloaded before import = 0Number of asset objects unloaded after import = 2

========================================================================
Received Import Request.
  Time since last request: 0.000018 seconds.
  path: Assets/SimplePoly City - Low Poly Assets/Materials/Building_Bar.mat
  artifactKey: Guid(1a8b38fa8ecb06d4b8eadffe456fd574) Importer(2089858483,192608db42251d675da83286b1cce702)
Start importing Assets/SimplePoly City - Low Poly Assets/Materials/Building_Bar.mat using Guid(1a8b38fa8ecb06d4b8eadffe456fd574) Importer(2089858483,192608db42251d675da83286b1cce702) (ScriptedImporter) -> (artifact id: '67d4fe4bce6a1f300cfcd2cae9188419') in 0.0108452 seconds
Number of updated asset objects reloaded before import = 0Number of asset objects unloaded after import = 2

========================================================================
Received Import Request.
  Time since last request: 0.000023 seconds.
  path: Assets/SimplePoly City - Low Poly Assets/Textures/Building_Bakery.png
  artifactKey: Guid(09a293ef617f8cf49983c38c3d860c82) Importer(2089858483,192608db42251d675da83286b1cce702)
Start importing Assets/SimplePoly City - Low Poly Assets/Textures/Building_Bakery.png using Guid(09a293ef617f8cf49983c38c3d860c82) Importer(2089858483,192608db42251d675da83286b1cce702) (ScriptedImporter) -> (artifact id: '119472c673ffa88998d4290de6ceebdd') in 0.0135546 seconds
Number of updated asset objects reloaded before import = 0Number of asset objects unloaded after import = 1

========================================================================
Received Import Request.
  Time since last request: 0.000016 seconds.
  path: Assets/SimplePoly City - Low Poly Assets/Models/Vehicle_Taxi.fbx
  artifactKey: Guid(a7419a75ac6929e48842c0470aa44718) Importer(2089858483,192608db42251d675da83286b1cce702)
Start importing Assets/SimplePoly City - Low Poly Assets/Models/Vehicle_Taxi.fbx using Guid(a7419a75ac6929e48842c0470aa44718) Importer(2089858483,192608db42251d675da83286b1cce702) (ScriptedImporter) -> (artifact id: '860f88e8a43a720b9f37906d2d0b16df') in 0.0192854 seconds
Number of updated asset objects reloaded before import = 0Number of asset objects unloaded after import = 9

========================================================================
Received Import Request.
  Time since last request: 0.000027 seconds.
  path: Assets/SimplePoly City - Low Poly Assets/Prefab/Buildings/Building_House_01_color03.prefab
  artifactKey: Guid(92dcd407350173049ab8c86482fadf42) Importer(2089858483,192608db42251d675da83286b1cce702)
Start importing Assets/SimplePoly City - Low Poly Assets/Prefab/Buildings/Building_House_01_color03.prefab using Guid(92dcd407350173049ab8c86482fadf42) Importer(2089858483,192608db42251d675da83286b1cce702) (ScriptedImporter) -> (artifact id: 'ebd7fe71fde552e4785d93e7fe3304af') in 0.012516 seconds
Number of updated asset objects reloaded before import = 0Number of asset objects unloaded after import = 8

========================================================================
Received Import Request.
  Time since last request: 0.000016 seconds.
  path: Assets/SimplePoly City - Low Poly Assets/Models/Vehicle_SUV.fbx
  artifactKey: Guid(c887da5f6e3230f4aa38afe5e8e30387) Importer(2089858483,192608db42251d675da83286b1cce702)
Start importing Assets/SimplePoly City - Low Poly Assets/Models/Vehicle_SUV.fbx using Guid(c887da5f6e3230f4aa38afe5e8e30387) Importer(2089858483,192608db42251d675da83286b1cce702) (ScriptedImporter) -> (artifact id: 'f529c33e3ccfb5dacffa4ab0b0ade74c') in 0.0151562 seconds
Number of updated asset objects reloaded before import = 0Number of asset objects unloaded after import = 9

========================================================================
Received Import Request.
  Time since last request: 0.000018 seconds.
  path: Assets/SimplePoly City - Low Poly Assets/Prefab/Natures/Natures_House Floor.prefab
  artifactKey: Guid(2d5fb229ae2945742b900a405a5e7a0b) Importer(2089858483,192608db42251d675da83286b1cce702)
Start importing Assets/SimplePoly City - Low Poly Assets/Prefab/Natures/Natures_House Floor.prefab using Guid(2d5fb229ae2945742b900a405a5e7a0b) Importer(2089858483,192608db42251d675da83286b1cce702) (ScriptedImporter) -> (artifact id: 'b43ccb004230a9e76787ce679f6297f8') in 0.0344007 seconds
Number of updated asset objects reloaded before import = 0Number of asset objects unloaded after import = 10

========================================================================
Received Import Request.
  Time since last request: 0.000016 seconds.
  path: Assets/SimplePoly City - Low Poly Assets/Prefab/Props/Props_Roof Antenna.prefab
  artifactKey: Guid(acf38ccf2258add4ba3aa2d89b708d2a) Importer(2089858483,192608db42251d675da83286b1cce702)
Start importing Assets/SimplePoly City - Low Poly Assets/Prefab/Props/Props_Roof Antenna.prefab using Guid(acf38ccf2258add4ba3aa2d89b708d2a) Importer(2089858483,192608db42251d675da83286b1cce702) (ScriptedImporter) -> (artifact id: '5e528d6bfa88f89a42379af07e1c404b') in 0.0115342 seconds
Number of updated asset objects reloaded before import = 0Number of asset objects unloaded after import = 8

========================================================================
Received Import Request.
  Time since last request: 0.000014 seconds.
  path: Assets/SimplePoly City - Low Poly Assets/Textures/Vehicle_Bus_3.png
  artifactKey: Guid(f6e5e6c56838a5046bcfcdbf324b0f85) Importer(2089858483,192608db42251d675da83286b1cce702)
Start importing Assets/SimplePoly City - Low Poly Assets/Textures/Vehicle_Bus_3.png using Guid(f6e5e6c56838a5046bcfcdbf324b0f85) Importer(2089858483,192608db42251d675da83286b1cce702) (ScriptedImporter) -> (artifact id: 'ae21d748459cd19d7973e213da56777f') in 0.0124315 seconds
Number of updated asset objects reloaded before import = 0Number of asset objects unloaded after import = 1

========================================================================
Received Import Request.
  Time since last request: 0.000013 seconds.
  path: Assets/SimplePoly City - Low Poly Assets/Textures/Building_Coffee Shop.png
  artifactKey: Guid(939ea9febbadb6e4c906dcd31ca81e78) Importer(2089858483,192608db42251d675da83286b1cce702)
Start importing Assets/SimplePoly City - Low Poly Assets/Textures/Building_Coffee Shop.png using Guid(939ea9febbadb6e4c906dcd31ca81e78) Importer(2089858483,192608db42251d675da83286b1cce702) (ScriptedImporter) -> (artifact id: 'b60a263f56e05ce25c4396844a558e29') in 0.0140233 seconds
Number of updated asset objects reloaded before import = 0Number of asset objects unloaded after import = 1

========================================================================
Received Import Request.
  Time since last request: 0.829493 seconds.
  path: Assets/SimplePoly City - Low Poly Assets/Models/Building_Coffee Shop.fbx
  artifactKey: Guid(a120bc9095fe23d458dc299a94dc00a8) Importer(2089858483,192608db42251d675da83286b1cce702)
Start importing Assets/SimplePoly City - Low Poly Assets/Models/Building_Coffee Shop.fbx using Guid(a120bc9095fe23d458dc299a94dc00a8) Importer(2089858483,192608db42251d675da83286b1cce702) (ScriptedImporter) -> (artifact id: 'b4328bf49b8f75e81259039fffc58afa') in 0.0144394 seconds
Number of updated asset objects reloaded before import = 0Number of asset objects unloaded after import = 9

========================================================================
Received Import Request.
  Time since last request: 1.012534 seconds.
  path: Assets/Prefabs/Building Assortments/BuildingAssortment_1.prefab
  artifactKey: Guid(eef81b63cfd6d804cb3c655b7df6cfa9) Importer(2089858483,192608db42251d675da83286b1cce702)
Start importing Assets/Prefabs/Building Assortments/BuildingAssortment_1.prefab using Guid(eef81b63cfd6d804cb3c655b7df6cfa9) Importer(2089858483,192608db42251d675da83286b1cce702) (ScriptedImporter) -> (artifact id: 'a23fb576abef46820f9305a00a1931fa') in 0.0115741 seconds
Number of updated asset objects reloaded before import = 0Number of asset objects unloaded after import = 50

========================================================================
Received Import Request.
  Time since last request: 0.608198 seconds.
  path: Assets/Prefabs/Building Assortments
  artifactKey: Guid(17d982f0da87add43946e44aed926f3f) Importer(2089858483,192608db42251d675da83286b1cce702)
Start importing Assets/Prefabs/Building Assortments using Guid(17d982f0da87add43946e44aed926f3f) Importer(2089858483,192608db42251d675da83286b1cce702) (ScriptedImporter) -> (artifact id: '7d3820990836cbef4ec36965e9f76f2e') in 0.0087636 seconds
Number of updated asset objects reloaded before import = 0Number of asset objects unloaded after import = 1

========================================================================
Received Import Request.
  Time since last request: 6.556988 seconds.
  path: Assets/Scenes/Prototype_1/Prototype_1_Game.unity
  artifactKey: Guid(97cbf9dd86ed1344398437f94afd520c) Importer(2089858483,192608db42251d675da83286b1cce702)
Start importing Assets/Scenes/Prototype_1/Prototype_1_Game.unity using Guid(97cbf9dd86ed1344398437f94afd520c) Importer(2089858483,192608db42251d675da83286b1cce702) (ScriptedImporter) -> (artifact id: '89d014752d23aec6227b8671ca09503b') in 0.0105831 seconds
Number of updated asset objects reloaded before import = 0Number of asset objects unloaded after import = 1

========================================================================
Received Import Request.
  Time since last request: 45.639960 seconds.
  path: Assets/Scenes/Prototype_1/Prototype_1_Game.unity
  artifactKey: Guid(97cbf9dd86ed1344398437f94afd520c) Importer(815301076,1909f56bfc062723c751e8b465ee728b)
Start importing Assets/Scenes/Prototype_1/Prototype_1_Game.unity using Guid(97cbf9dd86ed1344398437f94afd520c) Importer(815301076,1909f56bfc062723c751e8b465ee728b) (PreviewImporter) -> (artifact id: '032c1b7931215d56d059e919cb9d30cc') in 0.0006649 seconds
Number of updated asset objects reloaded before import = 0Number of asset objects unloaded after import = 0

========================================================================
Received Import Request.
  Time since last request: 78.435079 seconds.
  path: Assets/Prefabs/Building Assortments/BuildingAssortment_2.prefab
  artifactKey: Guid(67aa15d34f6fbfd4ead6f96ae2b1d841) Importer(815301076,1909f56bfc062723c751e8b465ee728b)
Start importing Assets/Prefabs/Building Assortments/BuildingAssortment_2.prefab using Guid(67aa15d34f6fbfd4ead6f96ae2b1d841) Importer(815301076,1909f56bfc062723c751e8b465ee728b) (PreviewImporter) -> (artifact id: '8e89b21b55eba994e2ebf8d7df40f556') in 0.0182095 seconds
Number of updated asset objects reloaded before import = 0Number of asset objects unloaded after import = 129

========================================================================
Received Import Request.
  Time since last request: 0.971555 seconds.
  path: Assets/Prefabs/Building Assortments/BuildingAssortment_2.prefab
  artifactKey: Guid(67aa15d34f6fbfd4ead6f96ae2b1d841) Importer(2089858483,192608db42251d675da83286b1cce702)
Start importing Assets/Prefabs/Building Assortments/BuildingAssortment_2.prefab using Guid(67aa15d34f6fbfd4ead6f96ae2b1d841) Importer(2089858483,192608db42251d675da83286b1cce702) (ScriptedImporter) -> (artifact id: '9de83c727336caaf4085200ba521dc1d') in 0.0155587 seconds
Number of updated asset objects reloaded before import = 0Number of asset objects unloaded after import = 57

========================================================================
Received Import Request.
  Time since last request: 20.824129 seconds.
  path: Assets/Prefabs/Building Assortments/BuildingAssortment_2.prefab
  artifactKey: Guid(67aa15d34f6fbfd4ead6f96ae2b1d841) Importer(815301076,1909f56bfc062723c751e8b465ee728b)
Start importing Assets/Prefabs/Building Assortments/BuildingAssortment_2.prefab using Guid(67aa15d34f6fbfd4ead6f96ae2b1d841) Importer(815301076,1909f56bfc062723c751e8b465ee728b) (PreviewImporter) -> (artifact id: 'd0beb2d22c527bc001debe32515c9e93') in 0.0471212 seconds
Number of updated asset objects reloaded before import = 0Number of asset objects unloaded after import = 129

========================================================================
Received Import Request.
  Time since last request: 0.929971 seconds.
  path: Assets/Prefabs/Building Assortments/BuildingAssortment_2.prefab
  artifactKey: Guid(67aa15d34f6fbfd4ead6f96ae2b1d841) Importer(2089858483,192608db42251d675da83286b1cce702)
Start importing Assets/Prefabs/Building Assortments/BuildingAssortment_2.prefab using Guid(67aa15d34f6fbfd4ead6f96ae2b1d841) Importer(2089858483,192608db42251d675da83286b1cce702) (ScriptedImporter) -> (artifact id: '406a718983d5d805bc0be4c4652ff706') in 0.0139368 seconds
Number of updated asset objects reloaded before import = 0Number of asset objects unloaded after import = 57

========================================================================
Received Import Request.
  Time since last request: 2.030979 seconds.
  path: Assets/Prefabs/Building Assortments/BuildingAssortment_1.prefab
  artifactKey: Guid(eef81b63cfd6d804cb3c655b7df6cfa9) Importer(815301076,1909f56bfc062723c751e8b465ee728b)
Start importing Assets/Prefabs/Building Assortments/BuildingAssortment_1.prefab using Guid(eef81b63cfd6d804cb3c655b7df6cfa9) Importer(815301076,1909f56bfc062723c751e8b465ee728b) (PreviewImporter) -> (artifact id: '65da76b3d58978d87161012281c19388') in 0.0137982 seconds
Number of updated asset objects reloaded before import = 0Number of asset objects unloaded after import = 119

========================================================================
Received Import Request.
  Time since last request: 0.962085 seconds.
  path: Assets/Prefabs/Building Assortments/BuildingAssortment_1.prefab
  artifactKey: Guid(eef81b63cfd6d804cb3c655b7df6cfa9) Importer(2089858483,192608db42251d675da83286b1cce702)
Start importing Assets/Prefabs/Building Assortments/BuildingAssortment_1.prefab using Guid(eef81b63cfd6d804cb3c655b7df6cfa9) Importer(2089858483,192608db42251d675da83286b1cce702) (ScriptedImporter) -> (artifact id: 'a757b6e3500bd688f35a47e9d649477a') in 0.0137825 seconds
Number of updated asset objects reloaded before import = 0Number of asset objects unloaded after import = 50

========================================================================
Received Import Request.
  Time since last request: 1.142153 seconds.
  path: Assets/Scenes/Prototype_1/Prototype_1_Game.unity
  artifactKey: Guid(97cbf9dd86ed1344398437f94afd520c) Importer(2089858483,192608db42251d675da83286b1cce702)
Start importing Assets/Scenes/Prototype_1/Prototype_1_Game.unity using Guid(97cbf9dd86ed1344398437f94afd520c) Importer(2089858483,192608db42251d675da83286b1cce702) (ScriptedImporter) -> (artifact id: '790a46067c285358e901bd7bd4895afd') in 0.0092127 seconds
Number of updated asset objects reloaded before import = 0Number of asset objects unloaded after import = 1

========================================================================
Received Import Request.
  Time since last request: 206.299331 seconds.
  path: Assets/Scenes/Prototype_1/Prototype_1_Game.unity
  artifactKey: Guid(97cbf9dd86ed1344398437f94afd520c) Importer(2089858483,192608db42251d675da83286b1cce702)
Start importing Assets/Scenes/Prototype_1/Prototype_1_Game.unity using Guid(97cbf9dd86ed1344398437f94afd520c) Importer(2089858483,192608db42251d675da83286b1cce702) (ScriptedImporter) -> (artifact id: '2dbd6ccf3cd226679a963ec194281da2') in 0.0112738 seconds
Number of updated asset objects reloaded before import = 0Number of asset objects unloaded after import = 1

========================================================================
Received Import Request.
  Time since last request: 29.625066 seconds.
  path: Assets/Prefabs/Building Assortments/BuildingAssortment_3.prefab
  artifactKey: Guid(7b52079109b1c984faad546401d6f1e5) Importer(815301076,1909f56bfc062723c751e8b465ee728b)
Start importing Assets/Prefabs/Building Assortments/BuildingAssortment_3.prefab using Guid(7b52079109b1c984faad546401d6f1e5) Importer(815301076,1909f56bfc062723c751e8b465ee728b) (PreviewImporter) -> (artifact id: '116e3ef4301908dc4ffb982234bb5801') in 0.0160732 seconds
Number of updated asset objects reloaded before import = 0Number of asset objects unloaded after import = 103

========================================================================
Received Import Request.
  Time since last request: 0.973623 seconds.
  path: Assets/Prefabs/Building Assortments/BuildingAssortment_3.prefab
  artifactKey: Guid(7b52079109b1c984faad546401d6f1e5) Importer(2089858483,192608db42251d675da83286b1cce702)
Start importing Assets/Prefabs/Building Assortments/BuildingAssortment_3.prefab using Guid(7b52079109b1c984faad546401d6f1e5) Importer(2089858483,192608db42251d675da83286b1cce702) (ScriptedImporter) -> (artifact id: '9da06748f17abd76227248f66bb067f2') in 0.0117667 seconds
Number of updated asset objects reloaded before import = 0Number of asset objects unloaded after import = 44

========================================================================
Received Import Request.
  Time since last request: 101.923602 seconds.
  path: Assets/Scenes/Prototype_1/Prototype_1_Game.unity
  artifactKey: Guid(97cbf9dd86ed1344398437f94afd520c) Importer(2089858483,192608db42251d675da83286b1cce702)
Start importing Assets/Scenes/Prototype_1/Prototype_1_Game.unity using Guid(97cbf9dd86ed1344398437f94afd520c) Importer(2089858483,192608db42251d675da83286b1cce702) (ScriptedImporter) -> (artifact id: '919d388f1e6bfc9e1d2203ef6694c7a1') in 0.0111725 seconds
Number of updated asset objects reloaded before import = 0Number of asset objects unloaded after import = 1

========================================================================
Received Import Request.
  Time since last request: 12.830388 seconds.
  path: Assets/Prefabs/Building Assortments/BuildingAssortment_2 1.prefab
  artifactKey: Guid(aa1e31b84c8ac634693c863d4d00479e) Importer(815301076,1909f56bfc062723c751e8b465ee728b)
Start importing Assets/Prefabs/Building Assortments/BuildingAssortment_2 1.prefab using Guid(aa1e31b84c8ac634693c863d4d00479e) Importer(815301076,1909f56bfc062723c751e8b465ee728b) (PreviewImporter) -> (artifact id: '5898e7717440f0b05c2a5371851fb906') in 0.0182725 seconds
Number of updated asset objects reloaded before import = 0Number of asset objects unloaded after import = 129

========================================================================
Received Import Request.
  Time since last request: 0.972196 seconds.
  path: Assets/Prefabs/Building Assortments/BuildingAssortment_2 1.prefab
  artifactKey: Guid(aa1e31b84c8ac634693c863d4d00479e) Importer(2089858483,192608db42251d675da83286b1cce702)
Start importing Assets/Prefabs/Building Assortments/BuildingAssortment_2 1.prefab using Guid(aa1e31b84c8ac634693c863d4d00479e) Importer(2089858483,192608db42251d675da83286b1cce702) (ScriptedImporter) -> (artifact id: '748baec773ebc777305dabbf427c2f30') in 0.013908 seconds
Number of updated asset objects reloaded before import = 0Number of asset objects unloaded after import = 57

========================================================================
Received Import Request.
  Time since last request: 15.794090 seconds.
  path: Assets/Prefabs/Building Assortments/BuildingAssortment_2.prefab
  artifactKey: Guid(aa1e31b84c8ac634693c863d4d00479e) Importer(815301076,1909f56bfc062723c751e8b465ee728b)
Start importing Assets/Prefabs/Building Assortments/BuildingAssortment_2.prefab using Guid(aa1e31b84c8ac634693c863d4d00479e) Importer(815301076,1909f56bfc062723c751e8b465ee728b) (PreviewImporter) -> (artifact id: '5309cc479dcc6ed791749a2786432402') in 0.0128939 seconds
Number of updated asset objects reloaded before import = 0Number of asset objects unloaded after import = 129

========================================================================
Received Import Request.
  Time since last request: 0.963959 seconds.
  path: Assets/Prefabs/Building Assortments/BuildingAssortment_2.prefab
  artifactKey: Guid(aa1e31b84c8ac634693c863d4d00479e) Importer(2089858483,192608db42251d675da83286b1cce702)
Start importing Assets/Prefabs/Building Assortments/BuildingAssortment_2.prefab using Guid(aa1e31b84c8ac634693c863d4d00479e) Importer(2089858483,192608db42251d675da83286b1cce702) (ScriptedImporter) -> (artifact id: '387fb2c4163190e54ab205c194a6871e') in 0.0124886 seconds
Number of updated asset objects reloaded before import = 0Number of asset objects unloaded after import = 57

========================================================================
Received Import Request.
  Time since last request: 160.892954 seconds.
  path: Assets/Scenes/Prototype_1/Prototype_1_Game.unity
  artifactKey: Guid(97cbf9dd86ed1344398437f94afd520c) Importer(2089858483,192608db42251d675da83286b1cce702)
Start importing Assets/Scenes/Prototype_1/Prototype_1_Game.unity using Guid(97cbf9dd86ed1344398437f94afd520c) Importer(2089858483,192608db42251d675da83286b1cce702) (ScriptedImporter) -> (artifact id: '2a449c0e2f71edb5a1ec6e3130aabed0') in 0.0101017 seconds
Number of updated asset objects reloaded before import = 0Number of asset objects unloaded after import = 1

========================================================================
Received Import Request.
  Time since last request: 24.658857 seconds.
  path: Assets/Scenes/Prototype_1/Prototype_1_Game.unity
  artifactKey: Guid(97cbf9dd86ed1344398437f94afd520c) Importer(2089858483,192608db42251d675da83286b1cce702)
Start importing Assets/Scenes/Prototype_1/Prototype_1_Game.unity using Guid(97cbf9dd86ed1344398437f94afd520c) Importer(2089858483,192608db42251d675da83286b1cce702) (ScriptedImporter) -> (artifact id: '1c2430cb3ffe3bab404ee864517e8dcf') in 0.0107835 seconds
Number of updated asset objects reloaded before import = 0Number of asset objects unloaded after import = 1

========================================================================
Received Import Request.
  Time since last request: 25.511397 seconds.
  path: Assets/Scenes/Prototype_1/Prototype_1_Game.unity
  artifactKey: Guid(97cbf9dd86ed1344398437f94afd520c) Importer(2089858483,192608db42251d675da83286b1cce702)
Start importing Assets/Scenes/Prototype_1/Prototype_1_Game.unity using Guid(97cbf9dd86ed1344398437f94afd520c) Importer(2089858483,192608db42251d675da83286b1cce702) (ScriptedImporter) -> (artifact id: 'a3918006c34ed11898b3c744732d1ebf') in 0.0113345 seconds
Number of updated asset objects reloaded before import = 0Number of asset objects unloaded after import = 1

========================================================================
Received Import Request.
  Time since last request: 10.996345 seconds.
  path: Assets/Prefabs/Building Assortments/BuildingAssortment_4.prefab
  artifactKey: Guid(c2e89bbe2bf4f1c41ae19b9ce1c7215a) Importer(815301076,1909f56bfc062723c751e8b465ee728b)
Start importing Assets/Prefabs/Building Assortments/BuildingAssortment_4.prefab using Guid(c2e89bbe2bf4f1c41ae19b9ce1c7215a) Importer(815301076,1909f56bfc062723c751e8b465ee728b) (PreviewImporter) -> (artifact id: 'f7c38a803d16d1c267b5285090127d1d') in 0.0142209 seconds
Number of updated asset objects reloaded before import = 0Number of asset objects unloaded after import = 82

========================================================================
Received Import Request.
  Time since last request: 0.978858 seconds.
  path: Assets/Prefabs/Building Assortments/BuildingAssortment_4.prefab
  artifactKey: Guid(c2e89bbe2bf4f1c41ae19b9ce1c7215a) Importer(2089858483,192608db42251d675da83286b1cce702)
Start importing Assets/Prefabs/Building Assortments/BuildingAssortment_4.prefab using Guid(c2e89bbe2bf4f1c41ae19b9ce1c7215a) Importer(2089858483,192608db42251d675da83286b1cce702) (ScriptedImporter) -> (artifact id: '4ad433eeefd16b6d5165fa4943ab4ceb') in 0.0115928 seconds
Number of updated asset objects reloaded before import = 0Number of asset objects unloaded after import = 41

========================================================================
Received Import Request.
  Time since last request: 33.652045 seconds.
  path: Assets/Prefabs/Building Assortments/BuildingAssortment_1.prefab
  artifactKey: Guid(eef81b63cfd6d804cb3c655b7df6cfa9) Importer(815301076,1909f56bfc062723c751e8b465ee728b)
Start importing Assets/Prefabs/Building Assortments/BuildingAssortment_1.prefab using Guid(eef81b63cfd6d804cb3c655b7df6cfa9) Importer(815301076,1909f56bfc062723c751e8b465ee728b) (PreviewImporter) -> (artifact id: 'b0160a29e7c43dab9c7d96c39f790a80') in 0.0159205 seconds
Number of updated asset objects reloaded before import = 0Number of asset objects unloaded after import = 119

========================================================================
Received Import Request.
  Time since last request: 0.967288 seconds.
  path: Assets/Prefabs/Building Assortments/BuildingAssortment_1.prefab
  artifactKey: Guid(eef81b63cfd6d804cb3c655b7df6cfa9) Importer(2089858483,192608db42251d675da83286b1cce702)
Start importing Assets/Prefabs/Building Assortments/BuildingAssortment_1.prefab using Guid(eef81b63cfd6d804cb3c655b7df6cfa9) Importer(2089858483,192608db42251d675da83286b1cce702) (ScriptedImporter) -> (artifact id: 'cc1c36b7aa1497a6fab7bccbe6828d72') in 0.0162389 seconds
Number of updated asset objects reloaded before import = 0Number of asset objects unloaded after import = 50

========================================================================
Received Import Request.
  Time since last request: 3.013915 seconds.
  path: Assets/Prefabs/Building Assortments/BuildingAssortment_1.prefab
  artifactKey: Guid(eef81b63cfd6d804cb3c655b7df6cfa9) Importer(815301076,1909f56bfc062723c751e8b465ee728b)
Start importing Assets/Prefabs/Building Assortments/BuildingAssortment_1.prefab using Guid(eef81b63cfd6d804cb3c655b7df6cfa9) Importer(815301076,1909f56bfc062723c751e8b465ee728b) (PreviewImporter) -> (artifact id: '9692ef5d3068755300d9675c9b9eed86') in 0.0169895 seconds
Number of updated asset objects reloaded before import = 0Number of asset objects unloaded after import = 119

========================================================================
Received Import Request.
  Time since last request: 0.964502 seconds.
  path: Assets/Prefabs/Building Assortments/BuildingAssortment_1.prefab
  artifactKey: Guid(eef81b63cfd6d804cb3c655b7df6cfa9) Importer(2089858483,192608db42251d675da83286b1cce702)
Start importing Assets/Prefabs/Building Assortments/BuildingAssortment_1.prefab using Guid(eef81b63cfd6d804cb3c655b7df6cfa9) Importer(2089858483,192608db42251d675da83286b1cce702) (ScriptedImporter) -> (artifact id: '3faa42da0734468c43d1f907e8c2e988') in 0.0132562 seconds
Number of updated asset objects reloaded before import = 0Number of asset objects unloaded after import = 50

========================================================================
Received Import Request.
  Time since last request: 3.431202 seconds.
  path: Assets/Prefabs/Building Assortments/BuildingAssortment_1.prefab
  artifactKey: Guid(eef81b63cfd6d804cb3c655b7df6cfa9) Importer(815301076,1909f56bfc062723c751e8b465ee728b)
Start importing Assets/Prefabs/Building Assortments/BuildingAssortment_1.prefab using Guid(eef81b63cfd6d804cb3c655b7df6cfa9) Importer(815301076,1909f56bfc062723c751e8b465ee728b) (PreviewImporter) -> (artifact id: '8e749bd05358cc944fb9ce92f79cc0e4') in 0.0177348 seconds
Number of updated asset objects reloaded before import = 0Number of asset objects unloaded after import = 119

========================================================================
Received Import Request.
  Time since last request: 0.964179 seconds.
  path: Assets/Prefabs/Building Assortments/BuildingAssortment_1.prefab
  artifactKey: Guid(eef81b63cfd6d804cb3c655b7df6cfa9) Importer(2089858483,192608db42251d675da83286b1cce702)
Start importing Assets/Prefabs/Building Assortments/BuildingAssortment_1.prefab using Guid(eef81b63cfd6d804cb3c655b7df6cfa9) Importer(2089858483,192608db42251d675da83286b1cce702) (ScriptedImporter) -> (artifact id: '65eb6c58bebf2e80016d00d8bc7e1ffb') in 0.0122802 seconds
Number of updated asset objects reloaded before import = 0Number of asset objects unloaded after import = 50

========================================================================
Received Import Request.
  Time since last request: 22.307561 seconds.
  path: Assets/Prefabs/Building Assortments/BuildingAssortment_1.prefab
  artifactKey: Guid(eef81b63cfd6d804cb3c655b7df6cfa9) Importer(815301076,1909f56bfc062723c751e8b465ee728b)
Start importing Assets/Prefabs/Building Assortments/BuildingAssortment_1.prefab using Guid(eef81b63cfd6d804cb3c655b7df6cfa9) Importer(815301076,1909f56bfc062723c751e8b465ee728b) (PreviewImporter) -> (artifact id: '1c702ba7c702db62d456d6996c963240') in 0.0165042 seconds
Number of updated asset objects reloaded before import = 0Number of asset objects unloaded after import = 119

========================================================================
Received Import Request.
  Time since last request: 0.973023 seconds.
  path: Assets/Prefabs/Building Assortments/BuildingAssortment_1.prefab
  artifactKey: Guid(eef81b63cfd6d804cb3c655b7df6cfa9) Importer(2089858483,192608db42251d675da83286b1cce702)
Start importing Assets/Prefabs/Building Assortments/BuildingAssortment_1.prefab using Guid(eef81b63cfd6d804cb3c655b7df6cfa9) Importer(2089858483,192608db42251d675da83286b1cce702) (ScriptedImporter) -> (artifact id: 'b2a4bb58a6c3be594069c73664c70d65') in 0.0141114 seconds
Number of updated asset objects reloaded before import = 0Number of asset objects unloaded after import = 50

========================================================================
Received Import Request.
  Time since last request: 9.273699 seconds.
  path: Assets/Prefabs/Building Assortments/BuildingAssortment_1.prefab
  artifactKey: Guid(eef81b63cfd6d804cb3c655b7df6cfa9) Importer(815301076,1909f56bfc062723c751e8b465ee728b)
Start importing Assets/Prefabs/Building Assortments/BuildingAssortment_1.prefab using Guid(eef81b63cfd6d804cb3c655b7df6cfa9) Importer(815301076,1909f56bfc062723c751e8b465ee728b) (PreviewImporter) -> (artifact id: '1ef7a8f9623448ebf4743fadc592f555') in 0.0326872 seconds
Number of updated asset objects reloaded before import = 0Number of asset objects unloaded after import = 119

========================================================================
Received Import Request.
  Time since last request: 6.608466 seconds.
  path: Assets/Prefabs/Building Assortments/BuildingAssortment_1.prefab
  artifactKey: Guid(eef81b63cfd6d804cb3c655b7df6cfa9) Importer(815301076,1909f56bfc062723c751e8b465ee728b)
Start importing Assets/Prefabs/Building Assortments/BuildingAssortment_1.prefab using Guid(eef81b63cfd6d804cb3c655b7df6cfa9) Importer(815301076,1909f56bfc062723c751e8b465ee728b) (PreviewImporter) -> (artifact id: '82492e24934d292b6fc2bf76a90a8823') in 0.0174423 seconds
Number of updated asset objects reloaded before import = 0Number of asset objects unloaded after import = 119

========================================================================
Received Import Request.
  Time since last request: 0.968960 seconds.
  path: Assets/Prefabs/Building Assortments/BuildingAssortment_1.prefab
  artifactKey: Guid(eef81b63cfd6d804cb3c655b7df6cfa9) Importer(2089858483,192608db42251d675da83286b1cce702)
Start importing Assets/Prefabs/Building Assortments/BuildingAssortment_1.prefab using Guid(eef81b63cfd6d804cb3c655b7df6cfa9) Importer(2089858483,192608db42251d675da83286b1cce702) (ScriptedImporter) -> (artifact id: '8a9796fe1ba3813b40313855611f8db7') in 0.0120652 seconds
Number of updated asset objects reloaded before import = 0Number of asset objects unloaded after import = 50

========================================================================
Received Import Request.
  Time since last request: 1.208186 seconds.
  path: Assets/Prefabs/Building Assortments/BuildingAssortment_1.prefab
  artifactKey: Guid(eef81b63cfd6d804cb3c655b7df6cfa9) Importer(815301076,1909f56bfc062723c751e8b465ee728b)
Start importing Assets/Prefabs/Building Assortments/BuildingAssortment_1.prefab using Guid(eef81b63cfd6d804cb3c655b7df6cfa9) Importer(815301076,1909f56bfc062723c751e8b465ee728b) (PreviewImporter) -> (artifact id: '09238be81f673fca7999339868bdd46e') in 0.0165507 seconds
Number of updated asset objects reloaded before import = 0Number of asset objects unloaded after import = 119

========================================================================
Received Import Request.
  Time since last request: 0.970974 seconds.
  path: Assets/Prefabs/Building Assortments/BuildingAssortment_1.prefab
  artifactKey: Guid(eef81b63cfd6d804cb3c655b7df6cfa9) Importer(2089858483,192608db42251d675da83286b1cce702)
Start importing Assets/Prefabs/Building Assortments/BuildingAssortment_1.prefab using Guid(eef81b63cfd6d804cb3c655b7df6cfa9) Importer(2089858483,192608db42251d675da83286b1cce702) (ScriptedImporter) -> (artifact id: '434d658e548ebde8c784087879e9f83c') in 0.0133155 seconds
Number of updated asset objects reloaded before import = 0Number of asset objects unloaded after import = 50

========================================================================
Received Import Request.
  Time since last request: 3.224082 seconds.
  path: Assets/Prefabs/Building Assortments/BuildingAssortment_1.prefab
  artifactKey: Guid(eef81b63cfd6d804cb3c655b7df6cfa9) Importer(815301076,1909f56bfc062723c751e8b465ee728b)
Start importing Assets/Prefabs/Building Assortments/BuildingAssortment_1.prefab using Guid(eef81b63cfd6d804cb3c655b7df6cfa9) Importer(815301076,1909f56bfc062723c751e8b465ee728b) (PreviewImporter) -> (artifact id: 'bcd2ce8cc93584e687960e203b2e3e42') in 0.0184453 seconds
Number of updated asset objects reloaded before import = 0Number of asset objects unloaded after import = 119

========================================================================
Received Import Request.
  Time since last request: 0.967425 seconds.
  path: Assets/Prefabs/Building Assortments/BuildingAssortment_1.prefab
  artifactKey: Guid(eef81b63cfd6d804cb3c655b7df6cfa9) Importer(2089858483,192608db42251d675da83286b1cce702)
Start importing Assets/Prefabs/Building Assortments/BuildingAssortment_1.prefab using Guid(eef81b63cfd6d804cb3c655b7df6cfa9) Importer(2089858483,192608db42251d675da83286b1cce702) (ScriptedImporter) -> (artifact id: '8e3edea3cd14a826b92c8274621604b6') in 0.0130125 seconds
Number of updated asset objects reloaded before import = 0Number of asset objects unloaded after import = 50

========================================================================
Received Import Request.
  Time since last request: 11.463373 seconds.
  path: Assets/Prefabs/Building Assortments/BuildingAssortment_1.prefab
  artifactKey: Guid(eef81b63cfd6d804cb3c655b7df6cfa9) Importer(815301076,1909f56bfc062723c751e8b465ee728b)
Start importing Assets/Prefabs/Building Assortments/BuildingAssortment_1.prefab using Guid(eef81b63cfd6d804cb3c655b7df6cfa9) Importer(815301076,1909f56bfc062723c751e8b465ee728b) (PreviewImporter) -> (artifact id: '1c1f0922c11f536c5b6a5fc1b6a6218c') in 0.0133135 seconds
Number of updated asset objects reloaded before import = 0Number of asset objects unloaded after import = 119

========================================================================
Received Import Request.
  Time since last request: 0.971892 seconds.
  path: Assets/Prefabs/Building Assortments/BuildingAssortment_1.prefab
  artifactKey: Guid(eef81b63cfd6d804cb3c655b7df6cfa9) Importer(2089858483,192608db42251d675da83286b1cce702)
Start importing Assets/Prefabs/Building Assortments/BuildingAssortment_1.prefab using Guid(eef81b63cfd6d804cb3c655b7df6cfa9) Importer(2089858483,192608db42251d675da83286b1cce702) (ScriptedImporter) -> (artifact id: 'b54676a087439676f239e3981df8e3e5') in 0.0134953 seconds
Number of updated asset objects reloaded before import = 0Number of asset objects unloaded after import = 50

========================================================================
Received Import Request.
  Time since last request: 4.056199 seconds.
  path: Assets/Prefabs/Building Assortments/BuildingAssortment_1.prefab
  artifactKey: Guid(eef81b63cfd6d804cb3c655b7df6cfa9) Importer(815301076,1909f56bfc062723c751e8b465ee728b)
Start importing Assets/Prefabs/Building Assortments/BuildingAssortment_1.prefab using Guid(eef81b63cfd6d804cb3c655b7df6cfa9) Importer(815301076,1909f56bfc062723c751e8b465ee728b) (PreviewImporter) -> (artifact id: '2da45a107046e24cdd56271ea9523662') in 0.0215616 seconds
Number of updated asset objects reloaded before import = 0Number of asset objects unloaded after import = 119

========================================================================
Received Import Request.
  Time since last request: 0.954368 seconds.
  path: Assets/Prefabs/Building Assortments/BuildingAssortment_1.prefab
  artifactKey: Guid(eef81b63cfd6d804cb3c655b7df6cfa9) Importer(2089858483,192608db42251d675da83286b1cce702)
Start importing Assets/Prefabs/Building Assortments/BuildingAssortment_1.prefab using Guid(eef81b63cfd6d804cb3c655b7df6cfa9) Importer(2089858483,192608db42251d675da83286b1cce702) (ScriptedImporter) -> (artifact id: '158a0f6b43da30272b7f23efeeaaf948') in 0.0143863 seconds
Number of updated asset objects reloaded before import = 0Number of asset objects unloaded after import = 50

========================================================================
Received Import Request.
  Time since last request: 2.416841 seconds.
  path: Assets/Prefabs/Building Assortments/BuildingAssortment_1.prefab
  artifactKey: Guid(eef81b63cfd6d804cb3c655b7df6cfa9) Importer(815301076,1909f56bfc062723c751e8b465ee728b)
Start importing Assets/Prefabs/Building Assortments/BuildingAssortment_1.prefab using Guid(eef81b63cfd6d804cb3c655b7df6cfa9) Importer(815301076,1909f56bfc062723c751e8b465ee728b) (PreviewImporter) -> (artifact id: '813755f7610452adffbe7ffac2e459ed') in 0.0160787 seconds
Number of updated asset objects reloaded before import = 0Number of asset objects unloaded after import = 119

========================================================================
Received Import Request.
  Time since last request: 0.971705 seconds.
  path: Assets/Prefabs/Building Assortments/BuildingAssortment_1.prefab
  artifactKey: Guid(eef81b63cfd6d804cb3c655b7df6cfa9) Importer(2089858483,192608db42251d675da83286b1cce702)
Start importing Assets/Prefabs/Building Assortments/BuildingAssortment_1.prefab using Guid(eef81b63cfd6d804cb3c655b7df6cfa9) Importer(2089858483,192608db42251d675da83286b1cce702) (ScriptedImporter) -> (artifact id: '5920d6a3fc943923e8d814702721712a') in 0.012454 seconds
Number of updated asset objects reloaded before import = 0Number of asset objects unloaded after import = 50

========================================================================
Received Import Request.
  Time since last request: 7.441413 seconds.
  path: Assets/Prefabs/Building Assortments/BuildingAssortment_1.prefab
  artifactKey: Guid(eef81b63cfd6d804cb3c655b7df6cfa9) Importer(815301076,1909f56bfc062723c751e8b465ee728b)
Start importing Assets/Prefabs/Building Assortments/BuildingAssortment_1.prefab using Guid(eef81b63cfd6d804cb3c655b7df6cfa9) Importer(815301076,1909f56bfc062723c751e8b465ee728b) (PreviewImporter) -> (artifact id: '6406aa8cfdfbfc8f4766517a9c92c303') in 0.0146167 seconds
Number of updated asset objects reloaded before import = 0Number of asset objects unloaded after import = 119

========================================================================
Received Import Request.
  Time since last request: 0.972028 seconds.
  path: Assets/Prefabs/Building Assortments/BuildingAssortment_1.prefab
  artifactKey: Guid(eef81b63cfd6d804cb3c655b7df6cfa9) Importer(2089858483,192608db42251d675da83286b1cce702)
Start importing Assets/Prefabs/Building Assortments/BuildingAssortment_1.prefab using Guid(eef81b63cfd6d804cb3c655b7df6cfa9) Importer(2089858483,192608db42251d675da83286b1cce702) (ScriptedImporter) -> (artifact id: '58249b3de11074cb50dd2327de1d7b0c') in 0.0129935 seconds
Number of updated asset objects reloaded before import = 0Number of asset objects unloaded after import = 50

========================================================================
Received Import Request.
  Time since last request: 3.430676 seconds.
  path: Assets/Prefabs/Building Assortments/BuildingAssortment_1.prefab
  artifactKey: Guid(eef81b63cfd6d804cb3c655b7df6cfa9) Importer(815301076,1909f56bfc062723c751e8b465ee728b)
Start importing Assets/Prefabs/Building Assortments/BuildingAssortment_1.prefab using Guid(eef81b63cfd6d804cb3c655b7df6cfa9) Importer(815301076,1909f56bfc062723c751e8b465ee728b) (PreviewImporter) -> (artifact id: '6aea705c8efdc8f92f02d19eab4b0ca2') in 0.0168955 seconds
Number of updated asset objects reloaded before import = 0Number of asset objects unloaded after import = 119

========================================================================
Received Import Request.
  Time since last request: 7.421736 seconds.
  path: Assets/Prefabs/Building Assortments/BuildingAssortment_1.prefab
  artifactKey: Guid(eef81b63cfd6d804cb3c655b7df6cfa9) Importer(815301076,1909f56bfc062723c751e8b465ee728b)
Start importing Assets/Prefabs/Building Assortments/BuildingAssortment_1.prefab using Guid(eef81b63cfd6d804cb3c655b7df6cfa9) Importer(815301076,1909f56bfc062723c751e8b465ee728b) (PreviewImporter) -> (artifact id: '4438c622a0afeba05b42f748adb5f6f9') in 0.016717 seconds
Number of updated asset objects reloaded before import = 0Number of asset objects unloaded after import = 119

========================================================================
Received Import Request.
  Time since last request: 0.971346 seconds.
  path: Assets/Prefabs/Building Assortments/BuildingAssortment_1.prefab
  artifactKey: Guid(eef81b63cfd6d804cb3c655b7df6cfa9) Importer(2089858483,192608db42251d675da83286b1cce702)
Start importing Assets/Prefabs/Building Assortments/BuildingAssortment_1.prefab using Guid(eef81b63cfd6d804cb3c655b7df6cfa9) Importer(2089858483,192608db42251d675da83286b1cce702) (ScriptedImporter) -> (artifact id: '66d94b0863fa0ddcc2cc333d172f5a60') in 0.0122454 seconds
Number of updated asset objects reloaded before import = 0Number of asset objects unloaded after import = 50

========================================================================
Received Import Request.
  Time since last request: 3.622013 seconds.
  path: Assets/Prefabs/Building Assortments/BuildingAssortment_1.prefab
  artifactKey: Guid(eef81b63cfd6d804cb3c655b7df6cfa9) Importer(815301076,1909f56bfc062723c751e8b465ee728b)
Start importing Assets/Prefabs/Building Assortments/BuildingAssortment_1.prefab using Guid(eef81b63cfd6d804cb3c655b7df6cfa9) Importer(815301076,1909f56bfc062723c751e8b465ee728b) (PreviewImporter) -> (artifact id: '23c5dc54fc82185ed15f2477cd22aa2e') in 0.0156657 seconds
Number of updated asset objects reloaded before import = 0Number of asset objects unloaded after import = 119

========================================================================
Received Import Request.
  Time since last request: 0.967908 seconds.
  path: Assets/Prefabs/Building Assortments/BuildingAssortment_1.prefab
  artifactKey: Guid(eef81b63cfd6d804cb3c655b7df6cfa9) Importer(2089858483,192608db42251d675da83286b1cce702)
Start importing Assets/Prefabs/Building Assortments/BuildingAssortment_1.prefab using Guid(eef81b63cfd6d804cb3c655b7df6cfa9) Importer(2089858483,192608db42251d675da83286b1cce702) (ScriptedImporter) -> (artifact id: 'd6bc8f69c5fc9186c77af40c1accdf06') in 0.0140277 seconds
Number of updated asset objects reloaded before import = 0Number of asset objects unloaded after import = 50

========================================================================
Received Import Request.
  Time since last request: 1.204606 seconds.
  path: Assets/Prefabs/Building Assortments/BuildingAssortment_1.prefab
  artifactKey: Guid(eef81b63cfd6d804cb3c655b7df6cfa9) Importer(815301076,1909f56bfc062723c751e8b465ee728b)
Start importing Assets/Prefabs/Building Assortments/BuildingAssortment_1.prefab using Guid(eef81b63cfd6d804cb3c655b7df6cfa9) Importer(815301076,1909f56bfc062723c751e8b465ee728b) (PreviewImporter) -> (artifact id: 'c72e2f85691f091ea9d17f4b720cf9f0') in 0.0298478 seconds
Number of updated asset objects reloaded before import = 0Number of asset objects unloaded after import = 119

========================================================================
Received Import Request.
  Time since last request: 0.960391 seconds.
  path: Assets/Prefabs/Building Assortments/BuildingAssortment_1.prefab
  artifactKey: Guid(eef81b63cfd6d804cb3c655b7df6cfa9) Importer(2089858483,192608db42251d675da83286b1cce702)
Start importing Assets/Prefabs/Building Assortments/BuildingAssortment_1.prefab using Guid(eef81b63cfd6d804cb3c655b7df6cfa9) Importer(2089858483,192608db42251d675da83286b1cce702) (ScriptedImporter) -> (artifact id: '78f57f678d179003d6a7994944806f90') in 0.0118689 seconds
Number of updated asset objects reloaded before import = 0Number of asset objects unloaded after import = 50

========================================================================
Received Import Request.
  Time since last request: 3.038474 seconds.
  path: Assets/Prefabs/Building Assortments/BuildingAssortment_1.prefab
  artifactKey: Guid(eef81b63cfd6d804cb3c655b7df6cfa9) Importer(815301076,1909f56bfc062723c751e8b465ee728b)
Start importing Assets/Prefabs/Building Assortments/BuildingAssortment_1.prefab using Guid(eef81b63cfd6d804cb3c655b7df6cfa9) Importer(815301076,1909f56bfc062723c751e8b465ee728b) (PreviewImporter) -> (artifact id: 'a6b65b8b2e2e28ae1e44d6f0ef9a49bb') in 0.0227534 seconds
Number of updated asset objects reloaded before import = 0Number of asset objects unloaded after import = 119

========================================================================
Received Import Request.
  Time since last request: 0.953525 seconds.
  path: Assets/Prefabs/Building Assortments/BuildingAssortment_1.prefab
  artifactKey: Guid(eef81b63cfd6d804cb3c655b7df6cfa9) Importer(2089858483,192608db42251d675da83286b1cce702)
Start importing Assets/Prefabs/Building Assortments/BuildingAssortment_1.prefab using Guid(eef81b63cfd6d804cb3c655b7df6cfa9) Importer(2089858483,192608db42251d675da83286b1cce702) (ScriptedImporter) -> (artifact id: 'd647b8957977903cdef72e3d4735f1cf') in 0.0126145 seconds
Number of updated asset objects reloaded before import = 0Number of asset objects unloaded after import = 50

========================================================================
Received Import Request.
  Time since last request: 2.410322 seconds.
  path: Assets/Prefabs/Building Assortments/BuildingAssortment_1.prefab
  artifactKey: Guid(eef81b63cfd6d804cb3c655b7df6cfa9) Importer(815301076,1909f56bfc062723c751e8b465ee728b)
Start importing Assets/Prefabs/Building Assortments/BuildingAssortment_1.prefab using Guid(eef81b63cfd6d804cb3c655b7df6cfa9) Importer(815301076,1909f56bfc062723c751e8b465ee728b) (PreviewImporter) -> (artifact id: '812d92826fe00407f22987de43e68d3f') in 0.0185717 seconds
Number of updated asset objects reloaded before import = 0Number of asset objects unloaded after import = 119

========================================================================
Received Import Request.
  Time since last request: 0.969719 seconds.
  path: Assets/Prefabs/Building Assortments/BuildingAssortment_1.prefab
  artifactKey: Guid(eef81b63cfd6d804cb3c655b7df6cfa9) Importer(2089858483,192608db42251d675da83286b1cce702)
Start importing Assets/Prefabs/Building Assortments/BuildingAssortment_1.prefab using Guid(eef81b63cfd6d804cb3c655b7df6cfa9) Importer(2089858483,192608db42251d675da83286b1cce702) (ScriptedImporter) -> (artifact id: 'ae26900d3ef11ab3294bdc2e56cb025b') in 0.0145762 seconds
Number of updated asset objects reloaded before import = 0Number of asset objects unloaded after import = 50

========================================================================
Received Import Request.
  Time since last request: 3.832984 seconds.
  path: Assets/Prefabs/Building Assortments/BuildingAssortment_1.prefab
  artifactKey: Guid(eef81b63cfd6d804cb3c655b7df6cfa9) Importer(815301076,1909f56bfc062723c751e8b465ee728b)
Start importing Assets/Prefabs/Building Assortments/BuildingAssortment_1.prefab using Guid(eef81b63cfd6d804cb3c655b7df6cfa9) Importer(815301076,1909f56bfc062723c751e8b465ee728b) (PreviewImporter) -> (artifact id: 'caa4250dcd7f1e8119dacdec9495df35') in 0.0191016 seconds
Number of updated asset objects reloaded before import = 0Number of asset objects unloaded after import = 119

========================================================================
Received Import Request.
  Time since last request: 0.961410 seconds.
  path: Assets/Prefabs/Building Assortments/BuildingAssortment_1.prefab
  artifactKey: Guid(eef81b63cfd6d804cb3c655b7df6cfa9) Importer(2089858483,192608db42251d675da83286b1cce702)
Start importing Assets/Prefabs/Building Assortments/BuildingAssortment_1.prefab using Guid(eef81b63cfd6d804cb3c655b7df6cfa9) Importer(2089858483,192608db42251d675da83286b1cce702) (ScriptedImporter) -> (artifact id: 'dc8c87ec961e3909f3829ec6455faf4f') in 0.0122019 seconds
Number of updated asset objects reloaded before import = 0Number of asset objects unloaded after import = 50

========================================================================
Received Import Request.
  Time since last request: 1.212415 seconds.
  path: Assets/Prefabs/Building Assortments/BuildingAssortment_1.prefab
  artifactKey: Guid(eef81b63cfd6d804cb3c655b7df6cfa9) Importer(815301076,1909f56bfc062723c751e8b465ee728b)
Start importing Assets/Prefabs/Building Assortments/BuildingAssortment_1.prefab using Guid(eef81b63cfd6d804cb3c655b7df6cfa9) Importer(815301076,1909f56bfc062723c751e8b465ee728b) (PreviewImporter) -> (artifact id: '05107c8a390e33616575c94481d7aff5') in 0.015893 seconds
Number of updated asset objects reloaded before import = 0Number of asset objects unloaded after import = 106

========================================================================
Received Import Request.
  Time since last request: 0.966338 seconds.
  path: Assets/Prefabs/Building Assortments/BuildingAssortment_1.prefab
  artifactKey: Guid(eef81b63cfd6d804cb3c655b7df6cfa9) Importer(2089858483,192608db42251d675da83286b1cce702)
Start importing Assets/Prefabs/Building Assortments/BuildingAssortment_1.prefab using Guid(eef81b63cfd6d804cb3c655b7df6cfa9) Importer(2089858483,192608db42251d675da83286b1cce702) (ScriptedImporter) -> (artifact id: 'c77efc266993034b4570a4c329f7ae9a') in 0.012699 seconds
Number of updated asset objects reloaded before import = 0Number of asset objects unloaded after import = 45

========================================================================
Received Import Request.
  Time since last request: 8.653935 seconds.
  path: Assets/Prefabs/Building Assortments/BuildingAssortment_1.prefab
  artifactKey: Guid(eef81b63cfd6d804cb3c655b7df6cfa9) Importer(815301076,1909f56bfc062723c751e8b465ee728b)
Start importing Assets/Prefabs/Building Assortments/BuildingAssortment_1.prefab using Guid(eef81b63cfd6d804cb3c655b7df6cfa9) Importer(815301076,1909f56bfc062723c751e8b465ee728b) (PreviewImporter) -> (artifact id: 'dce909454e903fadcaa44dfeffec85a9') in 0.0167684 seconds
Number of updated asset objects reloaded before import = 0Number of asset objects unloaded after import = 106

========================================================================
Received Import Request.
  Time since last request: 0.970392 seconds.
  path: Assets/Prefabs/Building Assortments/BuildingAssortment_1.prefab
  artifactKey: Guid(eef81b63cfd6d804cb3c655b7df6cfa9) Importer(2089858483,192608db42251d675da83286b1cce702)
Start importing Assets/Prefabs/Building Assortments/BuildingAssortment_1.prefab using Guid(eef81b63cfd6d804cb3c655b7df6cfa9) Importer(2089858483,192608db42251d675da83286b1cce702) (ScriptedImporter) -> (artifact id: 'c108875f77aa1f35f77cf8ca4075f205') in 0.0143548 seconds
Number of updated asset objects reloaded before import = 0Number of asset objects unloaded after import = 45

========================================================================
Received Import Request.
  Time since last request: 13.674577 seconds.
  path: Assets/Prefabs/Building Assortments/BuildingAssortment_1.prefab
  artifactKey: Guid(eef81b63cfd6d804cb3c655b7df6cfa9) Importer(815301076,1909f56bfc062723c751e8b465ee728b)
Start importing Assets/Prefabs/Building Assortments/BuildingAssortment_1.prefab using Guid(eef81b63cfd6d804cb3c655b7df6cfa9) Importer(815301076,1909f56bfc062723c751e8b465ee728b) (PreviewImporter) -> (artifact id: 'c6ede635a5c7e456b8d797faf38e5f65') in 0.0166075 seconds
Number of updated asset objects reloaded before import = 0Number of asset objects unloaded after import = 106

========================================================================
Received Import Request.
  Time since last request: 0.972919 seconds.
  path: Assets/Prefabs/Building Assortments/BuildingAssortment_1.prefab
  artifactKey: Guid(eef81b63cfd6d804cb3c655b7df6cfa9) Importer(2089858483,192608db42251d675da83286b1cce702)
Start importing Assets/Prefabs/Building Assortments/BuildingAssortment_1.prefab using Guid(eef81b63cfd6d804cb3c655b7df6cfa9) Importer(2089858483,192608db42251d675da83286b1cce702) (ScriptedImporter) -> (artifact id: '8f2fe0df595617af04280cd4a606cf6d') in 0.0121519 seconds
Number of updated asset objects reloaded before import = 0Number of asset objects unloaded after import = 45

========================================================================
Received Import Request.
  Time since last request: 4.834949 seconds.
  path: Assets/Prefabs/Building Assortments/BuildingAssortment_1.prefab
  artifactKey: Guid(eef81b63cfd6d804cb3c655b7df6cfa9) Importer(815301076,1909f56bfc062723c751e8b465ee728b)
Start importing Assets/Prefabs/Building Assortments/BuildingAssortment_1.prefab using Guid(eef81b63cfd6d804cb3c655b7df6cfa9) Importer(815301076,1909f56bfc062723c751e8b465ee728b) (PreviewImporter) -> (artifact id: 'c54ffbdbec0d6dc86eb8e4ffa6a35fe4') in 0.0171723 seconds
Number of updated asset objects reloaded before import = 0Number of asset objects unloaded after import = 106

========================================================================
Received Import Request.
  Time since last request: 0.969463 seconds.
  path: Assets/Prefabs/Building Assortments/BuildingAssortment_1.prefab
  artifactKey: Guid(eef81b63cfd6d804cb3c655b7df6cfa9) Importer(2089858483,192608db42251d675da83286b1cce702)
Start importing Assets/Prefabs/Building Assortments/BuildingAssortment_1.prefab using Guid(eef81b63cfd6d804cb3c655b7df6cfa9) Importer(2089858483,192608db42251d675da83286b1cce702) (ScriptedImporter) -> (artifact id: '4dc4b01ee63f6ab62f13636e0dd3ab1d') in 0.0194937 seconds
Number of updated asset objects reloaded before import = 0Number of asset objects unloaded after import = 45

========================================================================
Received Import Request.
  Time since last request: 31.932480 seconds.
  path: Assets/Prefabs/Building Assortments/BuildingAssortment_2.prefab
  artifactKey: Guid(aa1e31b84c8ac634693c863d4d00479e) Importer(815301076,1909f56bfc062723c751e8b465ee728b)
Start importing Assets/Prefabs/Building Assortments/BuildingAssortment_2.prefab using Guid(aa1e31b84c8ac634693c863d4d00479e) Importer(815301076,1909f56bfc062723c751e8b465ee728b) (PreviewImporter) -> (artifact id: 'bf6a646aec85dc82bedf6ca12b91523a') in 0.0220253 seconds
Number of updated asset objects reloaded before import = 0Number of asset objects unloaded after import = 129

========================================================================
Received Import Request.
  Time since last request: 0.965415 seconds.
  path: Assets/Prefabs/Building Assortments/BuildingAssortment_2.prefab
  artifactKey: Guid(aa1e31b84c8ac634693c863d4d00479e) Importer(2089858483,192608db42251d675da83286b1cce702)
Start importing Assets/Prefabs/Building Assortments/BuildingAssortment_2.prefab using Guid(aa1e31b84c8ac634693c863d4d00479e) Importer(2089858483,192608db42251d675da83286b1cce702) (ScriptedImporter) -> (artifact id: 'e13af9388e06d4fdab8fc885fdeb86ad') in 0.019341 seconds
Number of updated asset objects reloaded before import = 0Number of asset objects unloaded after import = 57

========================================================================
Received Import Request.
  Time since last request: 9.027770 seconds.
  path: Assets/Prefabs/Building Assortments/BuildingAssortment_2.prefab
  artifactKey: Guid(aa1e31b84c8ac634693c863d4d00479e) Importer(815301076,1909f56bfc062723c751e8b465ee728b)
Start importing Assets/Prefabs/Building Assortments/BuildingAssortment_2.prefab using Guid(aa1e31b84c8ac634693c863d4d00479e) Importer(815301076,1909f56bfc062723c751e8b465ee728b) (PreviewImporter) -> (artifact id: '9e4185f0f3276214ddb08d2a9372284a') in 0.0164626 seconds
Number of updated asset objects reloaded before import = 0Number of asset objects unloaded after import = 129

========================================================================
Received Import Request.
  Time since last request: 0.971505 seconds.
  path: Assets/Prefabs/Building Assortments/BuildingAssortment_2.prefab
  artifactKey: Guid(aa1e31b84c8ac634693c863d4d00479e) Importer(2089858483,192608db42251d675da83286b1cce702)
Start importing Assets/Prefabs/Building Assortments/BuildingAssortment_2.prefab using Guid(aa1e31b84c8ac634693c863d4d00479e) Importer(2089858483,192608db42251d675da83286b1cce702) (ScriptedImporter) -> (artifact id: '1c0a2480bb6cad8ee18c40d1a093a8ca') in 0.0124654 seconds
Number of updated asset objects reloaded before import = 0Number of asset objects unloaded after import = 57

========================================================================
Received Import Request.
  Time since last request: 3.028327 seconds.
  path: Assets/Prefabs/Building Assortments/BuildingAssortment_2.prefab
  artifactKey: Guid(aa1e31b84c8ac634693c863d4d00479e) Importer(815301076,1909f56bfc062723c751e8b465ee728b)
Start importing Assets/Prefabs/Building Assortments/BuildingAssortment_2.prefab using Guid(aa1e31b84c8ac634693c863d4d00479e) Importer(815301076,1909f56bfc062723c751e8b465ee728b) (PreviewImporter) -> (artifact id: 'e8b1653502374426151df74d1de15271') in 0.0178376 seconds
Number of updated asset objects reloaded before import = 0Number of asset objects unloaded after import = 129

========================================================================
Received Import Request.
  Time since last request: 0.964549 seconds.
  path: Assets/Prefabs/Building Assortments/BuildingAssortment_2.prefab
  artifactKey: Guid(aa1e31b84c8ac634693c863d4d00479e) Importer(2089858483,192608db42251d675da83286b1cce702)
Start importing Assets/Prefabs/Building Assortments/BuildingAssortment_2.prefab using Guid(aa1e31b84c8ac634693c863d4d00479e) Importer(2089858483,192608db42251d675da83286b1cce702) (ScriptedImporter) -> (artifact id: '0b4c9228ef9099d2312d72f5a125096c') in 0.0130605 seconds
Number of updated asset objects reloaded before import = 0Number of asset objects unloaded after import = 57

========================================================================
Received Import Request.
  Time since last request: 7.256249 seconds.
  path: Assets/Prefabs/Building Assortments/BuildingAssortment_2.prefab
  artifactKey: Guid(aa1e31b84c8ac634693c863d4d00479e) Importer(815301076,1909f56bfc062723c751e8b465ee728b)
Start importing Assets/Prefabs/Building Assortments/BuildingAssortment_2.prefab using Guid(aa1e31b84c8ac634693c863d4d00479e) Importer(815301076,1909f56bfc062723c751e8b465ee728b) (PreviewImporter) -> (artifact id: 'd33479da68ddd5718a5d98f5ccdba2d6') in 0.0177142 seconds
Number of updated asset objects reloaded before import = 0Number of asset objects unloaded after import = 129

========================================================================
Received Import Request.
  Time since last request: 0.969798 seconds.
  path: Assets/Prefabs/Building Assortments/BuildingAssortment_2.prefab
  artifactKey: Guid(aa1e31b84c8ac634693c863d4d00479e) Importer(2089858483,192608db42251d675da83286b1cce702)
Start importing Assets/Prefabs/Building Assortments/BuildingAssortment_2.prefab using Guid(aa1e31b84c8ac634693c863d4d00479e) Importer(2089858483,192608db42251d675da83286b1cce702) (ScriptedImporter) -> (artifact id: 'a09cf4a003fe313564abd6f7131f3a70') in 0.0124497 seconds
Number of updated asset objects reloaded before import = 0Number of asset objects unloaded after import = 57

========================================================================
Received Import Request.
  Time since last request: 1.414177 seconds.
  path: Assets/Prefabs/Building Assortments/BuildingAssortment_2.prefab
  artifactKey: Guid(aa1e31b84c8ac634693c863d4d00479e) Importer(815301076,1909f56bfc062723c751e8b465ee728b)
Start importing Assets/Prefabs/Building Assortments/BuildingAssortment_2.prefab using Guid(aa1e31b84c8ac634693c863d4d00479e) Importer(815301076,1909f56bfc062723c751e8b465ee728b) (PreviewImporter) -> (artifact id: 'a50f7f397ed2bf8acc4bfbcd07e785e9') in 0.01616 seconds
Number of updated asset objects reloaded before import = 0Number of asset objects unloaded after import = 129

========================================================================
Received Import Request.
  Time since last request: 0.966984 seconds.
  path: Assets/Prefabs/Building Assortments/BuildingAssortment_2.prefab
  artifactKey: Guid(aa1e31b84c8ac634693c863d4d00479e) Importer(2089858483,192608db42251d675da83286b1cce702)
Start importing Assets/Prefabs/Building Assortments/BuildingAssortment_2.prefab using Guid(aa1e31b84c8ac634693c863d4d00479e) Importer(2089858483,192608db42251d675da83286b1cce702) (ScriptedImporter) -> (artifact id: '66517e3d4a72e92db54ca9b43378b979') in 0.0128097 seconds
Number of updated asset objects reloaded before import = 0Number of asset objects unloaded after import = 57

========================================================================
Received Import Request.
  Time since last request: 2.613379 seconds.
  path: Assets/Prefabs/Building Assortments/BuildingAssortment_2.prefab
  artifactKey: Guid(aa1e31b84c8ac634693c863d4d00479e) Importer(815301076,1909f56bfc062723c751e8b465ee728b)
Start importing Assets/Prefabs/Building Assortments/BuildingAssortment_2.prefab using Guid(aa1e31b84c8ac634693c863d4d00479e) Importer(815301076,1909f56bfc062723c751e8b465ee728b) (PreviewImporter) -> (artifact id: 'a433668318a452ff731613d10157eb5e') in 0.0169382 seconds
Number of updated asset objects reloaded before import = 0Number of asset objects unloaded after import = 129

========================================================================
Received Import Request.
  Time since last request: 0.970060 seconds.
  path: Assets/Prefabs/Building Assortments/BuildingAssortment_2.prefab
  artifactKey: Guid(aa1e31b84c8ac634693c863d4d00479e) Importer(2089858483,192608db42251d675da83286b1cce702)
Start importing Assets/Prefabs/Building Assortments/BuildingAssortment_2.prefab using Guid(aa1e31b84c8ac634693c863d4d00479e) Importer(2089858483,192608db42251d675da83286b1cce702) (ScriptedImporter) -> (artifact id: 'ff78655873327dd71626ba7d783c58fa') in 0.0143821 seconds
Number of updated asset objects reloaded before import = 0Number of asset objects unloaded after import = 57

========================================================================
Received Import Request.
  Time since last request: 4.025775 seconds.
  path: Assets/Prefabs/Building Assortments/BuildingAssortment_2.prefab
  artifactKey: Guid(aa1e31b84c8ac634693c863d4d00479e) Importer(815301076,1909f56bfc062723c751e8b465ee728b)
Start importing Assets/Prefabs/Building Assortments/BuildingAssortment_2.prefab using Guid(aa1e31b84c8ac634693c863d4d00479e) Importer(815301076,1909f56bfc062723c751e8b465ee728b) (PreviewImporter) -> (artifact id: '11356a501ff2c1847bfcd50fee194c29') in 0.0169756 seconds
Number of updated asset objects reloaded before import = 0Number of asset objects unloaded after import = 129

========================================================================
Received Import Request.
  Time since last request: 0.969989 seconds.
  path: Assets/Prefabs/Building Assortments/BuildingAssortment_2.prefab
  artifactKey: Guid(aa1e31b84c8ac634693c863d4d00479e) Importer(2089858483,192608db42251d675da83286b1cce702)
Start importing Assets/Prefabs/Building Assortments/BuildingAssortment_2.prefab using Guid(aa1e31b84c8ac634693c863d4d00479e) Importer(2089858483,192608db42251d675da83286b1cce702) (ScriptedImporter) -> (artifact id: '508612416768089ecdef26847e4efef7') in 0.0130223 seconds
Number of updated asset objects reloaded before import = 0Number of asset objects unloaded after import = 57

========================================================================
Received Import Request.
  Time since last request: 0.613721 seconds.
  path: Assets/Prefabs/Building Assortments/BuildingAssortment_2.prefab
  artifactKey: Guid(aa1e31b84c8ac634693c863d4d00479e) Importer(815301076,1909f56bfc062723c751e8b465ee728b)
Start importing Assets/Prefabs/Building Assortments/BuildingAssortment_2.prefab using Guid(aa1e31b84c8ac634693c863d4d00479e) Importer(815301076,1909f56bfc062723c751e8b465ee728b) (PreviewImporter) -> (artifact id: 'a780cf63df8b2e1edc1ca2a8d1560c2c') in 0.0204834 seconds
Number of updated asset objects reloaded before import = 0Number of asset objects unloaded after import = 129

========================================================================
Received Import Request.
  Time since last request: 0.956630 seconds.
  path: Assets/Prefabs/Building Assortments/BuildingAssortment_2.prefab
  artifactKey: Guid(aa1e31b84c8ac634693c863d4d00479e) Importer(2089858483,192608db42251d675da83286b1cce702)
Start importing Assets/Prefabs/Building Assortments/BuildingAssortment_2.prefab using Guid(aa1e31b84c8ac634693c863d4d00479e) Importer(2089858483,192608db42251d675da83286b1cce702) (ScriptedImporter) -> (artifact id: 'ab680728c503d9ae6bcb747a7fec0716') in 0.0124425 seconds
Number of updated asset objects reloaded before import = 0Number of asset objects unloaded after import = 57

========================================================================
Received Import Request.
  Time since last request: 5.030219 seconds.
  path: Assets/Prefabs/Building Assortments/BuildingAssortment_2.prefab
  artifactKey: Guid(aa1e31b84c8ac634693c863d4d00479e) Importer(815301076,1909f56bfc062723c751e8b465ee728b)
Start importing Assets/Prefabs/Building Assortments/BuildingAssortment_2.prefab using Guid(aa1e31b84c8ac634693c863d4d00479e) Importer(815301076,1909f56bfc062723c751e8b465ee728b) (PreviewImporter) -> (artifact id: 'e27ce75631c58b8f8fb058a1fba40f2d') in 0.0163952 seconds
Number of updated asset objects reloaded before import = 0Number of asset objects unloaded after import = 129

========================================================================
Received Import Request.
  Time since last request: 0.968060 seconds.
  path: Assets/Prefabs/Building Assortments/BuildingAssortment_2.prefab
  artifactKey: Guid(aa1e31b84c8ac634693c863d4d00479e) Importer(2089858483,192608db42251d675da83286b1cce702)
Start importing Assets/Prefabs/Building Assortments/BuildingAssortment_2.prefab using Guid(aa1e31b84c8ac634693c863d4d00479e) Importer(2089858483,192608db42251d675da83286b1cce702) (ScriptedImporter) -> (artifact id: '4f23355913273c82a0ad4d37c2a89034') in 0.0117755 seconds
Number of updated asset objects reloaded before import = 0Number of asset objects unloaded after import = 57

========================================================================
Received Import Request.
  Time since last request: 1.408406 seconds.
  path: Assets/Prefabs/Building Assortments/BuildingAssortment_2.prefab
  artifactKey: Guid(aa1e31b84c8ac634693c863d4d00479e) Importer(815301076,1909f56bfc062723c751e8b465ee728b)
Start importing Assets/Prefabs/Building Assortments/BuildingAssortment_2.prefab using Guid(aa1e31b84c8ac634693c863d4d00479e) Importer(815301076,1909f56bfc062723c751e8b465ee728b) (PreviewImporter) -> (artifact id: 'c393060a6b393db603df962705c29db0') in 0.0166439 seconds
Number of updated asset objects reloaded before import = 0Number of asset objects unloaded after import = 129

========================================================================
Received Import Request.
  Time since last request: 0.970853 seconds.
  path: Assets/Prefabs/Building Assortments/BuildingAssortment_2.prefab
  artifactKey: Guid(aa1e31b84c8ac634693c863d4d00479e) Importer(2089858483,192608db42251d675da83286b1cce702)
Start importing Assets/Prefabs/Building Assortments/BuildingAssortment_2.prefab using Guid(aa1e31b84c8ac634693c863d4d00479e) Importer(2089858483,192608db42251d675da83286b1cce702) (ScriptedImporter) -> (artifact id: 'ae476154e6a8b8202424bacbca688bb0') in 0.0134617 seconds
Number of updated asset objects reloaded before import = 0Number of asset objects unloaded after import = 57

========================================================================
Received Import Request.
  Time since last request: 13.288454 seconds.
  path: Assets/Prefabs/Building Assortments/BuildingAssortment_2.prefab
  artifactKey: Guid(aa1e31b84c8ac634693c863d4d00479e) Importer(815301076,1909f56bfc062723c751e8b465ee728b)
Start importing Assets/Prefabs/Building Assortments/BuildingAssortment_2.prefab using Guid(aa1e31b84c8ac634693c863d4d00479e) Importer(815301076,1909f56bfc062723c751e8b465ee728b) (PreviewImporter) -> (artifact id: '855b141ebfbd477e1ca620be5dbec584') in 0.0485957 seconds
Number of updated asset objects reloaded before import = 0Number of asset objects unloaded after import = 129

========================================================================
Received Import Request.
  Time since last request: 0.932650 seconds.
  path: Assets/Prefabs/Building Assortments/BuildingAssortment_2.prefab
  artifactKey: Guid(aa1e31b84c8ac634693c863d4d00479e) Importer(2089858483,192608db42251d675da83286b1cce702)
Start importing Assets/Prefabs/Building Assortments/BuildingAssortment_2.prefab using Guid(aa1e31b84c8ac634693c863d4d00479e) Importer(2089858483,192608db42251d675da83286b1cce702) (ScriptedImporter) -> (artifact id: 'fac812f7aaaf49e84895c68f720c1ea3') in 0.0131214 seconds
Number of updated asset objects reloaded before import = 0Number of asset objects unloaded after import = 57

========================================================================
Received Import Request.
  Time since last request: 22.318830 seconds.
  path: Assets/Prefabs/Building Assortments/BuildingAssortment_2.prefab
  artifactKey: Guid(aa1e31b84c8ac634693c863d4d00479e) Importer(815301076,1909f56bfc062723c751e8b465ee728b)
Start importing Assets/Prefabs/Building Assortments/BuildingAssortment_2.prefab using Guid(aa1e31b84c8ac634693c863d4d00479e) Importer(815301076,1909f56bfc062723c751e8b465ee728b) (PreviewImporter) -> (artifact id: 'b316a05e450ea587b2718364c3714ce1') in 0.0174262 seconds
Number of updated asset objects reloaded before import = 0Number of asset objects unloaded after import = 129

========================================================================
Received Import Request.
  Time since last request: 0.968276 seconds.
  path: Assets/Prefabs/Building Assortments/BuildingAssortment_2.prefab
  artifactKey: Guid(aa1e31b84c8ac634693c863d4d00479e) Importer(2089858483,192608db42251d675da83286b1cce702)
Start importing Assets/Prefabs/Building Assortments/BuildingAssortment_2.prefab using Guid(aa1e31b84c8ac634693c863d4d00479e) Importer(2089858483,192608db42251d675da83286b1cce702) (ScriptedImporter) -> (artifact id: '5d8390e2b87acb4aa857ee201a02d91f') in 0.0134588 seconds
Number of updated asset objects reloaded before import = 0Number of asset objects unloaded after import = 57

========================================================================
Received Import Request.
  Time since last request: 20.716897 seconds.
  path: Assets/Prefabs/Building Assortments/BuildingAssortment_2.prefab
  artifactKey: Guid(aa1e31b84c8ac634693c863d4d00479e) Importer(815301076,1909f56bfc062723c751e8b465ee728b)
Start importing Assets/Prefabs/Building Assortments/BuildingAssortment_2.prefab using Guid(aa1e31b84c8ac634693c863d4d00479e) Importer(815301076,1909f56bfc062723c751e8b465ee728b) (PreviewImporter) -> (artifact id: '750a32c691c4d4e9ce7c88213c9c9402') in 0.0621668 seconds
Number of updated asset objects reloaded before import = 0Number of asset objects unloaded after import = 129

========================================================================
Received Import Request.
  Time since last request: 0.924134 seconds.
  path: Assets/Prefabs/Building Assortments/BuildingAssortment_2.prefab
  artifactKey: Guid(aa1e31b84c8ac634693c863d4d00479e) Importer(2089858483,192608db42251d675da83286b1cce702)
Start importing Assets/Prefabs/Building Assortments/BuildingAssortment_2.prefab using Guid(aa1e31b84c8ac634693c863d4d00479e) Importer(2089858483,192608db42251d675da83286b1cce702) (ScriptedImporter) -> (artifact id: '2c846320edf9982fb407d238f9829003') in 0.0140824 seconds
Number of updated asset objects reloaded before import = 0Number of asset objects unloaded after import = 57

========================================================================
Received Import Request.
  Time since last request: 4.231976 seconds.
  path: Assets/Prefabs/Building Assortments/BuildingAssortment_2.prefab
  artifactKey: Guid(aa1e31b84c8ac634693c863d4d00479e) Importer(815301076,1909f56bfc062723c751e8b465ee728b)
Start importing Assets/Prefabs/Building Assortments/BuildingAssortment_2.prefab using Guid(aa1e31b84c8ac634693c863d4d00479e) Importer(815301076,1909f56bfc062723c751e8b465ee728b) (PreviewImporter) -> (artifact id: '4188a389b460d7ab6d2f2b24107d952a') in 0.0124943 seconds
Number of updated asset objects reloaded before import = 0Number of asset objects unloaded after import = 129

========================================================================
Received Import Request.
  Time since last request: 0.974268 seconds.
  path: Assets/Prefabs/Building Assortments/BuildingAssortment_2.prefab
  artifactKey: Guid(aa1e31b84c8ac634693c863d4d00479e) Importer(2089858483,192608db42251d675da83286b1cce702)
Start importing Assets/Prefabs/Building Assortments/BuildingAssortment_2.prefab using Guid(aa1e31b84c8ac634693c863d4d00479e) Importer(2089858483,192608db42251d675da83286b1cce702) (ScriptedImporter) -> (artifact id: '4cfa722c21973d3b5a97091251378541') in 0.0120234 seconds
Number of updated asset objects reloaded before import = 0Number of asset objects unloaded after import = 57

========================================================================
Received Import Request.
  Time since last request: 8.279230 seconds.
  path: Assets/Prefabs/Building Assortments/BuildingAssortment_2.prefab
  artifactKey: Guid(aa1e31b84c8ac634693c863d4d00479e) Importer(815301076,1909f56bfc062723c751e8b465ee728b)
Start importing Assets/Prefabs/Building Assortments/BuildingAssortment_2.prefab using Guid(aa1e31b84c8ac634693c863d4d00479e) Importer(815301076,1909f56bfc062723c751e8b465ee728b) (PreviewImporter) -> (artifact id: '5f5ebcd96975856bba355f7a52eb46e2') in 0.0339493 seconds
Number of updated asset objects reloaded before import = 0Number of asset objects unloaded after import = 129

========================================================================
Received Import Request.
  Time since last request: 0.938312 seconds.
  path: Assets/Prefabs/Building Assortments/BuildingAssortment_2.prefab
  artifactKey: Guid(aa1e31b84c8ac634693c863d4d00479e) Importer(2089858483,192608db42251d675da83286b1cce702)
Start importing Assets/Prefabs/Building Assortments/BuildingAssortment_2.prefab using Guid(aa1e31b84c8ac634693c863d4d00479e) Importer(2089858483,192608db42251d675da83286b1cce702) (ScriptedImporter) -> (artifact id: '33adae49960802dd1a8e2bab934da139') in 0.0139706 seconds
Number of updated asset objects reloaded before import = 0Number of asset objects unloaded after import = 57

========================================================================
Received Import Request.
  Time since last request: 10.067742 seconds.
  path: Assets/Prefabs/Building Assortments/BuildingAssortment_2.prefab
  artifactKey: Guid(aa1e31b84c8ac634693c863d4d00479e) Importer(815301076,1909f56bfc062723c751e8b465ee728b)
Start importing Assets/Prefabs/Building Assortments/BuildingAssortment_2.prefab using Guid(aa1e31b84c8ac634693c863d4d00479e) Importer(815301076,1909f56bfc062723c751e8b465ee728b) (PreviewImporter) -> (artifact id: '81b36d35987fcb496f59c9280b16771e') in 0.0174988 seconds
Number of updated asset objects reloaded before import = 0Number of asset objects unloaded after import = 129

========================================================================
Received Import Request.
  Time since last request: 0.969923 seconds.
  path: Assets/Prefabs/Building Assortments/BuildingAssortment_2.prefab
  artifactKey: Guid(aa1e31b84c8ac634693c863d4d00479e) Importer(2089858483,192608db42251d675da83286b1cce702)
Start importing Assets/Prefabs/Building Assortments/BuildingAssortment_2.prefab using Guid(aa1e31b84c8ac634693c863d4d00479e) Importer(2089858483,192608db42251d675da83286b1cce702) (ScriptedImporter) -> (artifact id: '9705826a7b551d801933fad120f1cd2d') in 0.0141745 seconds
Number of updated asset objects reloaded before import = 0Number of asset objects unloaded after import = 57

========================================================================
Received Import Request.
  Time since last request: 3.819535 seconds.
  path: Assets/Prefabs/Building Assortments/BuildingAssortment_2.prefab
  artifactKey: Guid(aa1e31b84c8ac634693c863d4d00479e) Importer(815301076,1909f56bfc062723c751e8b465ee728b)
Start importing Assets/Prefabs/Building Assortments/BuildingAssortment_2.prefab using Guid(aa1e31b84c8ac634693c863d4d00479e) Importer(815301076,1909f56bfc062723c751e8b465ee728b) (PreviewImporter) -> (artifact id: '8df30aa06860a1e5962f582b81e125c7') in 0.0206569 seconds
Number of updated asset objects reloaded before import = 0Number of asset objects unloaded after import = 129

========================================================================
Received Import Request.
  Time since last request: 0.966448 seconds.
  path: Assets/Prefabs/Building Assortments/BuildingAssortment_2.prefab
  artifactKey: Guid(aa1e31b84c8ac634693c863d4d00479e) Importer(2089858483,192608db42251d675da83286b1cce702)
Start importing Assets/Prefabs/Building Assortments/BuildingAssortment_2.prefab using Guid(aa1e31b84c8ac634693c863d4d00479e) Importer(2089858483,192608db42251d675da83286b1cce702) (ScriptedImporter) -> (artifact id: '6bf5d592af66f2b976d4f4b19c7a41b7') in 0.014681 seconds
Number of updated asset objects reloaded before import = 0Number of asset objects unloaded after import = 57

========================================================================
Received Import Request.
  Time since last request: 31.348246 seconds.
  path: Assets/Prefabs/Building Assortments/BuildingAssortment_2.prefab
  artifactKey: Guid(aa1e31b84c8ac634693c863d4d00479e) Importer(815301076,1909f56bfc062723c751e8b465ee728b)
Start importing Assets/Prefabs/Building Assortments/BuildingAssortment_2.prefab using Guid(aa1e31b84c8ac634693c863d4d00479e) Importer(815301076,1909f56bfc062723c751e8b465ee728b) (PreviewImporter) -> (artifact id: 'd52b86efaafccf9774f467c435cf4247') in 0.0162967 seconds
Number of updated asset objects reloaded before import = 0Number of asset objects unloaded after import = 129

========================================================================
Received Import Request.
  Time since last request: 0.973348 seconds.
  path: Assets/Prefabs/Building Assortments/BuildingAssortment_2.prefab
  artifactKey: Guid(aa1e31b84c8ac634693c863d4d00479e) Importer(2089858483,192608db42251d675da83286b1cce702)
Start importing Assets/Prefabs/Building Assortments/BuildingAssortment_2.prefab using Guid(aa1e31b84c8ac634693c863d4d00479e) Importer(2089858483,192608db42251d675da83286b1cce702) (ScriptedImporter) -> (artifact id: '2438dbbda83915573a6cae80de77b318') in 0.0132874 seconds
Number of updated asset objects reloaded before import = 0Number of asset objects unloaded after import = 57

========================================================================
Received Import Request.
  Time since last request: 1.802657 seconds.
  path: Assets/Prefabs/Building Assortments/BuildingAssortment_2.prefab
  artifactKey: Guid(aa1e31b84c8ac634693c863d4d00479e) Importer(815301076,1909f56bfc062723c751e8b465ee728b)
Start importing Assets/Prefabs/Building Assortments/BuildingAssortment_2.prefab using Guid(aa1e31b84c8ac634693c863d4d00479e) Importer(815301076,1909f56bfc062723c751e8b465ee728b) (PreviewImporter) -> (artifact id: 'edd380ad09e4a6beabf90985352723c8') in 0.0138525 seconds
Number of updated asset objects reloaded before import = 0Number of asset objects unloaded after import = 129

========================================================================
Received Import Request.
  Time since last request: 0.972978 seconds.
  path: Assets/Prefabs/Building Assortments/BuildingAssortment_2.prefab
  artifactKey: Guid(aa1e31b84c8ac634693c863d4d00479e) Importer(2089858483,192608db42251d675da83286b1cce702)
Start importing Assets/Prefabs/Building Assortments/BuildingAssortment_2.prefab using Guid(aa1e31b84c8ac634693c863d4d00479e) Importer(2089858483,192608db42251d675da83286b1cce702) (ScriptedImporter) -> (artifact id: 'ecf64e9b379c1e7f36fed717e2b11c6b') in 0.012393 seconds
Number of updated asset objects reloaded before import = 0Number of asset objects unloaded after import = 57

========================================================================
Received Import Request.
  Time since last request: 2.235676 seconds.
  path: Assets/Prefabs/Building Assortments/BuildingAssortment_2.prefab
  artifactKey: Guid(aa1e31b84c8ac634693c863d4d00479e) Importer(815301076,1909f56bfc062723c751e8b465ee728b)
Start importing Assets/Prefabs/Building Assortments/BuildingAssortment_2.prefab using Guid(aa1e31b84c8ac634693c863d4d00479e) Importer(815301076,1909f56bfc062723c751e8b465ee728b) (PreviewImporter) -> (artifact id: '66ba7c3f61a5c72bae1a571432ca72d3') in 0.0199826 seconds
Number of updated asset objects reloaded before import = 0Number of asset objects unloaded after import = 129

========================================================================
Received Import Request.
  Time since last request: 0.966000 seconds.
  path: Assets/Prefabs/Building Assortments/BuildingAssortment_2.prefab
  artifactKey: Guid(aa1e31b84c8ac634693c863d4d00479e) Importer(2089858483,192608db42251d675da83286b1cce702)
Start importing Assets/Prefabs/Building Assortments/BuildingAssortment_2.prefab using Guid(aa1e31b84c8ac634693c863d4d00479e) Importer(2089858483,192608db42251d675da83286b1cce702) (ScriptedImporter) -> (artifact id: 'b1527105a4ec420d0b3d2c1d5a8b09ed') in 0.013902 seconds
Number of updated asset objects reloaded before import = 0Number of asset objects unloaded after import = 57

========================================================================
Received Import Request.
  Time since last request: 2.215539 seconds.
  path: Assets/Prefabs/Building Assortments/BuildingAssortment_2.prefab
  artifactKey: Guid(aa1e31b84c8ac634693c863d4d00479e) Importer(815301076,1909f56bfc062723c751e8b465ee728b)
Start importing Assets/Prefabs/Building Assortments/BuildingAssortment_2.prefab using Guid(aa1e31b84c8ac634693c863d4d00479e) Importer(815301076,1909f56bfc062723c751e8b465ee728b) (PreviewImporter) -> (artifact id: '549d614544494553cc2f67e3216b8e8e') in 0.0255271 seconds
Number of updated asset objects reloaded before import = 0Number of asset objects unloaded after import = 129

========================================================================
Received Import Request.
  Time since last request: 0.958834 seconds.
  path: Assets/Prefabs/Building Assortments/BuildingAssortment_2.prefab
  artifactKey: Guid(aa1e31b84c8ac634693c863d4d00479e) Importer(2089858483,192608db42251d675da83286b1cce702)
Start importing Assets/Prefabs/Building Assortments/BuildingAssortment_2.prefab using Guid(aa1e31b84c8ac634693c863d4d00479e) Importer(2089858483,192608db42251d675da83286b1cce702) (ScriptedImporter) -> (artifact id: 'c2325a47e4f36e6984786ef3a49ee24e') in 0.0126405 seconds
Number of updated asset objects reloaded before import = 0Number of asset objects unloaded after import = 57

========================================================================
Received Import Request.
  Time since last request: 4.033099 seconds.
  path: Assets/Prefabs/Building Assortments/BuildingAssortment_2.prefab
  artifactKey: Guid(aa1e31b84c8ac634693c863d4d00479e) Importer(815301076,1909f56bfc062723c751e8b465ee728b)
Start importing Assets/Prefabs/Building Assortments/BuildingAssortment_2.prefab using Guid(aa1e31b84c8ac634693c863d4d00479e) Importer(815301076,1909f56bfc062723c751e8b465ee728b) (PreviewImporter) -> (artifact id: 'b15e189bb19c357d4e79822b5b1c1c8d') in 0.0203184 seconds
Number of updated asset objects reloaded before import = 0Number of asset objects unloaded after import = 129

========================================================================
Received Import Request.
  Time since last request: 0.966426 seconds.
  path: Assets/Prefabs/Building Assortments/BuildingAssortment_2.prefab
  artifactKey: Guid(aa1e31b84c8ac634693c863d4d00479e) Importer(2089858483,192608db42251d675da83286b1cce702)
Start importing Assets/Prefabs/Building Assortments/BuildingAssortment_2.prefab using Guid(aa1e31b84c8ac634693c863d4d00479e) Importer(2089858483,192608db42251d675da83286b1cce702) (ScriptedImporter) -> (artifact id: 'a550c6cef632eaa56eb75a057845602a') in 0.0132415 seconds
Number of updated asset objects reloaded before import = 0Number of asset objects unloaded after import = 57

========================================================================
Received Import Request.
  Time since last request: 5.236188 seconds.
  path: Assets/Prefabs/Building Assortments/BuildingAssortment_2.prefab
  artifactKey: Guid(aa1e31b84c8ac634693c863d4d00479e) Importer(815301076,1909f56bfc062723c751e8b465ee728b)
Start importing Assets/Prefabs/Building Assortments/BuildingAssortment_2.prefab using Guid(aa1e31b84c8ac634693c863d4d00479e) Importer(815301076,1909f56bfc062723c751e8b465ee728b) (PreviewImporter) -> (artifact id: '1e9e5db27d2a8d5cdfc38ae42d10e25a') in 0.0173285 seconds
Number of updated asset objects reloaded before import = 0Number of asset objects unloaded after import = 129

========================================================================
Received Import Request.
  Time since last request: 0.967825 seconds.
  path: Assets/Prefabs/Building Assortments/BuildingAssortment_2.prefab
  artifactKey: Guid(aa1e31b84c8ac634693c863d4d00479e) Importer(2089858483,192608db42251d675da83286b1cce702)
Start importing Assets/Prefabs/Building Assortments/BuildingAssortment_2.prefab using Guid(aa1e31b84c8ac634693c863d4d00479e) Importer(2089858483,192608db42251d675da83286b1cce702) (ScriptedImporter) -> (artifact id: '1bdde706475fe174345df04482b86cfa') in 0.0126134 seconds
Number of updated asset objects reloaded before import = 0Number of asset objects unloaded after import = 57

========================================================================
Received Import Request.
  Time since last request: 1.815370 seconds.
  path: Assets/Prefabs/Building Assortments/BuildingAssortment_2.prefab
  artifactKey: Guid(aa1e31b84c8ac634693c863d4d00479e) Importer(815301076,1909f56bfc062723c751e8b465ee728b)
Start importing Assets/Prefabs/Building Assortments/BuildingAssortment_2.prefab using Guid(aa1e31b84c8ac634693c863d4d00479e) Importer(815301076,1909f56bfc062723c751e8b465ee728b) (PreviewImporter) -> (artifact id: '855b1eebec20dd94addaab3e716968e3') in 0.022431 seconds
Number of updated asset objects reloaded before import = 0Number of asset objects unloaded after import = 129

========================================================================
Received Import Request.
  Time since last request: 0.964817 seconds.
  path: Assets/Prefabs/Building Assortments/BuildingAssortment_2.prefab
  artifactKey: Guid(aa1e31b84c8ac634693c863d4d00479e) Importer(2089858483,192608db42251d675da83286b1cce702)
Start importing Assets/Prefabs/Building Assortments/BuildingAssortment_2.prefab using Guid(aa1e31b84c8ac634693c863d4d00479e) Importer(2089858483,192608db42251d675da83286b1cce702) (ScriptedImporter) -> (artifact id: '0ae1f278e232ec999217e2250201f24d') in 0.0135946 seconds
Number of updated asset objects reloaded before import = 0Number of asset objects unloaded after import = 57

========================================================================
Received Import Request.
  Time since last request: 5.431489 seconds.
  path: Assets/Prefabs/Building Assortments/BuildingAssortment_2.prefab
  artifactKey: Guid(aa1e31b84c8ac634693c863d4d00479e) Importer(815301076,1909f56bfc062723c751e8b465ee728b)
Start importing Assets/Prefabs/Building Assortments/BuildingAssortment_2.prefab using Guid(aa1e31b84c8ac634693c863d4d00479e) Importer(815301076,1909f56bfc062723c751e8b465ee728b) (PreviewImporter) -> (artifact id: '74f0e4ab94ef30376db6b6804bd59ac0') in 0.0165789 seconds
Number of updated asset objects reloaded before import = 0Number of asset objects unloaded after import = 129

========================================================================
Received Import Request.
  Time since last request: 0.968435 seconds.
  path: Assets/Prefabs/Building Assortments/BuildingAssortment_2.prefab
  artifactKey: Guid(aa1e31b84c8ac634693c863d4d00479e) Importer(2089858483,192608db42251d675da83286b1cce702)
Start importing Assets/Prefabs/Building Assortments/BuildingAssortment_2.prefab using Guid(aa1e31b84c8ac634693c863d4d00479e) Importer(2089858483,192608db42251d675da83286b1cce702) (ScriptedImporter) -> (artifact id: 'ee15b682c2a78967aab7c54bbbf2016b') in 0.0133957 seconds
Number of updated asset objects reloaded before import = 0Number of asset objects unloaded after import = 57

========================================================================
Received Import Request.
  Time since last request: 2.216404 seconds.
  path: Assets/Prefabs/Building Assortments/BuildingAssortment_2.prefab
  artifactKey: Guid(aa1e31b84c8ac634693c863d4d00479e) Importer(815301076,1909f56bfc062723c751e8b465ee728b)
Start importing Assets/Prefabs/Building Assortments/BuildingAssortment_2.prefab using Guid(aa1e31b84c8ac634693c863d4d00479e) Importer(815301076,1909f56bfc062723c751e8b465ee728b) (PreviewImporter) -> (artifact id: 'e83c1ba9f174efda86ec098086551458') in 0.0505029 seconds
Number of updated asset objects reloaded before import = 0Number of asset objects unloaded after import = 129

========================================================================
Received Import Request.
  Time since last request: 0.938041 seconds.
  path: Assets/Prefabs/Building Assortments/BuildingAssortment_2.prefab
  artifactKey: Guid(aa1e31b84c8ac634693c863d4d00479e) Importer(2089858483,192608db42251d675da83286b1cce702)
Start importing Assets/Prefabs/Building Assortments/BuildingAssortment_2.prefab using Guid(aa1e31b84c8ac634693c863d4d00479e) Importer(2089858483,192608db42251d675da83286b1cce702) (ScriptedImporter) -> (artifact id: 'd0944a21f4a717ae59c1316cc4d939d9') in 0.012182 seconds
Number of updated asset objects reloaded before import = 0Number of asset objects unloaded after import = 57

========================================================================
Received Import Request.
  Time since last request: 1.410420 seconds.
  path: Assets/Prefabs/Building Assortments/BuildingAssortment_2.prefab
  artifactKey: Guid(aa1e31b84c8ac634693c863d4d00479e) Importer(815301076,1909f56bfc062723c751e8b465ee728b)
Start importing Assets/Prefabs/Building Assortments/BuildingAssortment_2.prefab using Guid(aa1e31b84c8ac634693c863d4d00479e) Importer(815301076,1909f56bfc062723c751e8b465ee728b) (PreviewImporter) -> (artifact id: 'fe2ad238db0790a5a50d1b3a630b9c40') in 0.0159983 seconds
Number of updated asset objects reloaded before import = 0Number of asset objects unloaded after import = 129

========================================================================
Received Import Request.
  Time since last request: 0.971996 seconds.
  path: Assets/Prefabs/Building Assortments/BuildingAssortment_2.prefab
  artifactKey: Guid(aa1e31b84c8ac634693c863d4d00479e) Importer(2089858483,192608db42251d675da83286b1cce702)
Start importing Assets/Prefabs/Building Assortments/BuildingAssortment_2.prefab using Guid(aa1e31b84c8ac634693c863d4d00479e) Importer(2089858483,192608db42251d675da83286b1cce702) (ScriptedImporter) -> (artifact id: 'd662f462612a8caf748bd07ed7acda2a') in 0.0124351 seconds
Number of updated asset objects reloaded before import = 0Number of asset objects unloaded after import = 57

========================================================================
Received Import Request.
  Time since last request: 29.830737 seconds.
  path: Assets/Scenes/Prototype_1/Prototype_1_Game.unity
  artifactKey: Guid(97cbf9dd86ed1344398437f94afd520c) Importer(2089858483,192608db42251d675da83286b1cce702)
Start importing Assets/Scenes/Prototype_1/Prototype_1_Game.unity using Guid(97cbf9dd86ed1344398437f94afd520c) Importer(2089858483,192608db42251d675da83286b1cce702) (ScriptedImporter) -> (artifact id: 'decae1d226bf17a3dbcfbfd3e765af05') in 0.0111863 seconds
Number of updated asset objects reloaded before import = 0Number of asset objects unloaded after import = 1

========================================================================
Received Import Request.
  Time since last request: 12.040962 seconds.
  path: Assets/Prefabs/Building Assortments/BuildingAssortment_2.prefab
  artifactKey: Guid(aa1e31b84c8ac634693c863d4d00479e) Importer(815301076,1909f56bfc062723c751e8b465ee728b)
Start importing Assets/Prefabs/Building Assortments/BuildingAssortment_2.prefab using Guid(aa1e31b84c8ac634693c863d4d00479e) Importer(815301076,1909f56bfc062723c751e8b465ee728b) (PreviewImporter) -> (artifact id: 'c57091059961719d1925f2547811847a') in 0.0188337 seconds
Number of updated asset objects reloaded before import = 0Number of asset objects unloaded after import = 129

========================================================================
Received Import Request.
  Time since last request: 0.957514 seconds.
  path: Assets/Prefabs/Building Assortments/BuildingAssortment_2.prefab
  artifactKey: Guid(aa1e31b84c8ac634693c863d4d00479e) Importer(2089858483,192608db42251d675da83286b1cce702)
Start importing Assets/Prefabs/Building Assortments/BuildingAssortment_2.prefab using Guid(aa1e31b84c8ac634693c863d4d00479e) Importer(2089858483,192608db42251d675da83286b1cce702) (ScriptedImporter) -> (artifact id: '40fd174ab088d81003c327bcf7c1374f') in 0.0134404 seconds
Number of updated asset objects reloaded before import = 0Number of asset objects unloaded after import = 57

========================================================================
Received Import Request.
  Time since last request: 3.010820 seconds.
  path: Assets/Prefabs/Building Assortments/BuildingAssortment_2.prefab
  artifactKey: Guid(aa1e31b84c8ac634693c863d4d00479e) Importer(815301076,1909f56bfc062723c751e8b465ee728b)
Start importing Assets/Prefabs/Building Assortments/BuildingAssortment_2.prefab using Guid(aa1e31b84c8ac634693c863d4d00479e) Importer(815301076,1909f56bfc062723c751e8b465ee728b) (PreviewImporter) -> (artifact id: '95edb7dce181cd4a98b2591ab985d6e0') in 0.0207231 seconds
Number of updated asset objects reloaded before import = 0Number of asset objects unloaded after import = 129

========================================================================
Received Import Request.
  Time since last request: 0.968417 seconds.
  path: Assets/Prefabs/Building Assortments/BuildingAssortment_2.prefab
  artifactKey: Guid(aa1e31b84c8ac634693c863d4d00479e) Importer(2089858483,192608db42251d675da83286b1cce702)
Start importing Assets/Prefabs/Building Assortments/BuildingAssortment_2.prefab using Guid(aa1e31b84c8ac634693c863d4d00479e) Importer(2089858483,192608db42251d675da83286b1cce702) (ScriptedImporter) -> (artifact id: 'bd3d7de3e4978eb53224b5063443b041') in 0.0132452 seconds
Number of updated asset objects reloaded before import = 0Number of asset objects unloaded after import = 57

========================================================================
Received Import Request.
  Time since last request: 1.416905 seconds.
  path: Assets/Prefabs/Building Assortments/BuildingAssortment_2.prefab
  artifactKey: Guid(aa1e31b84c8ac634693c863d4d00479e) Importer(815301076,1909f56bfc062723c751e8b465ee728b)
Start importing Assets/Prefabs/Building Assortments/BuildingAssortment_2.prefab using Guid(aa1e31b84c8ac634693c863d4d00479e) Importer(815301076,1909f56bfc062723c751e8b465ee728b) (PreviewImporter) -> (artifact id: '6f515848e55a676ef12e16234a6815a3') in 0.0181637 seconds
Number of updated asset objects reloaded before import = 0Number of asset objects unloaded after import = 129

========================================================================
Received Import Request.
  Time since last request: 0.968082 seconds.
  path: Assets/Prefabs/Building Assortments/BuildingAssortment_2.prefab
  artifactKey: Guid(aa1e31b84c8ac634693c863d4d00479e) Importer(2089858483,192608db42251d675da83286b1cce702)
Start importing Assets/Prefabs/Building Assortments/BuildingAssortment_2.prefab using Guid(aa1e31b84c8ac634693c863d4d00479e) Importer(2089858483,192608db42251d675da83286b1cce702) (ScriptedImporter) -> (artifact id: 'cd45f55868feec8b961797e69a5db2e7') in 0.0140956 seconds
Number of updated asset objects reloaded before import = 0Number of asset objects unloaded after import = 57

========================================================================
Received Import Request.
  Time since last request: 6.436543 seconds.
  path: Assets/Prefabs/Building Assortments/BuildingAssortment_2.prefab
  artifactKey: Guid(aa1e31b84c8ac634693c863d4d00479e) Importer(815301076,1909f56bfc062723c751e8b465ee728b)
Start importing Assets/Prefabs/Building Assortments/BuildingAssortment_2.prefab using Guid(aa1e31b84c8ac634693c863d4d00479e) Importer(815301076,1909f56bfc062723c751e8b465ee728b) (PreviewImporter) -> (artifact id: 'de6fd9c3bfba6b475cd3ab1a4d4f98ad') in 0.0262414 seconds
Number of updated asset objects reloaded before import = 0Number of asset objects unloaded after import = 129

========================================================================
Received Import Request.
  Time since last request: 0.959652 seconds.
  path: Assets/Prefabs/Building Assortments/BuildingAssortment_2.prefab
  artifactKey: Guid(aa1e31b84c8ac634693c863d4d00479e) Importer(2089858483,192608db42251d675da83286b1cce702)
Start importing Assets/Prefabs/Building Assortments/BuildingAssortment_2.prefab using Guid(aa1e31b84c8ac634693c863d4d00479e) Importer(2089858483,192608db42251d675da83286b1cce702) (ScriptedImporter) -> (artifact id: '495ebc3d9a32c3eb605fac70d93cc32f') in 0.0133284 seconds
Number of updated asset objects reloaded before import = 0Number of asset objects unloaded after import = 57

========================================================================
Received Import Request.
  Time since last request: 3.626962 seconds.
  path: Assets/Prefabs/Building Assortments/BuildingAssortment_2.prefab
  artifactKey: Guid(aa1e31b84c8ac634693c863d4d00479e) Importer(815301076,1909f56bfc062723c751e8b465ee728b)
Start importing Assets/Prefabs/Building Assortments/BuildingAssortment_2.prefab using Guid(aa1e31b84c8ac634693c863d4d00479e) Importer(815301076,1909f56bfc062723c751e8b465ee728b) (PreviewImporter) -> (artifact id: '63c162eeda3d8f065fd9f34066167786') in 0.0213704 seconds
Number of updated asset objects reloaded before import = 0Number of asset objects unloaded after import = 129

========================================================================
Received Import Request.
  Time since last request: 0.958736 seconds.
  path: Assets/Prefabs/Building Assortments/BuildingAssortment_2.prefab
  artifactKey: Guid(aa1e31b84c8ac634693c863d4d00479e) Importer(2089858483,192608db42251d675da83286b1cce702)
Start importing Assets/Prefabs/Building Assortments/BuildingAssortment_2.prefab using Guid(aa1e31b84c8ac634693c863d4d00479e) Importer(2089858483,192608db42251d675da83286b1cce702) (ScriptedImporter) -> (artifact id: '2810f046c4713bb20c7d3a8964f3b4ae') in 0.011997 seconds
Number of updated asset objects reloaded before import = 0Number of asset objects unloaded after import = 57

========================================================================
Received Import Request.
  Time since last request: 2.016734 seconds.
  path: Assets/Prefabs/Building Assortments/BuildingAssortment_2.prefab
  artifactKey: Guid(aa1e31b84c8ac634693c863d4d00479e) Importer(815301076,1909f56bfc062723c751e8b465ee728b)
Start importing Assets/Prefabs/Building Assortments/BuildingAssortment_2.prefab using Guid(aa1e31b84c8ac634693c863d4d00479e) Importer(815301076,1909f56bfc062723c751e8b465ee728b) (PreviewImporter) -> (artifact id: '09349603b382ac235e86ef0b8fb2a46c') in 0.0153743 seconds
Number of updated asset objects reloaded before import = 0Number of asset objects unloaded after import = 129

========================================================================
Received Import Request.
  Time since last request: 0.973448 seconds.
  path: Assets/Prefabs/Building Assortments/BuildingAssortment_2.prefab
  artifactKey: Guid(aa1e31b84c8ac634693c863d4d00479e) Importer(2089858483,192608db42251d675da83286b1cce702)
Start importing Assets/Prefabs/Building Assortments/BuildingAssortment_2.prefab using Guid(aa1e31b84c8ac634693c863d4d00479e) Importer(2089858483,192608db42251d675da83286b1cce702) (ScriptedImporter) -> (artifact id: '74030821a7129d9ff11ec0a7da8c8fb9') in 0.0120578 seconds
Number of updated asset objects reloaded before import = 0Number of asset objects unloaded after import = 57

========================================================================
Received Import Request.
  Time since last request: 1.008987 seconds.
  path: Assets/Prefabs/Building Assortments/BuildingAssortment_2.prefab
  artifactKey: Guid(aa1e31b84c8ac634693c863d4d00479e) Importer(815301076,1909f56bfc062723c751e8b465ee728b)
Start importing Assets/Prefabs/Building Assortments/BuildingAssortment_2.prefab using Guid(aa1e31b84c8ac634693c863d4d00479e) Importer(815301076,1909f56bfc062723c751e8b465ee728b) (PreviewImporter) -> (artifact id: '3559381fffe5374e8ec7e9a24153ded6') in 0.0118142 seconds
Number of updated asset objects reloaded before import = 0Number of asset objects unloaded after import = 129

========================================================================
Received Import Request.
  Time since last request: 0.974237 seconds.
  path: Assets/Prefabs/Building Assortments/BuildingAssortment_2.prefab
  artifactKey: Guid(aa1e31b84c8ac634693c863d4d00479e) Importer(2089858483,192608db42251d675da83286b1cce702)
Start importing Assets/Prefabs/Building Assortments/BuildingAssortment_2.prefab using Guid(aa1e31b84c8ac634693c863d4d00479e) Importer(2089858483,192608db42251d675da83286b1cce702) (ScriptedImporter) -> (artifact id: 'f7513c40bb5163c49385496201c6b53a') in 0.0140051 seconds
Number of updated asset objects reloaded before import = 0Number of asset objects unloaded after import = 57

========================================================================
Received Import Request.
  Time since last request: 8.651491 seconds.
  path: Assets/Prefabs/Building Assortments/BuildingAssortment_2.prefab
  artifactKey: Guid(aa1e31b84c8ac634693c863d4d00479e) Importer(815301076,1909f56bfc062723c751e8b465ee728b)
Start importing Assets/Prefabs/Building Assortments/BuildingAssortment_2.prefab using Guid(aa1e31b84c8ac634693c863d4d00479e) Importer(815301076,1909f56bfc062723c751e8b465ee728b) (PreviewImporter) -> (artifact id: '9f2957da1c68a8816d756f864d0825bc') in 0.0182673 seconds
Number of updated asset objects reloaded before import = 0Number of asset objects unloaded after import = 129

========================================================================
Received Import Request.
  Time since last request: 0.969320 seconds.
  path: Assets/Prefabs/Building Assortments/BuildingAssortment_2.prefab
  artifactKey: Guid(aa1e31b84c8ac634693c863d4d00479e) Importer(2089858483,192608db42251d675da83286b1cce702)
Start importing Assets/Prefabs/Building Assortments/BuildingAssortment_2.prefab using Guid(aa1e31b84c8ac634693c863d4d00479e) Importer(2089858483,192608db42251d675da83286b1cce702) (ScriptedImporter) -> (artifact id: '171caec104412bfaf7aa4db0c937f4ba') in 0.022255 seconds
Number of updated asset objects reloaded before import = 0Number of asset objects unloaded after import = 57

========================================================================
Received Import Request.
  Time since last request: 0.592832 seconds.
  path: Assets/Prefabs/Building Assortments/BuildingAssortment_2.prefab
  artifactKey: Guid(aa1e31b84c8ac634693c863d4d00479e) Importer(815301076,1909f56bfc062723c751e8b465ee728b)
Start importing Assets/Prefabs/Building Assortments/BuildingAssortment_2.prefab using Guid(aa1e31b84c8ac634693c863d4d00479e) Importer(815301076,1909f56bfc062723c751e8b465ee728b) (PreviewImporter) -> (artifact id: 'd3f879bb980860f9a4ab0addf443eca2') in 0.0166344 seconds
Number of updated asset objects reloaded before import = 0Number of asset objects unloaded after import = 129

========================================================================
Received Import Request.
  Time since last request: 0.970123 seconds.
  path: Assets/Prefabs/Building Assortments/BuildingAssortment_2.prefab
  artifactKey: Guid(aa1e31b84c8ac634693c863d4d00479e) Importer(2089858483,192608db42251d675da83286b1cce702)
Start importing Assets/Prefabs/Building Assortments/BuildingAssortment_2.prefab using Guid(aa1e31b84c8ac634693c863d4d00479e) Importer(2089858483,192608db42251d675da83286b1cce702) (ScriptedImporter) -> (artifact id: 'd82eff582b6489e813b4e4c86c14525a') in 0.0120033 seconds
Number of updated asset objects reloaded before import = 0Number of asset objects unloaded after import = 57

========================================================================
Received Import Request.
  Time since last request: 68.680259 seconds.
  path: Assets/Prefabs/Building Assortments/BuildingAssortment_2.prefab
  artifactKey: Guid(aa1e31b84c8ac634693c863d4d00479e) Importer(815301076,1909f56bfc062723c751e8b465ee728b)
Start importing Assets/Prefabs/Building Assortments/BuildingAssortment_2.prefab using Guid(aa1e31b84c8ac634693c863d4d00479e) Importer(815301076,1909f56bfc062723c751e8b465ee728b) (PreviewImporter) -> (artifact id: '8d6f170d01eafc831babb16f614de5a5') in 0.0306672 seconds
Number of updated asset objects reloaded before import = 0Number of asset objects unloaded after import = 129

========================================================================
Received Import Request.
  Time since last request: 0.953946 seconds.
  path: Assets/Prefabs/Building Assortments/BuildingAssortment_2.prefab
  artifactKey: Guid(aa1e31b84c8ac634693c863d4d00479e) Importer(2089858483,192608db42251d675da83286b1cce702)
Start importing Assets/Prefabs/Building Assortments/BuildingAssortment_2.prefab using Guid(aa1e31b84c8ac634693c863d4d00479e) Importer(2089858483,192608db42251d675da83286b1cce702) (ScriptedImporter) -> (artifact id: '7598f6e6885df71382a318d32295241b') in 0.0132807 seconds
Number of updated asset objects reloaded before import = 0Number of asset objects unloaded after import = 57

========================================================================
Received Import Request.
  Time since last request: 5.831333 seconds.
  path: Assets/Prefabs/Building Assortments/BuildingAssortment_2.prefab
  artifactKey: Guid(aa1e31b84c8ac634693c863d4d00479e) Importer(815301076,1909f56bfc062723c751e8b465ee728b)
Start importing Assets/Prefabs/Building Assortments/BuildingAssortment_2.prefab using Guid(aa1e31b84c8ac634693c863d4d00479e) Importer(815301076,1909f56bfc062723c751e8b465ee728b) (PreviewImporter) -> (artifact id: '3ccf4d785552072fbda6ff4377de2cf4') in 0.0130513 seconds
Number of updated asset objects reloaded before import = 0Number of asset objects unloaded after import = 129

========================================================================
Received Import Request.
  Time since last request: 0.967157 seconds.
  path: Assets/Prefabs/Building Assortments/BuildingAssortment_2.prefab
  artifactKey: Guid(aa1e31b84c8ac634693c863d4d00479e) Importer(2089858483,192608db42251d675da83286b1cce702)
Start importing Assets/Prefabs/Building Assortments/BuildingAssortment_2.prefab using Guid(aa1e31b84c8ac634693c863d4d00479e) Importer(2089858483,192608db42251d675da83286b1cce702) (ScriptedImporter) -> (artifact id: '85d5bcc9a0fd6fe7909c58febcac0df9') in 0.0124521 seconds
Number of updated asset objects reloaded before import = 0Number of asset objects unloaded after import = 57

========================================================================
Received Import Request.
  Time since last request: 1.818270 seconds.
  path: Assets/Prefabs/Building Assortments/BuildingAssortment_2.prefab
  artifactKey: Guid(aa1e31b84c8ac634693c863d4d00479e) Importer(815301076,1909f56bfc062723c751e8b465ee728b)
Start importing Assets/Prefabs/Building Assortments/BuildingAssortment_2.prefab using Guid(aa1e31b84c8ac634693c863d4d00479e) Importer(815301076,1909f56bfc062723c751e8b465ee728b) (PreviewImporter) -> (artifact id: 'b87f5e5b5c5cab192427b34fee7a1824') in 0.0131297 seconds
Number of updated asset objects reloaded before import = 0Number of asset objects unloaded after import = 129

========================================================================
Received Import Request.
  Time since last request: 0.968254 seconds.
  path: Assets/Prefabs/Building Assortments/BuildingAssortment_2.prefab
  artifactKey: Guid(aa1e31b84c8ac634693c863d4d00479e) Importer(2089858483,192608db42251d675da83286b1cce702)
Start importing Assets/Prefabs/Building Assortments/BuildingAssortment_2.prefab using Guid(aa1e31b84c8ac634693c863d4d00479e) Importer(2089858483,192608db42251d675da83286b1cce702) (ScriptedImporter) -> (artifact id: '2300b0acd2c574d1c436376d26e9c8f0') in 0.0133419 seconds
Number of updated asset objects reloaded before import = 0Number of asset objects unloaded after import = 57

========================================================================
Received Import Request.
  Time since last request: 1.810134 seconds.
  path: Assets/Prefabs/Building Assortments/BuildingAssortment_2.prefab
  artifactKey: Guid(aa1e31b84c8ac634693c863d4d00479e) Importer(815301076,1909f56bfc062723c751e8b465ee728b)
Start importing Assets/Prefabs/Building Assortments/BuildingAssortment_2.prefab using Guid(aa1e31b84c8ac634693c863d4d00479e) Importer(815301076,1909f56bfc062723c751e8b465ee728b) (PreviewImporter) -> (artifact id: '871ba5a69b9c3fa90375b897c80ee7eb') in 0.0287784 seconds
Number of updated asset objects reloaded before import = 0Number of asset objects unloaded after import = 129

========================================================================
Received Import Request.
  Time since last request: 0.956647 seconds.
  path: Assets/Prefabs/Building Assortments/BuildingAssortment_2.prefab
  artifactKey: Guid(aa1e31b84c8ac634693c863d4d00479e) Importer(2089858483,192608db42251d675da83286b1cce702)
Start importing Assets/Prefabs/Building Assortments/BuildingAssortment_2.prefab using Guid(aa1e31b84c8ac634693c863d4d00479e) Importer(2089858483,192608db42251d675da83286b1cce702) (ScriptedImporter) -> (artifact id: '9dd5c7d100111022ab613acb08523e0d') in 0.0138395 seconds
Number of updated asset objects reloaded before import = 0Number of asset objects unloaded after import = 57

========================================================================
Received Import Request.
  Time since last request: 6.030927 seconds.
  path: Assets/Prefabs/Building Assortments/BuildingAssortment_2.prefab
  artifactKey: Guid(aa1e31b84c8ac634693c863d4d00479e) Importer(815301076,1909f56bfc062723c751e8b465ee728b)
Start importing Assets/Prefabs/Building Assortments/BuildingAssortment_2.prefab using Guid(aa1e31b84c8ac634693c863d4d00479e) Importer(815301076,1909f56bfc062723c751e8b465ee728b) (PreviewImporter) -> (artifact id: 'fff8d6732b5cc55263547fc7cafd1ce3') in 0.0178986 seconds
Number of updated asset objects reloaded before import = 0Number of asset objects unloaded after import = 129

========================================================================
Received Import Request.
  Time since last request: 0.967404 seconds.
  path: Assets/Prefabs/Building Assortments/BuildingAssortment_2.prefab
  artifactKey: Guid(aa1e31b84c8ac634693c863d4d00479e) Importer(2089858483,192608db42251d675da83286b1cce702)
Start importing Assets/Prefabs/Building Assortments/BuildingAssortment_2.prefab using Guid(aa1e31b84c8ac634693c863d4d00479e) Importer(2089858483,192608db42251d675da83286b1cce702) (ScriptedImporter) -> (artifact id: '2c4602f55e4ebb0ee68562f336583a5a') in 0.0122523 seconds
Number of updated asset objects reloaded before import = 0Number of asset objects unloaded after import = 57

========================================================================
Received Import Request.
  Time since last request: 62.463314 seconds.
  path: Assets/Prefabs/Building Assortments/BuildingAssortment_3.prefab
  artifactKey: Guid(7b52079109b1c984faad546401d6f1e5) Importer(815301076,1909f56bfc062723c751e8b465ee728b)
Start importing Assets/Prefabs/Building Assortments/BuildingAssortment_3.prefab using Guid(7b52079109b1c984faad546401d6f1e5) Importer(815301076,1909f56bfc062723c751e8b465ee728b) (PreviewImporter) -> (artifact id: 'da55d39819f27eba198469e8c1ef3736') in 0.015877 seconds
Number of updated asset objects reloaded before import = 0Number of asset objects unloaded after import = 103

========================================================================
Received Import Request.
  Time since last request: 0.970701 seconds.
  path: Assets/Prefabs/Building Assortments/BuildingAssortment_3.prefab
  artifactKey: Guid(7b52079109b1c984faad546401d6f1e5) Importer(2089858483,192608db42251d675da83286b1cce702)
Start importing Assets/Prefabs/Building Assortments/BuildingAssortment_3.prefab using Guid(7b52079109b1c984faad546401d6f1e5) Importer(2089858483,192608db42251d675da83286b1cce702) (ScriptedImporter) -> (artifact id: 'd8c93f3e6e40c9fc203fd64b9ed1bb22') in 0.0118384 seconds
Number of updated asset objects reloaded before import = 0Number of asset objects unloaded after import = 44

========================================================================
Received Import Request.
  Time since last request: 5.642656 seconds.
  path: Assets/Prefabs/Building Assortments/BuildingAssortment_3.prefab
  artifactKey: Guid(7b52079109b1c984faad546401d6f1e5) Importer(815301076,1909f56bfc062723c751e8b465ee728b)
Start importing Assets/Prefabs/Building Assortments/BuildingAssortment_3.prefab using Guid(7b52079109b1c984faad546401d6f1e5) Importer(815301076,1909f56bfc062723c751e8b465ee728b) (PreviewImporter) -> (artifact id: 'c74f947c9894788e7f70c693ccdc2c2d') in 0.0233723 seconds
Number of updated asset objects reloaded before import = 0Number of asset objects unloaded after import = 103

========================================================================
Received Import Request.
  Time since last request: 0.957068 seconds.
  path: Assets/Prefabs/Building Assortments/BuildingAssortment_3.prefab
  artifactKey: Guid(7b52079109b1c984faad546401d6f1e5) Importer(2089858483,192608db42251d675da83286b1cce702)
Start importing Assets/Prefabs/Building Assortments/BuildingAssortment_3.prefab using Guid(7b52079109b1c984faad546401d6f1e5) Importer(2089858483,192608db42251d675da83286b1cce702) (ScriptedImporter) -> (artifact id: 'a25b7384cbfcfaefa96f629291ad88ac') in 0.0141588 seconds
Number of updated asset objects reloaded before import = 0Number of asset objects unloaded after import = 44

========================================================================
Received Import Request.
  Time since last request: 7.460731 seconds.
  path: Assets/Prefabs/Building Assortments/BuildingAssortment_3.prefab
  artifactKey: Guid(7b52079109b1c984faad546401d6f1e5) Importer(815301076,1909f56bfc062723c751e8b465ee728b)
Start importing Assets/Prefabs/Building Assortments/BuildingAssortment_3.prefab using Guid(7b52079109b1c984faad546401d6f1e5) Importer(815301076,1909f56bfc062723c751e8b465ee728b) (PreviewImporter) -> (artifact id: 'b3f9bea33f4ce27d30f74eeba09f153c') in 0.0169814 seconds
Number of updated asset objects reloaded before import = 0Number of asset objects unloaded after import = 103

========================================================================
Received Import Request.
  Time since last request: 0.969429 seconds.
  path: Assets/Prefabs/Building Assortments/BuildingAssortment_3.prefab
  artifactKey: Guid(7b52079109b1c984faad546401d6f1e5) Importer(2089858483,192608db42251d675da83286b1cce702)
Start importing Assets/Prefabs/Building Assortments/BuildingAssortment_3.prefab using Guid(7b52079109b1c984faad546401d6f1e5) Importer(2089858483,192608db42251d675da83286b1cce702) (ScriptedImporter) -> (artifact id: '578bd60b3c4387d787b4c024fea3a56a') in 0.0179441 seconds
Number of updated asset objects reloaded before import = 0Number of asset objects unloaded after import = 44

========================================================================
Received Import Request.
  Time since last request: 1.805341 seconds.
  path: Assets/Prefabs/Building Assortments/BuildingAssortment_3.prefab
  artifactKey: Guid(7b52079109b1c984faad546401d6f1e5) Importer(815301076,1909f56bfc062723c751e8b465ee728b)
Start importing Assets/Prefabs/Building Assortments/BuildingAssortment_3.prefab using Guid(7b52079109b1c984faad546401d6f1e5) Importer(815301076,1909f56bfc062723c751e8b465ee728b) (PreviewImporter) -> (artifact id: 'e5b83a264bb4f408d34126946a870537') in 0.0155297 seconds
Number of updated asset objects reloaded before import = 0Number of asset objects unloaded after import = 103

========================================================================
Received Import Request.
  Time since last request: 0.970818 seconds.
  path: Assets/Prefabs/Building Assortments/BuildingAssortment_3.prefab
  artifactKey: Guid(7b52079109b1c984faad546401d6f1e5) Importer(2089858483,192608db42251d675da83286b1cce702)
Start importing Assets/Prefabs/Building Assortments/BuildingAssortment_3.prefab using Guid(7b52079109b1c984faad546401d6f1e5) Importer(2089858483,192608db42251d675da83286b1cce702) (ScriptedImporter) -> (artifact id: '193a272f6e218c9ed9ceff355cd69f97') in 0.0126241 seconds
Number of updated asset objects reloaded before import = 0Number of asset objects unloaded after import = 44

========================================================================
Received Import Request.
  Time since last request: 2.213577 seconds.
  path: Assets/Prefabs/Building Assortments/BuildingAssortment_3.prefab
  artifactKey: Guid(7b52079109b1c984faad546401d6f1e5) Importer(815301076,1909f56bfc062723c751e8b465ee728b)
Start importing Assets/Prefabs/Building Assortments/BuildingAssortment_3.prefab using Guid(7b52079109b1c984faad546401d6f1e5) Importer(815301076,1909f56bfc062723c751e8b465ee728b) (PreviewImporter) -> (artifact id: 'fca847dc70bdb2e36ce7db93ccc3d973') in 0.0155305 seconds
Number of updated asset objects reloaded before import = 0Number of asset objects unloaded after import = 103

========================================================================
Received Import Request.
  Time since last request: 0.973337 seconds.
  path: Assets/Prefabs/Building Assortments/BuildingAssortment_3.prefab
  artifactKey: Guid(7b52079109b1c984faad546401d6f1e5) Importer(2089858483,192608db42251d675da83286b1cce702)
Start importing Assets/Prefabs/Building Assortments/BuildingAssortment_3.prefab using Guid(7b52079109b1c984faad546401d6f1e5) Importer(2089858483,192608db42251d675da83286b1cce702) (ScriptedImporter) -> (artifact id: 'a3a2d231f43ec367ba911cb1b2a6bcab') in 0.0112683 seconds
Number of updated asset objects reloaded before import = 0Number of asset objects unloaded after import = 44

========================================================================
Received Import Request.
  Time since last request: 3.830061 seconds.
  path: Assets/Prefabs/Building Assortments/BuildingAssortment_3.prefab
  artifactKey: Guid(7b52079109b1c984faad546401d6f1e5) Importer(815301076,1909f56bfc062723c751e8b465ee728b)
Start importing Assets/Prefabs/Building Assortments/BuildingAssortment_3.prefab using Guid(7b52079109b1c984faad546401d6f1e5) Importer(815301076,1909f56bfc062723c751e8b465ee728b) (PreviewImporter) -> (artifact id: '7c3bb8f9785ae5ec45538c0956c2dab7') in 0.0417155 seconds
Number of updated asset objects reloaded before import = 0Number of asset objects unloaded after import = 90

========================================================================
Received Import Request.
  Time since last request: 0.945662 seconds.
  path: Assets/Prefabs/Building Assortments/BuildingAssortment_3.prefab
  artifactKey: Guid(7b52079109b1c984faad546401d6f1e5) Importer(2089858483,192608db42251d675da83286b1cce702)
Start importing Assets/Prefabs/Building Assortments/BuildingAssortment_3.prefab using Guid(7b52079109b1c984faad546401d6f1e5) Importer(2089858483,192608db42251d675da83286b1cce702) (ScriptedImporter) -> (artifact id: '19713974cd00dd5355221d6e3f42d81f') in 0.0133165 seconds
Number of updated asset objects reloaded before import = 0Number of asset objects unloaded after import = 39

========================================================================
Received Import Request.
  Time since last request: 30.609586 seconds.
  path: Assets/Scenes/Prototype_1/Prototype_1_Game.unity
  artifactKey: Guid(97cbf9dd86ed1344398437f94afd520c) Importer(2089858483,192608db42251d675da83286b1cce702)
Start importing Assets/Scenes/Prototype_1/Prototype_1_Game.unity using Guid(97cbf9dd86ed1344398437f94afd520c) Importer(2089858483,192608db42251d675da83286b1cce702) (ScriptedImporter) -> (artifact id: 'b2ec115772e80a82d35228af7e815668') in 0.0115076 seconds
Number of updated asset objects reloaded before import = 0Number of asset objects unloaded after import = 1

========================================================================
Received Import Request.
  Time since last request: 243.396260 seconds.
  path: Assets/Scenes/Prototype_1/Prototype_1_Game.unity
  artifactKey: Guid(97cbf9dd86ed1344398437f94afd520c) Importer(2089858483,192608db42251d675da83286b1cce702)
Start importing Assets/Scenes/Prototype_1/Prototype_1_Game.unity using Guid(97cbf9dd86ed1344398437f94afd520c) Importer(2089858483,192608db42251d675da83286b1cce702) (ScriptedImporter) -> (artifact id: 'b57b866da41c38688a726eb35c64fbfe') in 0.0123159 seconds
Number of updated asset objects reloaded before import = 0Number of asset objects unloaded after import = 1

========================================================================
Received Import Request.
  Time since last request: 73.189371 seconds.
  path: Assets/Scenes/Prototype_1/Prototype_1_Game.unity
  artifactKey: Guid(97cbf9dd86ed1344398437f94afd520c) Importer(815301076,1909f56bfc062723c751e8b465ee728b)
Start importing Assets/Scenes/Prototype_1/Prototype_1_Game.unity using Guid(97cbf9dd86ed1344398437f94afd520c) Importer(815301076,1909f56bfc062723c751e8b465ee728b) (PreviewImporter) -> (artifact id: '3f542366f6e983f810f807e23f06a7f3') in 0.0004534 seconds
Number of updated asset objects reloaded before import = 0Number of asset objects unloaded after import = 0

========================================================================
Received Import Request.
  Time since last request: 98.168117 seconds.
  path: Assets/Scenes/Prototype_1/Prototype_1_Game.unity
  artifactKey: Guid(97cbf9dd86ed1344398437f94afd520c) Importer(2089858483,192608db42251d675da83286b1cce702)
Start importing Assets/Scenes/Prototype_1/Prototype_1_Game.unity using Guid(97cbf9dd86ed1344398437f94afd520c) Importer(2089858483,192608db42251d675da83286b1cce702) (ScriptedImporter) -> (artifact id: 'a40cbe04b19f0394f8fbcff52f3a5ffa') in 0.0126673 seconds
Number of updated asset objects reloaded before import = 0Number of asset objects unloaded after import = 1

========================================================================
Received Import Request.
  Time since last request: 7.394544 seconds.
  path: Assets/Prefabs/Building Assortments/BuildingAssortment_5.prefab
  artifactKey: Guid(f5c9fa62427d73b4eb83dcc1952899e1) Importer(815301076,1909f56bfc062723c751e8b465ee728b)
Start importing Assets/Prefabs/Building Assortments/BuildingAssortment_5.prefab using Guid(f5c9fa62427d73b4eb83dcc1952899e1) Importer(815301076,1909f56bfc062723c751e8b465ee728b) (PreviewImporter) -> (artifact id: '2049c8ca7aeb87f1ec3e13a93c515169') in 0.0191447 seconds
Number of updated asset objects reloaded before import = 0Number of asset objects unloaded after import = 185

========================================================================
Received Import Request.
  Time since last request: 0.970656 seconds.
  path: Assets/Prefabs/Building Assortments/BuildingAssortment_5.prefab
  artifactKey: Guid(f5c9fa62427d73b4eb83dcc1952899e1) Importer(2089858483,192608db42251d675da83286b1cce702)
Start importing Assets/Prefabs/Building Assortments/BuildingAssortment_5.prefab using Guid(f5c9fa62427d73b4eb83dcc1952899e1) Importer(2089858483,192608db42251d675da83286b1cce702) (ScriptedImporter) -> (artifact id: '7d4090528bd7081375e7b2e8abeb059a') in 0.0143609 seconds
Number of updated asset objects reloaded before import = 0Number of asset objects unloaded after import = 90

========================================================================
Received Import Request.
  Time since last request: 1.367314 seconds.
  path: Assets/Scenes/Prototype_1/Prototype_1_Game.unity
  artifactKey: Guid(97cbf9dd86ed1344398437f94afd520c) Importer(2089858483,192608db42251d675da83286b1cce702)
Start importing Assets/Scenes/Prototype_1/Prototype_1_Game.unity using Guid(97cbf9dd86ed1344398437f94afd520c) Importer(2089858483,192608db42251d675da83286b1cce702) (ScriptedImporter) -> (artifact id: '7b1add844e26910bd74511a898003ab8') in 0.0099375 seconds
Number of updated asset objects reloaded before import = 0Number of asset objects unloaded after import = 1

========================================================================
Received Import Request.
  Time since last request: 502.205544 seconds.
  path: Assets/Scenes/Prototype_1/Prototype_1_Game.unity
  artifactKey: Guid(97cbf9dd86ed1344398437f94afd520c) Importer(815301076,1909f56bfc062723c751e8b465ee728b)
Start importing Assets/Scenes/Prototype_1/Prototype_1_Game.unity using Guid(97cbf9dd86ed1344398437f94afd520c) Importer(815301076,1909f56bfc062723c751e8b465ee728b) (PreviewImporter) -> (artifact id: 'e2853498a6d16eff9657a033f30515f6') in 0.0005657 seconds
Number of updated asset objects reloaded before import = 0Number of asset objects unloaded after import = 0

========================================================================
Received Import Request.
  Time since last request: 357.790759 seconds.
  path: Assets/Scenes/Prototype_1/Prototype_1_Game.unity
  artifactKey: Guid(97cbf9dd86ed1344398437f94afd520c) Importer(2089858483,192608db42251d675da83286b1cce702)
Start importing Assets/Scenes/Prototype_1/Prototype_1_Game.unity using Guid(97cbf9dd86ed1344398437f94afd520c) Importer(2089858483,192608db42251d675da83286b1cce702) (ScriptedImporter) -> (artifact id: 'e54a0d618290ce5ebbda70972cf461bf') in 0.0234571 seconds
Number of updated asset objects reloaded before import = 0Number of asset objects unloaded after import = 1

========================================================================
Received Import Request.
  Time since last request: 130.714165 seconds.
  path: Assets/Scenes/Prototype_1/Prototype_1_Game.unity
  artifactKey: Guid(97cbf9dd86ed1344398437f94afd520c) Importer(2089858483,192608db42251d675da83286b1cce702)
Start importing Assets/Scenes/Prototype_1/Prototype_1_Game.unity using Guid(97cbf9dd86ed1344398437f94afd520c) Importer(2089858483,192608db42251d675da83286b1cce702) (ScriptedImporter) -> (artifact id: '176255a1968d263faeb056d09b9c48ec') in 0.011273 seconds
Number of updated asset objects reloaded before import = 0Number of asset objects unloaded after import = 1

========================================================================
Received Import Request.
  Time since last request: 60.832308 seconds.
  path: Assets/Scenes/Prototype_1/Prototype_1_Game.unity
  artifactKey: Guid(97cbf9dd86ed1344398437f94afd520c) Importer(2089858483,192608db42251d675da83286b1cce702)
Start importing Assets/Scenes/Prototype_1/Prototype_1_Game.unity using Guid(97cbf9dd86ed1344398437f94afd520c) Importer(2089858483,192608db42251d675da83286b1cce702) (ScriptedImporter) -> (artifact id: '42c73835c5c7c82869b14ce6afcf3537') in 0.0109121 seconds
Number of updated asset objects reloaded before import = 0Number of asset objects unloaded after import = 1

========================================================================
Received Import Request.
  Time since last request: 45.341100 seconds.
  path: Assets/Scenes/Prototype_1/Prototype_1_Game.unity
  artifactKey: Guid(97cbf9dd86ed1344398437f94afd520c) Importer(2089858483,192608db42251d675da83286b1cce702)
Start importing Assets/Scenes/Prototype_1/Prototype_1_Game.unity using Guid(97cbf9dd86ed1344398437f94afd520c) Importer(2089858483,192608db42251d675da83286b1cce702) (ScriptedImporter) -> (artifact id: 'f0d9d2af1db17a720c650f1d1ac209ed') in 0.0148103 seconds
Number of updated asset objects reloaded before import = 0Number of asset objects unloaded after import = 1

========================================================================
Received Import Request.
  Time since last request: 33.906062 seconds.
  path: Assets/Prefabs/Building Assortments/BuildingAssortment_6.prefab
  artifactKey: Guid(f3409e8695829af4f80d2091891580f0) Importer(815301076,1909f56bfc062723c751e8b465ee728b)
Start importing Assets/Prefabs/Building Assortments/BuildingAssortment_6.prefab using Guid(f3409e8695829af4f80d2091891580f0) Importer(815301076,1909f56bfc062723c751e8b465ee728b) (PreviewImporter) -> (artifact id: '6317ada766e54800810ea32eaa095b19') in 0.01755 seconds
Number of updated asset objects reloaded before import = 0Number of asset objects unloaded after import = 187

========================================================================
Received Import Request.
  Time since last request: 0.972737 seconds.
  path: Assets/Prefabs/Building Assortments/BuildingAssortment_6.prefab
  artifactKey: Guid(f3409e8695829af4f80d2091891580f0) Importer(2089858483,192608db42251d675da83286b1cce702)
Start importing Assets/Prefabs/Building Assortments/BuildingAssortment_6.prefab using Guid(f3409e8695829af4f80d2091891580f0) Importer(2089858483,192608db42251d675da83286b1cce702) (ScriptedImporter) -> (artifact id: 'b1a153dd6980eb896bf323130b5a278a') in 0.017642 seconds
Number of updated asset objects reloaded before import = 0Number of asset objects unloaded after import = 102

========================================================================
Received Import Request.
  Time since last request: 317.714512 seconds.
  path: Assets/Scenes/Prototype_1/Prototype_1_Game.unity
  artifactKey: Guid(97cbf9dd86ed1344398437f94afd520c) Importer(2089858483,192608db42251d675da83286b1cce702)
Start importing Assets/Scenes/Prototype_1/Prototype_1_Game.unity using Guid(97cbf9dd86ed1344398437f94afd520c) Importer(2089858483,192608db42251d675da83286b1cce702) (ScriptedImporter) -> (artifact id: 'ba1967ff348bc6c61dadff44695631b5') in 0.0126683 seconds
Number of updated asset objects reloaded before import = 0Number of asset objects unloaded after import = 1

========================================================================
Received Import Request.
  Time since last request: 6.831915 seconds.
  path: Assets/Scenes/Prototype_1/Prototype_1_Game.unity
  artifactKey: Guid(97cbf9dd86ed1344398437f94afd520c) Importer(2089858483,192608db42251d675da83286b1cce702)
Start importing Assets/Scenes/Prototype_1/Prototype_1_Game.unity using Guid(97cbf9dd86ed1344398437f94afd520c) Importer(2089858483,192608db42251d675da83286b1cce702) (ScriptedImporter) -> (artifact id: 'a643ec92e30448b98735108b5a8e9e9c') in 0.0305423 seconds
Number of updated asset objects reloaded before import = 0Number of asset objects unloaded after import = 1

========================================================================
Received Import Request.
  Time since last request: 81.345193 seconds.
  path: Assets/Scenes/Prototype_1/Prototype_1_Game.unity
  artifactKey: Guid(97cbf9dd86ed1344398437f94afd520c) Importer(2089858483,192608db42251d675da83286b1cce702)
Start importing Assets/Scenes/Prototype_1/Prototype_1_Game.unity using Guid(97cbf9dd86ed1344398437f94afd520c) Importer(2089858483,192608db42251d675da83286b1cce702) (ScriptedImporter) -> (artifact id: 'b6fd7039cbdae709288341e3b429392b') in 0.0120986 seconds
Number of updated asset objects reloaded before import = 0Number of asset objects unloaded after import = 1

========================================================================
Received Import Request.
  Time since last request: 93.771284 seconds.
  path: Assets/Scenes/Prototype_1/Prototype_1_Game.unity
  artifactKey: Guid(97cbf9dd86ed1344398437f94afd520c) Importer(2089858483,192608db42251d675da83286b1cce702)
Start importing Assets/Scenes/Prototype_1/Prototype_1_Game.unity using Guid(97cbf9dd86ed1344398437f94afd520c) Importer(2089858483,192608db42251d675da83286b1cce702) (ScriptedImporter) -> (artifact id: '92f11a8ed02f7e49886e75e90a3696d7') in 0.0114107 seconds
Number of updated asset objects reloaded before import = 0Number of asset objects unloaded after import = 1

========================================================================
Received Import Request.
  Time since last request: 9.813772 seconds.
  path: Assets/Prefabs/Building Assortments/FinalDestination.prefab
  artifactKey: Guid(6e1cac3b6bbeb934d912a77457d91561) Importer(815301076,1909f56bfc062723c751e8b465ee728b)
Start importing Assets/Prefabs/Building Assortments/FinalDestination.prefab using Guid(6e1cac3b6bbeb934d912a77457d91561) Importer(815301076,1909f56bfc062723c751e8b465ee728b) (PreviewImporter) -> (artifact id: '639dcc226606f3f6b94d7721058d9374') in 0.0203496 seconds
Number of updated asset objects reloaded before import = 0Number of asset objects unloaded after import = 251

========================================================================
Received Import Request.
  Time since last request: 0.961242 seconds.
  path: Assets/Prefabs/Building Assortments/FinalDestination.prefab
  artifactKey: Guid(6e1cac3b6bbeb934d912a77457d91561) Importer(2089858483,192608db42251d675da83286b1cce702)
Start importing Assets/Prefabs/Building Assortments/FinalDestination.prefab using Guid(6e1cac3b6bbeb934d912a77457d91561) Importer(2089858483,192608db42251d675da83286b1cce702) (ScriptedImporter) -> (artifact id: 'c30901dd3b018bf018facd60fc3a916d') in 0.0154309 seconds
Number of updated asset objects reloaded before import = 0Number of asset objects unloaded after import = 134

========================================================================
Received Import Request.
  Time since last request: 1.139236 seconds.
  path: Assets/Scenes/Prototype_1/Prototype_1_Game.unity
  artifactKey: Guid(97cbf9dd86ed1344398437f94afd520c) Importer(2089858483,192608db42251d675da83286b1cce702)
Start importing Assets/Scenes/Prototype_1/Prototype_1_Game.unity using Guid(97cbf9dd86ed1344398437f94afd520c) Importer(2089858483,192608db42251d675da83286b1cce702) (ScriptedImporter) -> (artifact id: '8d8bae17d5fd42bcaf632bbd78c019e1') in 0.0112704 seconds
Number of updated asset objects reloaded before import = 0Number of asset objects unloaded after import = 1

========================================================================
Received Import Request.
  Time since last request: 11.498805 seconds.
  path: Assets/Scenes/Prototype_1/Prototype_1_Game.unity
  artifactKey: Guid(97cbf9dd86ed1344398437f94afd520c) Importer(2089858483,192608db42251d675da83286b1cce702)
Start importing Assets/Scenes/Prototype_1/Prototype_1_Game.unity using Guid(97cbf9dd86ed1344398437f94afd520c) Importer(2089858483,192608db42251d675da83286b1cce702) (ScriptedImporter) -> (artifact id: 'bd175af788786a48d97177dd8d52079d') in 0.0101105 seconds
Number of updated asset objects reloaded before import = 0Number of asset objects unloaded after import = 1

========================================================================
Received Import Request.
  Time since last request: 17.283351 seconds.
  path: Assets/Prefabs/Building Assortments/BuildingAssortment_3.prefab
  artifactKey: Guid(7b52079109b1c984faad546401d6f1e5) Importer(815301076,1909f56bfc062723c751e8b465ee728b)
Start importing Assets/Prefabs/Building Assortments/BuildingAssortment_3.prefab using Guid(7b52079109b1c984faad546401d6f1e5) Importer(815301076,1909f56bfc062723c751e8b465ee728b) (PreviewImporter) -> (artifact id: '1d8c996e16f743ed1f83cb4a2602939b') in 0.0250829 seconds
Number of updated asset objects reloaded before import = 0Number of asset objects unloaded after import = 90

========================================================================
Received Import Request.
  Time since last request: 0.954367 seconds.
  path: Assets/Prefabs/Building Assortments/BuildingAssortment_3.prefab
  artifactKey: Guid(7b52079109b1c984faad546401d6f1e5) Importer(2089858483,192608db42251d675da83286b1cce702)
Start importing Assets/Prefabs/Building Assortments/BuildingAssortment_3.prefab using Guid(7b52079109b1c984faad546401d6f1e5) Importer(2089858483,192608db42251d675da83286b1cce702) (ScriptedImporter) -> (artifact id: '4f1d835c4e10f294ab492e0c95e69873') in 0.0144522 seconds
Number of updated asset objects reloaded before import = 0Number of asset objects unloaded after import = 39

========================================================================
Received Import Request.
  Time since last request: 2.008604 seconds.
  path: Assets/Prefabs/Building Assortments/BuildingAssortment_4.prefab
  artifactKey: Guid(c2e89bbe2bf4f1c41ae19b9ce1c7215a) Importer(815301076,1909f56bfc062723c751e8b465ee728b)
Start importing Assets/Prefabs/Building Assortments/BuildingAssortment_4.prefab using Guid(c2e89bbe2bf4f1c41ae19b9ce1c7215a) Importer(815301076,1909f56bfc062723c751e8b465ee728b) (PreviewImporter) -> (artifact id: '0c8dc14dbc68c835a6b619e53b48bd92') in 0.0083877 seconds
Number of updated asset objects reloaded before import = 0Number of asset objects unloaded after import = 82

========================================================================
Received Import Request.
  Time since last request: 0.972562 seconds.
  path: Assets/Prefabs/Building Assortments/BuildingAssortment_4.prefab
  artifactKey: Guid(c2e89bbe2bf4f1c41ae19b9ce1c7215a) Importer(2089858483,192608db42251d675da83286b1cce702)
Start importing Assets/Prefabs/Building Assortments/BuildingAssortment_4.prefab using Guid(c2e89bbe2bf4f1c41ae19b9ce1c7215a) Importer(2089858483,192608db42251d675da83286b1cce702) (ScriptedImporter) -> (artifact id: 'd27e0ad432f3a03e5e5d4c85500bc097') in 0.0111392 seconds
Number of updated asset objects reloaded before import = 0Number of asset objects unloaded after import = 41

========================================================================
Received Import Request.
  Time since last request: 1.747260 seconds.
  path: Assets/Prefabs/Building Assortments/BuildingAssortment_5.prefab
  artifactKey: Guid(f5c9fa62427d73b4eb83dcc1952899e1) Importer(815301076,1909f56bfc062723c751e8b465ee728b)
Start importing Assets/Prefabs/Building Assortments/BuildingAssortment_5.prefab using Guid(f5c9fa62427d73b4eb83dcc1952899e1) Importer(815301076,1909f56bfc062723c751e8b465ee728b) (PreviewImporter) -> (artifact id: 'f2d758c545468e183ad53bf0533ccb31') in 0.0152683 seconds
Number of updated asset objects reloaded before import = 0Number of asset objects unloaded after import = 185

========================================================================
Received Import Request.
  Time since last request: 0.965198 seconds.
  path: Assets/Prefabs/Building Assortments/BuildingAssortment_5.prefab
  artifactKey: Guid(f5c9fa62427d73b4eb83dcc1952899e1) Importer(2089858483,192608db42251d675da83286b1cce702)
Start importing Assets/Prefabs/Building Assortments/BuildingAssortment_5.prefab using Guid(f5c9fa62427d73b4eb83dcc1952899e1) Importer(2089858483,192608db42251d675da83286b1cce702) (ScriptedImporter) -> (artifact id: '9073850bac574677c086409ec522e25e') in 0.0282816 seconds
Number of updated asset objects reloaded before import = 0Number of asset objects unloaded after import = 90

========================================================================
Received Import Request.
  Time since last request: 1.681116 seconds.
  path: Assets/Prefabs/Building Assortments/BuildingAssortment_6.prefab
  artifactKey: Guid(f3409e8695829af4f80d2091891580f0) Importer(815301076,1909f56bfc062723c751e8b465ee728b)
Start importing Assets/Prefabs/Building Assortments/BuildingAssortment_6.prefab using Guid(f3409e8695829af4f80d2091891580f0) Importer(815301076,1909f56bfc062723c751e8b465ee728b) (PreviewImporter) -> (artifact id: 'cf8a75093f147581b6b98c93761b89c2') in 0.0126032 seconds
Number of updated asset objects reloaded before import = 0Number of asset objects unloaded after import = 187

========================================================================
Received Import Request.
  Time since last request: 0.967321 seconds.
  path: Assets/Prefabs/Building Assortments/BuildingAssortment_6.prefab
  artifactKey: Guid(f3409e8695829af4f80d2091891580f0) Importer(2089858483,192608db42251d675da83286b1cce702)
Start importing Assets/Prefabs/Building Assortments/BuildingAssortment_6.prefab using Guid(f3409e8695829af4f80d2091891580f0) Importer(2089858483,192608db42251d675da83286b1cce702) (ScriptedImporter) -> (artifact id: '0455ab52da541b894d582a90d79819dc') in 0.012886 seconds
Number of updated asset objects reloaded before import = 0Number of asset objects unloaded after import = 102

========================================================================
Received Import Request.
  Time since last request: 1.812072 seconds.
  path: Assets/Prefabs/Building Assortments/FinalDestination.prefab
  artifactKey: Guid(6e1cac3b6bbeb934d912a77457d91561) Importer(815301076,1909f56bfc062723c751e8b465ee728b)
Start importing Assets/Prefabs/Building Assortments/FinalDestination.prefab using Guid(6e1cac3b6bbeb934d912a77457d91561) Importer(815301076,1909f56bfc062723c751e8b465ee728b) (PreviewImporter) -> (artifact id: '822a3c53347a3e970dde8c78dce91184') in 0.0383465 seconds
Number of updated asset objects reloaded before import = 0Number of asset objects unloaded after import = 251

========================================================================
Received Import Request.
  Time since last request: 0.936943 seconds.
  path: Assets/Prefabs/Building Assortments/FinalDestination.prefab
  artifactKey: Guid(6e1cac3b6bbeb934d912a77457d91561) Importer(2089858483,192608db42251d675da83286b1cce702)
Start importing Assets/Prefabs/Building Assortments/FinalDestination.prefab using Guid(6e1cac3b6bbeb934d912a77457d91561) Importer(2089858483,192608db42251d675da83286b1cce702) (ScriptedImporter) -> (artifact id: 'be89a137f765d5b7f366f483750c39fb') in 0.0148012 seconds
Number of updated asset objects reloaded before import = 0Number of asset objects unloaded after import = 134

========================================================================
Received Prepare
Refreshing native plugins compatible for Editor in 1.14 ms, found 3 plugins.
Preloading 0 native plugins for Editor in 0.00 ms.
Unloading 0 Unused Serialized files (Serialized files now loaded: 0)
Unloading 3857 unused Assets / (0.8 MB). Loaded Objects now: 4414.
Memory consumption went from 90.6 MB to 89.8 MB.
Total: 6.543200 ms (FindLiveObjects: 0.378000 ms CreateObjectMapping: 0.106000 ms MarkObjects: 5.340800 ms  DeleteObjects: 0.717600 ms)

Prepare: number of updated asset objects reloaded= 0
========================================================================
Received Import Request.
  Time since last request: 90.220513 seconds.
  path: Assets/Scripts/ScrollEnvironment.cs
  artifactKey: Guid(3ade950ed12dd8445b8cad027d074230) Importer(2089858483,192608db42251d675da83286b1cce702)
Start importing Assets/Scripts/ScrollEnvironment.cs using Guid(3ade950ed12dd8445b8cad027d074230) Importer(2089858483,192608db42251d675da83286b1cce702) (ScriptedImporter) -> (artifact id: 'd1a8adbfbc45b76c30111e58f3f5fdaf') in 0.0112751 seconds
Number of updated asset objects reloaded before import = 0Number of asset objects unloaded after import = 0

========================================================================
Received Prepare
Begin MonoManager ReloadAssembly
[Licensing::Client] Successfully resolved entitlement details
- Loaded All Assemblies, in  0.681 seconds
Refreshing native plugins compatible for Editor in 0.71 ms, found 3 plugins.
Native extension for WindowsStandalone target not found
Native extension for WebGL target not found
[Package Manager] Failed to launch server process. Reason: Unity was launched with the -noUpm command-line argument
[Package Manager] Unable to send message (not connected to server process).
[Package Manager] Cannot connect to Unity Package Manager local server
Mono: successfully reloaded assembly
- Finished resetting the current domain, in  0.466 seconds
Domain Reload Profiling: 1138ms
	BeginReloadAssembly (247ms)
		ExecutionOrderSort (0ms)
		DisableScriptedObjects (5ms)
		BackupInstance (0ms)
		ReleaseScriptingObjects (0ms)
		CreateAndSetChildDomain (58ms)
	RebuildCommonClasses (30ms)
	RebuildNativeTypeToScriptingClass (13ms)
	initialDomainReloadingComplete (35ms)
	LoadAllAssembliesAndSetupDomain (347ms)
		LoadAssemblies (342ms)
		RebuildTransferFunctionScriptingTraits (0ms)
		AnalyzeDomain (128ms)
			TypeCache.Refresh (6ms)
				TypeCache.ScanAssembly (0ms)
			BuildScriptInfoCaches (116ms)
			ResolveRequiredComponents (3ms)
	FinalizeReload (466ms)
		ReleaseScriptCaches (0ms)
		RebuildScriptCaches (0ms)
		SetupLoadedEditorAssemblies (371ms)
			LogAssemblyErrors (0ms)
			InitializePlatformSupportModulesInManaged (2ms)
			SetLoadedEditorAssemblies (3ms)
			BeforeProcessingInitializeOnLoad (97ms)
			ProcessInitializeOnLoadAttributes (233ms)
			ProcessInitializeOnLoadMethodAttributes (20ms)
			AfterProcessingInitializeOnLoad (17ms)
			EditorAssembliesLoaded (0ms)
		ExecutionOrderSort2 (0ms)
		AwakeInstancesAfterBackupRestoration (5ms)
Refreshing native plugins compatible for Editor in 0.87 ms, found 3 plugins.
Preloading 0 native plugins for Editor in 0.00 ms.
Unloading 0 Unused Serialized files (Serialized files now loaded: 0)
Unloading 3863 unused Assets / (0.9 MB). Loaded Objects now: 4414.
Memory consumption went from 91.4 MB to 90.5 MB.
Total: 5.285000 ms (FindLiveObjects: 0.456200 ms CreateObjectMapping: 0.136600 ms MarkObjects: 3.886700 ms  DeleteObjects: 0.804500 ms)

Prepare: number of updated asset objects reloaded= 0
========================================================================
Received Prepare
Refreshing native plugins compatible for Editor in 0.70 ms, found 3 plugins.
Preloading 0 native plugins for Editor in 0.00 ms.
Unloading 0 Unused Serialized files (Serialized files now loaded: 0)
Unloading 3857 unused Assets / (0.7 MB). Loaded Objects now: 4414.
Memory consumption went from 91.6 MB to 90.9 MB.
Total: 5.186000 ms (FindLiveObjects: 0.719100 ms CreateObjectMapping: 0.187100 ms MarkObjects: 3.572100 ms  DeleteObjects: 0.707300 ms)

Prepare: number of updated asset objects reloaded= 0
========================================================================
Received Prepare
Begin MonoManager ReloadAssembly
- Loaded All Assemblies, in  0.626 seconds
Refreshing native plugins compatible for Editor in 0.62 ms, found 3 plugins.
Native extension for WindowsStandalone target not found
Native extension for WebGL target not found
[Package Manager] Failed to launch server process. Reason: Unity was launched with the -noUpm command-line argument
[Package Manager] Unable to send message (not connected to server process).
[Package Manager] Cannot connect to Unity Package Manager local server
Mono: successfully reloaded assembly
- Finished resetting the current domain, in  0.478 seconds
Domain Reload Profiling: 1096ms
	BeginReloadAssembly (214ms)
		ExecutionOrderSort (0ms)
		DisableScriptedObjects (4ms)
		BackupInstance (0ms)
		ReleaseScriptingObjects (0ms)
		CreateAndSetChildDomain (40ms)
	RebuildCommonClasses (35ms)
	RebuildNativeTypeToScriptingClass (10ms)
	initialDomainReloadingComplete (35ms)
	LoadAllAssembliesAndSetupDomain (324ms)
		LoadAssemblies (321ms)
		RebuildTransferFunctionScriptingTraits (0ms)
		AnalyzeDomain (127ms)
			TypeCache.Refresh (6ms)
				TypeCache.ScanAssembly (0ms)
			BuildScriptInfoCaches (113ms)
			ResolveRequiredComponents (5ms)
	FinalizeReload (479ms)
		ReleaseScriptCaches (0ms)
		RebuildScriptCaches (0ms)
		SetupLoadedEditorAssemblies (384ms)
			LogAssemblyErrors (0ms)
			InitializePlatformSupportModulesInManaged (2ms)
			SetLoadedEditorAssemblies (3ms)
			BeforeProcessingInitializeOnLoad (110ms)
			ProcessInitializeOnLoadAttributes (233ms)
			ProcessInitializeOnLoadMethodAttributes (18ms)
			AfterProcessingInitializeOnLoad (19ms)
			EditorAssembliesLoaded (0ms)
		ExecutionOrderSort2 (0ms)
		AwakeInstancesAfterBackupRestoration (5ms)
Refreshing native plugins compatible for Editor in 1.00 ms, found 3 plugins.
Preloading 0 native plugins for Editor in 0.00 ms.
Unloading 0 Unused Serialized files (Serialized files now loaded: 0)
Unloading 3863 unused Assets / (1.1 MB). Loaded Objects now: 4415.
Memory consumption went from 91.4 MB to 90.3 MB.
Total: 5.489900 ms (FindLiveObjects: 0.866800 ms CreateObjectMapping: 0.401300 ms MarkObjects: 3.306200 ms  DeleteObjects: 0.914600 ms)

Prepare: number of updated asset objects reloaded= 0
========================================================================
Received Prepare
Refreshing native plugins compatible for Editor in 1.01 ms, found 3 plugins.
Preloading 0 native plugins for Editor in 0.00 ms.
Unloading 0 Unused Serialized files (Serialized files now loaded: 0)
Unloading 3857 unused Assets / (0.8 MB). Loaded Objects now: 4415.
Memory consumption went from 91.6 MB to 90.8 MB.
Total: 5.151700 ms (FindLiveObjects: 0.527000 ms CreateObjectMapping: 0.282100 ms MarkObjects: 3.536900 ms  DeleteObjects: 0.805100 ms)

Prepare: number of updated asset objects reloaded= 0
========================================================================
Received Prepare
Refreshing native plugins compatible for Editor in 0.82 ms, found 3 plugins.
Preloading 0 native plugins for Editor in 0.00 ms.
Unloading 0 Unused Serialized files (Serialized files now loaded: 0)
Unloading 3857 unused Assets / (0.8 MB). Loaded Objects now: 4415.
Memory consumption went from 91.6 MB to 90.7 MB.
Total: 5.177400 ms (FindLiveObjects: 0.374800 ms CreateObjectMapping: 0.245900 ms MarkObjects: 3.671000 ms  DeleteObjects: 0.885300 ms)

Prepare: number of updated asset objects reloaded= 0
========================================================================
Received Prepare
Begin MonoManager ReloadAssembly
- Loaded All Assemblies, in  0.608 seconds
Refreshing native plugins compatible for Editor in 0.68 ms, found 3 plugins.
Native extension for WindowsStandalone target not found
Native extension for WebGL target not found
[Package Manager] Failed to launch server process. Reason: Unity was launched with the -noUpm command-line argument
[Package Manager] Unable to send message (not connected to server process).
[Package Manager] Cannot connect to Unity Package Manager local server
Mono: successfully reloaded assembly
- Finished resetting the current domain, in  0.469 seconds
Domain Reload Profiling: 1068ms
	BeginReloadAssembly (204ms)
		ExecutionOrderSort (0ms)
		DisableScriptedObjects (5ms)
		BackupInstance (0ms)
		ReleaseScriptingObjects (0ms)
		CreateAndSetChildDomain (36ms)
	RebuildCommonClasses (33ms)
	RebuildNativeTypeToScriptingClass (9ms)
	initialDomainReloadingComplete (36ms)
	LoadAllAssembliesAndSetupDomain (316ms)
		LoadAssemblies (323ms)
		RebuildTransferFunctionScriptingTraits (0ms)
		AnalyzeDomain (107ms)
			TypeCache.Refresh (5ms)
				TypeCache.ScanAssembly (0ms)
			BuildScriptInfoCaches (96ms)
			ResolveRequiredComponents (3ms)
	FinalizeReload (469ms)
		ReleaseScriptCaches (0ms)
		RebuildScriptCaches (0ms)
		SetupLoadedEditorAssemblies (385ms)
			LogAssemblyErrors (0ms)
			InitializePlatformSupportModulesInManaged (2ms)
			SetLoadedEditorAssemblies (4ms)
			BeforeProcessingInitializeOnLoad (103ms)
			ProcessInitializeOnLoadAttributes (241ms)
			ProcessInitializeOnLoadMethodAttributes (18ms)
			AfterProcessingInitializeOnLoad (16ms)
			EditorAssembliesLoaded (0ms)
		ExecutionOrderSort2 (0ms)
		AwakeInstancesAfterBackupRestoration (5ms)
Refreshing native plugins compatible for Editor in 0.86 ms, found 3 plugins.
Preloading 0 native plugins for Editor in 0.00 ms.
Unloading 0 Unused Serialized files (Serialized files now loaded: 0)
Unloading 3863 unused Assets / (0.8 MB). Loaded Objects now: 4416.
Memory consumption went from 91.4 MB to 90.5 MB.
Total: 5.581800 ms (FindLiveObjects: 0.540700 ms CreateObjectMapping: 0.104000 ms MarkObjects: 4.035900 ms  DeleteObjects: 0.900600 ms)

Prepare: number of updated asset objects reloaded= 0
========================================================================
Received Prepare
Refreshing native plugins compatible for Editor in 0.97 ms, found 3 plugins.
Preloading 0 native plugins for Editor in 0.00 ms.
Unloading 0 Unused Serialized files (Serialized files now loaded: 0)
Unloading 3857 unused Assets / (0.7 MB). Loaded Objects now: 4416.
Memory consumption went from 91.6 MB to 90.8 MB.
Total: 4.692200 ms (FindLiveObjects: 0.432600 ms CreateObjectMapping: 0.147000 ms MarkObjects: 3.383400 ms  DeleteObjects: 0.728200 ms)

Prepare: number of updated asset objects reloaded= 0
========================================================================
Received Prepare
Begin MonoManager ReloadAssembly
[Licensing::Client] Successfully resolved entitlement details
- Loaded All Assemblies, in  0.664 seconds
Refreshing native plugins compatible for Editor in 0.90 ms, found 3 plugins.
Native extension for WindowsStandalone target not found
Native extension for WebGL target not found
[Package Manager] Failed to launch server process. Reason: Unity was launched with the -noUpm command-line argument
[Package Manager] Unable to send message (not connected to server process).
[Package Manager] Cannot connect to Unity Package Manager local server
Mono: successfully reloaded assembly
- Finished resetting the current domain, in  0.475 seconds
Domain Reload Profiling: 1131ms
	BeginReloadAssembly (219ms)
		ExecutionOrderSort (0ms)
		DisableScriptedObjects (5ms)
		BackupInstance (0ms)
		ReleaseScriptingObjects (0ms)
		CreateAndSetChildDomain (40ms)
	RebuildCommonClasses (36ms)
	RebuildNativeTypeToScriptingClass (12ms)
	initialDomainReloadingComplete (35ms)
	LoadAllAssembliesAndSetupDomain (352ms)
		LoadAssemblies (331ms)
		RebuildTransferFunctionScriptingTraits (0ms)
		AnalyzeDomain (142ms)
			TypeCache.Refresh (15ms)
				TypeCache.ScanAssembly (1ms)
			BuildScriptInfoCaches (121ms)
			ResolveRequiredComponents (4ms)
	FinalizeReload (476ms)
		ReleaseScriptCaches (0ms)
		RebuildScriptCaches (0ms)
		SetupLoadedEditorAssemblies (384ms)
			LogAssemblyErrors (0ms)
			InitializePlatformSupportModulesInManaged (2ms)
			SetLoadedEditorAssemblies (3ms)
			BeforeProcessingInitializeOnLoad (98ms)
			ProcessInitializeOnLoadAttributes (245ms)
			ProcessInitializeOnLoadMethodAttributes (18ms)
			AfterProcessingInitializeOnLoad (18ms)
			EditorAssembliesLoaded (0ms)
		ExecutionOrderSort2 (0ms)
		AwakeInstancesAfterBackupRestoration (6ms)
Refreshing native plugins compatible for Editor in 0.73 ms, found 3 plugins.
Preloading 0 native plugins for Editor in 0.00 ms.
Unloading 0 Unused Serialized files (Serialized files now loaded: 0)
Unloading 3863 unused Assets / (0.9 MB). Loaded Objects now: 4417.
Memory consumption went from 91.4 MB to 90.5 MB.
Total: 5.239900 ms (FindLiveObjects: 0.630100 ms CreateObjectMapping: 0.197900 ms MarkObjects: 3.654500 ms  DeleteObjects: 0.756700 ms)

Prepare: number of updated asset objects reloaded= 0
========================================================================
Received Prepare
Refreshing native plugins compatible for Editor in 0.89 ms, found 3 plugins.
Preloading 0 native plugins for Editor in 0.00 ms.
Unloading 0 Unused Serialized files (Serialized files now loaded: 0)
Unloading 3857 unused Assets / (0.7 MB). Loaded Objects now: 4417.
Memory consumption went from 91.6 MB to 90.8 MB.
Total: 5.288600 ms (FindLiveObjects: 0.632600 ms CreateObjectMapping: 0.155500 ms MarkObjects: 3.806000 ms  DeleteObjects: 0.693900 ms)

Prepare: number of updated asset objects reloaded= 0
========================================================================
Received Prepare
Refreshing native plugins compatible for Editor in 1.10 ms, found 3 plugins.
Preloading 0 native plugins for Editor in 0.00 ms.
Unloading 0 Unused Serialized files (Serialized files now loaded: 0)
Unloading 3857 unused Assets / (0.8 MB). Loaded Objects now: 4417.
Memory consumption went from 91.6 MB to 90.7 MB.
Total: 5.024800 ms (FindLiveObjects: 0.668500 ms CreateObjectMapping: 0.194800 ms MarkObjects: 3.373400 ms  DeleteObjects: 0.787500 ms)

Prepare: number of updated asset objects reloaded= 0
========================================================================
Received Prepare
Refreshing native plugins compatible for Editor in 1.05 ms, found 3 plugins.
Preloading 0 native plugins for Editor in 0.00 ms.
Unloading 0 Unused Serialized files (Serialized files now loaded: 0)
Unloading 3857 unused Assets / (0.9 MB). Loaded Objects now: 4417.
Memory consumption went from 91.6 MB to 90.7 MB.
Total: 5.824900 ms (FindLiveObjects: 0.594700 ms CreateObjectMapping: 0.231700 ms MarkObjects: 4.137500 ms  DeleteObjects: 0.860300 ms)

Prepare: number of updated asset objects reloaded= 0
========================================================================
Received Prepare
Begin MonoManager ReloadAssembly
[Licensing::Client] Successfully resolved entitlement details
- Loaded All Assemblies, in  0.628 seconds
Refreshing native plugins compatible for Editor in 0.89 ms, found 3 plugins.
Native extension for WindowsStandalone target not found
Native extension for WebGL target not found
[Package Manager] Failed to launch server process. Reason: Unity was launched with the -noUpm command-line argument
[Package Manager] Unable to send message (not connected to server process).
[Package Manager] Cannot connect to Unity Package Manager local server
Mono: successfully reloaded assembly
- Finished resetting the current domain, in  0.484 seconds
Domain Reload Profiling: 1104ms
	BeginReloadAssembly (217ms)
		ExecutionOrderSort (0ms)
		DisableScriptedObjects (5ms)
		BackupInstance (0ms)
		ReleaseScriptingObjects (0ms)
		CreateAndSetChildDomain (39ms)
	RebuildCommonClasses (35ms)
	RebuildNativeTypeToScriptingClass (12ms)
	initialDomainReloadingComplete (36ms)
	LoadAllAssembliesAndSetupDomain (320ms)
		LoadAssemblies (322ms)
		RebuildTransferFunctionScriptingTraits (0ms)
		AnalyzeDomain (121ms)
			TypeCache.Refresh (5ms)
				TypeCache.ScanAssembly (0ms)
			BuildScriptInfoCaches (111ms)
			ResolveRequiredComponents (3ms)
	FinalizeReload (485ms)
		ReleaseScriptCaches (0ms)
		RebuildScriptCaches (0ms)
		SetupLoadedEditorAssemblies (401ms)
			LogAssemblyErrors (0ms)
			InitializePlatformSupportModulesInManaged (2ms)
			SetLoadedEditorAssemblies (3ms)
			BeforeProcessingInitializeOnLoad (111ms)
			ProcessInitializeOnLoadAttributes (251ms)
			ProcessInitializeOnLoadMethodAttributes (15ms)
			AfterProcessingInitializeOnLoad (17ms)
			EditorAssembliesLoaded (0ms)
		ExecutionOrderSort2 (0ms)
		AwakeInstancesAfterBackupRestoration (4ms)
Refreshing native plugins compatible for Editor in 0.78 ms, found 3 plugins.
Preloading 0 native plugins for Editor in 0.00 ms.
Unloading 0 Unused Serialized files (Serialized files now loaded: 0)
Unloading 3863 unused Assets / (0.9 MB). Loaded Objects now: 4418.
Memory consumption went from 91.4 MB to 90.5 MB.
Total: 5.532000 ms (FindLiveObjects: 0.432500 ms CreateObjectMapping: 0.253400 ms MarkObjects: 3.982100 ms  DeleteObjects: 0.863200 ms)

Prepare: number of updated asset objects reloaded= 0
========================================================================
Received Prepare
Refreshing native plugins compatible for Editor in 0.90 ms, found 3 plugins.
Preloading 0 native plugins for Editor in 0.00 ms.
Unloading 0 Unused Serialized files (Serialized files now loaded: 0)
Unloading 3857 unused Assets / (0.8 MB). Loaded Objects now: 4418.
Memory consumption went from 91.6 MB to 90.8 MB.
Total: 4.626800 ms (FindLiveObjects: 0.386200 ms CreateObjectMapping: 0.246400 ms MarkObjects: 3.208600 ms  DeleteObjects: 0.785000 ms)

Prepare: number of updated asset objects reloaded= 0
========================================================================
Received Prepare
Begin MonoManager ReloadAssembly
- Loaded All Assemblies, in  0.614 seconds
Refreshing native plugins compatible for Editor in 0.72 ms, found 3 plugins.
Native extension for WindowsStandalone target not found
Native extension for WebGL target not found
[Package Manager] Failed to launch server process. Reason: Unity was launched with the -noUpm command-line argument
[Package Manager] Unable to send message (not connected to server process).
[Package Manager] Cannot connect to Unity Package Manager local server
Mono: successfully reloaded assembly
- Finished resetting the current domain, in  0.490 seconds
Domain Reload Profiling: 1096ms
	BeginReloadAssembly (208ms)
		ExecutionOrderSort (0ms)
		DisableScriptedObjects (5ms)
		BackupInstance (0ms)
		ReleaseScriptingObjects (0ms)
		CreateAndSetChildDomain (41ms)
	RebuildCommonClasses (31ms)
	RebuildNativeTypeToScriptingClass (9ms)
	initialDomainReloadingComplete (35ms)
	LoadAllAssembliesAndSetupDomain (323ms)
		LoadAssemblies (310ms)
		RebuildTransferFunctionScriptingTraits (0ms)
		AnalyzeDomain (127ms)
			TypeCache.Refresh (7ms)
				TypeCache.ScanAssembly (0ms)
			BuildScriptInfoCaches (113ms)
			ResolveRequiredComponents (4ms)
	FinalizeReload (490ms)
		ReleaseScriptCaches (0ms)
		RebuildScriptCaches (0ms)
		SetupLoadedEditorAssemblies (401ms)
			LogAssemblyErrors (0ms)
			InitializePlatformSupportModulesInManaged (2ms)
			SetLoadedEditorAssemblies (3ms)
			BeforeProcessingInitializeOnLoad (97ms)
			ProcessInitializeOnLoadAttributes (261ms)
			ProcessInitializeOnLoadMethodAttributes (20ms)
			AfterProcessingInitializeOnLoad (18ms)
			EditorAssembliesLoaded (0ms)
		ExecutionOrderSort2 (0ms)
		AwakeInstancesAfterBackupRestoration (5ms)
Refreshing native plugins compatible for Editor in 0.82 ms, found 3 plugins.
Preloading 0 native plugins for Editor in 0.00 ms.
Unloading 0 Unused Serialized files (Serialized files now loaded: 0)
Unloading 3863 unused Assets / (0.9 MB). Loaded Objects now: 4419.
Memory consumption went from 91.4 MB to 90.5 MB.
Total: 5.363100 ms (FindLiveObjects: 0.590700 ms CreateObjectMapping: 0.200600 ms MarkObjects: 3.773100 ms  DeleteObjects: 0.798300 ms)

Prepare: number of updated asset objects reloaded= 0
========================================================================
Received Prepare
Refreshing native plugins compatible for Editor in 0.73 ms, found 3 plugins.
Preloading 0 native plugins for Editor in 0.00 ms.
Unloading 0 Unused Serialized files (Serialized files now loaded: 0)
Unloading 3857 unused Assets / (0.7 MB). Loaded Objects now: 4419.
Memory consumption went from 91.6 MB to 90.9 MB.
Total: 4.256100 ms (FindLiveObjects: 0.375700 ms CreateObjectMapping: 0.101200 ms MarkObjects: 3.139000 ms  DeleteObjects: 0.639700 ms)

Prepare: number of updated asset objects reloaded= 0
========================================================================
Received Prepare
Begin MonoManager ReloadAssembly
- Loaded All Assemblies, in  0.614 seconds
Refreshing native plugins compatible for Editor in 0.67 ms, found 3 plugins.
Native extension for WindowsStandalone target not found
Native extension for WebGL target not found
[Package Manager] Failed to launch server process. Reason: Unity was launched with the -noUpm command-line argument
[Package Manager] Unable to send message (not connected to server process).
[Package Manager] Cannot connect to Unity Package Manager local server
Mono: successfully reloaded assembly
- Finished resetting the current domain, in  0.451 seconds
Domain Reload Profiling: 1057ms
	BeginReloadAssembly (208ms)
		ExecutionOrderSort (0ms)
		DisableScriptedObjects (5ms)
		BackupInstance (0ms)
		ReleaseScriptingObjects (0ms)
		CreateAndSetChildDomain (40ms)
	RebuildCommonClasses (35ms)
	RebuildNativeTypeToScriptingClass (13ms)
	initialDomainReloadingComplete (35ms)
	LoadAllAssembliesAndSetupDomain (314ms)
		LoadAssemblies (303ms)
		RebuildTransferFunctionScriptingTraits (0ms)
		AnalyzeDomain (127ms)
			TypeCache.Refresh (6ms)
				TypeCache.ScanAssembly (0ms)
			BuildScriptInfoCaches (113ms)
			ResolveRequiredComponents (5ms)
	FinalizeReload (451ms)
		ReleaseScriptCaches (0ms)
		RebuildScriptCaches (0ms)
		SetupLoadedEditorAssemblies (369ms)
			LogAssemblyErrors (0ms)
			InitializePlatformSupportModulesInManaged (2ms)
			SetLoadedEditorAssemblies (3ms)
			BeforeProcessingInitializeOnLoad (99ms)
			ProcessInitializeOnLoadAttributes (230ms)
			ProcessInitializeOnLoadMethodAttributes (17ms)
			AfterProcessingInitializeOnLoad (18ms)
			EditorAssembliesLoaded (0ms)
		ExecutionOrderSort2 (0ms)
		AwakeInstancesAfterBackupRestoration (6ms)
Refreshing native plugins compatible for Editor in 1.03 ms, found 3 plugins.
Preloading 0 native plugins for Editor in 0.00 ms.
Unloading 0 Unused Serialized files (Serialized files now loaded: 0)
Unloading 3863 unused Assets / (0.8 MB). Loaded Objects now: 4420.
Memory consumption went from 91.4 MB to 90.6 MB.
Total: 4.767300 ms (FindLiveObjects: 0.674300 ms CreateObjectMapping: 0.217400 ms MarkObjects: 3.085100 ms  DeleteObjects: 0.789800 ms)

Prepare: number of updated asset objects reloaded= 0
========================================================================
Received Prepare
Refreshing native plugins compatible for Editor in 0.91 ms, found 3 plugins.
Preloading 0 native plugins for Editor in 0.00 ms.
Unloading 0 Unused Serialized files (Serialized files now loaded: 0)
Unloading 3857 unused Assets / (0.7 MB). Loaded Objects now: 4420.
Memory consumption went from 91.6 MB to 90.8 MB.
Total: 6.585200 ms (FindLiveObjects: 0.460600 ms CreateObjectMapping: 0.425100 ms MarkObjects: 4.656600 ms  DeleteObjects: 1.042100 ms)

Prepare: number of updated asset objects reloaded= 0
========================================================================
Received Prepare
Begin MonoManager ReloadAssembly
[Licensing::Client] Successfully resolved entitlement details
- Loaded All Assemblies, in  0.624 seconds
Refreshing native plugins compatible for Editor in 0.91 ms, found 3 plugins.
Native extension for WindowsStandalone target not found
Native extension for WebGL target not found
[Package Manager] Failed to launch server process. Reason: Unity was launched with the -noUpm command-line argument
[Package Manager] Unable to send message (not connected to server process).
[Package Manager] Cannot connect to Unity Package Manager local server
Mono: successfully reloaded assembly
- Finished resetting the current domain, in  0.464 seconds
Domain Reload Profiling: 1080ms
	BeginReloadAssembly (214ms)
		ExecutionOrderSort (0ms)
		DisableScriptedObjects (5ms)
		BackupInstance (0ms)
		ReleaseScriptingObjects (0ms)
		CreateAndSetChildDomain (37ms)
	RebuildCommonClasses (36ms)
	RebuildNativeTypeToScriptingClass (9ms)
	initialDomainReloadingComplete (35ms)
	LoadAllAssembliesAndSetupDomain (322ms)
		LoadAssemblies (322ms)
		RebuildTransferFunctionScriptingTraits (0ms)
		AnalyzeDomain (122ms)
			TypeCache.Refresh (5ms)
				TypeCache.ScanAssembly (0ms)
			BuildScriptInfoCaches (111ms)
			ResolveRequiredComponents (3ms)
	FinalizeReload (464ms)
		ReleaseScriptCaches (0ms)
		RebuildScriptCaches (0ms)
		SetupLoadedEditorAssemblies (379ms)
			LogAssemblyErrors (0ms)
			InitializePlatformSupportModulesInManaged (2ms)
			SetLoadedEditorAssemblies (4ms)
			BeforeProcessingInitializeOnLoad (92ms)
			ProcessInitializeOnLoadAttributes (242ms)
			ProcessInitializeOnLoadMethodAttributes (19ms)
			AfterProcessingInitializeOnLoad (19ms)
			EditorAssembliesLoaded (0ms)
		ExecutionOrderSort2 (0ms)
		AwakeInstancesAfterBackupRestoration (5ms)
Refreshing native plugins compatible for Editor in 0.87 ms, found 3 plugins.
Preloading 0 native plugins for Editor in 0.00 ms.
Unloading 0 Unused Serialized files (Serialized files now loaded: 0)
Unloading 3863 unused Assets / (0.8 MB). Loaded Objects now: 4421.
Memory consumption went from 91.4 MB to 90.6 MB.
Total: 5.844600 ms (FindLiveObjects: 0.559200 ms CreateObjectMapping: 0.108700 ms MarkObjects: 4.277300 ms  DeleteObjects: 0.898600 ms)

Prepare: number of updated asset objects reloaded= 0
========================================================================
Received Prepare
Refreshing native plugins compatible for Editor in 0.88 ms, found 3 plugins.
Preloading 0 native plugins for Editor in 0.00 ms.
Unloading 0 Unused Serialized files (Serialized files now loaded: 0)
Unloading 3857 unused Assets / (0.8 MB). Loaded Objects now: 4421.
Memory consumption went from 91.6 MB to 90.8 MB.
Total: 6.491200 ms (FindLiveObjects: 0.437000 ms CreateObjectMapping: 0.507600 ms MarkObjects: 4.677700 ms  DeleteObjects: 0.867900 ms)

Prepare: number of updated asset objects reloaded= 0
========================================================================
Received Prepare
Begin MonoManager ReloadAssembly
- Loaded All Assemblies, in  0.606 seconds
Refreshing native plugins compatible for Editor in 0.69 ms, found 3 plugins.
Native extension for WindowsStandalone target not found
Native extension for WebGL target not found
[Package Manager] Failed to launch server process. Reason: Unity was launched with the -noUpm command-line argument
[Package Manager] Unable to send message (not connected to server process).
[Package Manager] Cannot connect to Unity Package Manager local server
Mono: successfully reloaded assembly
- Finished resetting the current domain, in  0.461 seconds
Domain Reload Profiling: 1059ms
	BeginReloadAssembly (208ms)
		ExecutionOrderSort (0ms)
		DisableScriptedObjects (5ms)
		BackupInstance (0ms)
		ReleaseScriptingObjects (0ms)
		CreateAndSetChildDomain (35ms)
	RebuildCommonClasses (33ms)
	RebuildNativeTypeToScriptingClass (13ms)
	initialDomainReloadingComplete (34ms)
	LoadAllAssembliesAndSetupDomain (309ms)
		LoadAssemblies (317ms)
		RebuildTransferFunctionScriptingTraits (0ms)
		AnalyzeDomain (115ms)
			TypeCache.Refresh (6ms)
				TypeCache.ScanAssembly (0ms)
			BuildScriptInfoCaches (102ms)
			ResolveRequiredComponents (4ms)
	FinalizeReload (462ms)
		ReleaseScriptCaches (0ms)
		RebuildScriptCaches (0ms)
		SetupLoadedEditorAssemblies (379ms)
			LogAssemblyErrors (0ms)
			InitializePlatformSupportModulesInManaged (2ms)
			SetLoadedEditorAssemblies (4ms)
			BeforeProcessingInitializeOnLoad (101ms)
			ProcessInitializeOnLoadAttributes (240ms)
			ProcessInitializeOnLoadMethodAttributes (14ms)
			AfterProcessingInitializeOnLoad (17ms)
			EditorAssembliesLoaded (0ms)
		ExecutionOrderSort2 (0ms)
		AwakeInstancesAfterBackupRestoration (6ms)
Refreshing native plugins compatible for Editor in 1.09 ms, found 3 plugins.
Preloading 0 native plugins for Editor in 0.00 ms.
Unloading 0 Unused Serialized files (Serialized files now loaded: 0)
Unloading 3863 unused Assets / (0.7 MB). Loaded Objects now: 4422.
Memory consumption went from 91.4 MB to 90.7 MB.
Total: 5.799600 ms (FindLiveObjects: 0.647100 ms CreateObjectMapping: 0.464100 ms MarkObjects: 3.723300 ms  DeleteObjects: 0.964400 ms)

Prepare: number of updated asset objects reloaded= 0
========================================================================
Received Prepare
Refreshing native plugins compatible for Editor in 0.94 ms, found 3 plugins.
Preloading 0 native plugins for Editor in 0.00 ms.
Unloading 0 Unused Serialized files (Serialized files now loaded: 0)
Unloading 3857 unused Assets / (0.9 MB). Loaded Objects now: 4422.
Memory consumption went from 91.6 MB to 90.7 MB.
Total: 5.069500 ms (FindLiveObjects: 0.441100 ms CreateObjectMapping: 0.276600 ms MarkObjects: 3.524400 ms  DeleteObjects: 0.826400 ms)

Prepare: number of updated asset objects reloaded= 0
========================================================================
Received Prepare
Begin MonoManager ReloadAssembly
- Loaded All Assemblies, in  0.595 seconds
Refreshing native plugins compatible for Editor in 0.94 ms, found 3 plugins.
Native extension for WindowsStandalone target not found
Native extension for WebGL target not found
[Package Manager] Failed to launch server process. Reason: Unity was launched with the -noUpm command-line argument
[Package Manager] Unable to send message (not connected to server process).
[Package Manager] Cannot connect to Unity Package Manager local server
Mono: successfully reloaded assembly
- Finished resetting the current domain, in  0.459 seconds
Domain Reload Profiling: 1046ms
	BeginReloadAssembly (206ms)
		ExecutionOrderSort (0ms)
		DisableScriptedObjects (5ms)
		BackupInstance (0ms)
		ReleaseScriptingObjects (0ms)
		CreateAndSetChildDomain (35ms)
	RebuildCommonClasses (33ms)
	RebuildNativeTypeToScriptingClass (11ms)
	initialDomainReloadingComplete (32ms)
	LoadAllAssembliesAndSetupDomain (305ms)
		LoadAssemblies (304ms)
		RebuildTransferFunctionScriptingTraits (0ms)
		AnalyzeDomain (118ms)
			TypeCache.Refresh (7ms)
				TypeCache.ScanAssembly (0ms)
			BuildScriptInfoCaches (105ms)
			ResolveRequiredComponents (3ms)
	FinalizeReload (459ms)
		ReleaseScriptCaches (0ms)
		RebuildScriptCaches (0ms)
		SetupLoadedEditorAssemblies (372ms)
			LogAssemblyErrors (0ms)
			InitializePlatformSupportModulesInManaged (3ms)
			SetLoadedEditorAssemblies (4ms)
			BeforeProcessingInitializeOnLoad (100ms)
			ProcessInitializeOnLoadAttributes (234ms)
			ProcessInitializeOnLoadMethodAttributes (15ms)
			AfterProcessingInitializeOnLoad (16ms)
			EditorAssembliesLoaded (0ms)
		ExecutionOrderSort2 (0ms)
		AwakeInstancesAfterBackupRestoration (5ms)
Refreshing native plugins compatible for Editor in 1.02 ms, found 3 plugins.
Preloading 0 native plugins for Editor in 0.00 ms.
Unloading 0 Unused Serialized files (Serialized files now loaded: 0)
Unloading 3863 unused Assets / (0.6 MB). Loaded Objects now: 4423.
Memory consumption went from 91.4 MB to 90.8 MB.
Total: 5.557500 ms (FindLiveObjects: 0.464900 ms CreateObjectMapping: 0.305400 ms MarkObjects: 3.989200 ms  DeleteObjects: 0.797400 ms)

Prepare: number of updated asset objects reloaded= 0
========================================================================
Received Prepare
Refreshing native plugins compatible for Editor in 0.95 ms, found 3 plugins.
Preloading 0 native plugins for Editor in 0.00 ms.
Unloading 0 Unused Serialized files (Serialized files now loaded: 0)
Unloading 3857 unused Assets / (0.7 MB). Loaded Objects now: 4423.
Memory consumption went from 91.6 MB to 90.9 MB.
Total: 4.680800 ms (FindLiveObjects: 0.377200 ms CreateObjectMapping: 0.097000 ms MarkObjects: 3.522800 ms  DeleteObjects: 0.683100 ms)

Prepare: number of updated asset objects reloaded= 0
========================================================================
Received Prepare
Begin MonoManager ReloadAssembly
[Licensing::Client] Successfully resolved entitlement details
- Loaded All Assemblies, in  0.607 seconds
Refreshing native plugins compatible for Editor in 6.49 ms, found 3 plugins.
Native extension for WindowsStandalone target not found
Native extension for WebGL target not found
[Package Manager] Failed to launch server process. Reason: Unity was launched with the -noUpm command-line argument
[Package Manager] Unable to send message (not connected to server process).
[Package Manager] Cannot connect to Unity Package Manager local server
Mono: successfully reloaded assembly
- Finished resetting the current domain, in  0.594 seconds
Domain Reload Profiling: 1195ms
	BeginReloadAssembly (207ms)
		ExecutionOrderSort (0ms)
		DisableScriptedObjects (5ms)
		BackupInstance (0ms)
		ReleaseScriptingObjects (0ms)
		CreateAndSetChildDomain (35ms)
	RebuildCommonClasses (28ms)
	RebuildNativeTypeToScriptingClass (12ms)
	initialDomainReloadingComplete (35ms)
	LoadAllAssembliesAndSetupDomain (318ms)
		LoadAssemblies (307ms)
		RebuildTransferFunctionScriptingTraits (0ms)
		AnalyzeDomain (123ms)
			TypeCache.Refresh (6ms)
				TypeCache.ScanAssembly (0ms)
			BuildScriptInfoCaches (108ms)
			ResolveRequiredComponents (5ms)
	FinalizeReload (594ms)
		ReleaseScriptCaches (0ms)
		RebuildScriptCaches (0ms)
		SetupLoadedEditorAssemblies (466ms)
			LogAssemblyErrors (0ms)
			InitializePlatformSupportModulesInManaged (3ms)
			SetLoadedEditorAssemblies (4ms)
			BeforeProcessingInitializeOnLoad (144ms)
			ProcessInitializeOnLoadAttributes (278ms)
			ProcessInitializeOnLoadMethodAttributes (17ms)
			AfterProcessingInitializeOnLoad (19ms)
			EditorAssembliesLoaded (0ms)
		ExecutionOrderSort2 (0ms)
		AwakeInstancesAfterBackupRestoration (6ms)
Refreshing native plugins compatible for Editor in 1.97 ms, found 3 plugins.
Preloading 0 native plugins for Editor in 0.00 ms.
Unloading 0 Unused Serialized files (Serialized files now loaded: 0)
Unloading 3863 unused Assets / (0.8 MB). Loaded Objects now: 4424.
Memory consumption went from 91.4 MB to 90.7 MB.
Total: 5.890300 ms (FindLiveObjects: 0.663800 ms CreateObjectMapping: 0.588300 ms MarkObjects: 3.791100 ms  DeleteObjects: 0.846300 ms)

Prepare: number of updated asset objects reloaded= 0
========================================================================
Received Prepare
Refreshing native plugins compatible for Editor in 1.02 ms, found 3 plugins.
Preloading 0 native plugins for Editor in 0.00 ms.
Unloading 0 Unused Serialized files (Serialized files now loaded: 0)
Unloading 3857 unused Assets / (0.9 MB). Loaded Objects now: 4424.
Memory consumption went from 91.6 MB to 90.7 MB.
Total: 4.986300 ms (FindLiveObjects: 0.429500 ms CreateObjectMapping: 0.107300 ms MarkObjects: 3.596300 ms  DeleteObjects: 0.852600 ms)

Prepare: number of updated asset objects reloaded= 0
========================================================================
Received Prepare
Begin MonoManager ReloadAssembly
- Loaded All Assemblies, in  0.589 seconds
Refreshing native plugins compatible for Editor in 0.70 ms, found 3 plugins.
Native extension for WindowsStandalone target not found
Native extension for WebGL target not found
[Package Manager] Failed to launch server process. Reason: Unity was launched with the -noUpm command-line argument
[Package Manager] Unable to send message (not connected to server process).
[Package Manager] Cannot connect to Unity Package Manager local server
Mono: successfully reloaded assembly
- Finished resetting the current domain, in  0.471 seconds
Domain Reload Profiling: 1051ms
	BeginReloadAssembly (202ms)
		ExecutionOrderSort (0ms)
		DisableScriptedObjects (4ms)
		BackupInstance (0ms)
		ReleaseScriptingObjects (0ms)
		CreateAndSetChildDomain (38ms)
	RebuildCommonClasses (30ms)
	RebuildNativeTypeToScriptingClass (9ms)
	initialDomainReloadingComplete (32ms)
	LoadAllAssembliesAndSetupDomain (307ms)
		LoadAssemblies (306ms)
		RebuildTransferFunctionScriptingTraits (0ms)
		AnalyzeDomain (114ms)
			TypeCache.Refresh (7ms)
				TypeCache.ScanAssembly (0ms)
			BuildScriptInfoCaches (99ms)
			ResolveRequiredComponents (4ms)
	FinalizeReload (471ms)
		ReleaseScriptCaches (0ms)
		RebuildScriptCaches (0ms)
		SetupLoadedEditorAssemblies (382ms)
			LogAssemblyErrors (0ms)
			InitializePlatformSupportModulesInManaged (2ms)
			SetLoadedEditorAssemblies (4ms)
			BeforeProcessingInitializeOnLoad (98ms)
			ProcessInitializeOnLoadAttributes (242ms)
			ProcessInitializeOnLoadMethodAttributes (18ms)
			AfterProcessingInitializeOnLoad (18ms)
			EditorAssembliesLoaded (0ms)
		ExecutionOrderSort2 (0ms)
		AwakeInstancesAfterBackupRestoration (5ms)
Refreshing native plugins compatible for Editor in 0.84 ms, found 3 plugins.
Preloading 0 native plugins for Editor in 0.00 ms.
Unloading 0 Unused Serialized files (Serialized files now loaded: 0)
Unloading 3863 unused Assets / (0.8 MB). Loaded Objects now: 4425.
Memory consumption went from 91.4 MB to 90.6 MB.
Total: 4.860200 ms (FindLiveObjects: 0.476200 ms CreateObjectMapping: 0.244100 ms MarkObjects: 3.324200 ms  DeleteObjects: 0.815000 ms)

Prepare: number of updated asset objects reloaded= 0
========================================================================
Received Prepare
Refreshing native plugins compatible for Editor in 1.10 ms, found 3 plugins.
Preloading 0 native plugins for Editor in 0.00 ms.
Unloading 0 Unused Serialized files (Serialized files now loaded: 0)
Unloading 3857 unused Assets / (0.8 MB). Loaded Objects now: 4425.
Memory consumption went from 91.6 MB to 90.8 MB.
Total: 5.261700 ms (FindLiveObjects: 0.612100 ms CreateObjectMapping: 0.157100 ms MarkObjects: 3.676600 ms  DeleteObjects: 0.814900 ms)

Prepare: number of updated asset objects reloaded= 0
========================================================================
Received Prepare
Begin MonoManager ReloadAssembly
- Loaded All Assemblies, in  0.610 seconds
Refreshing native plugins compatible for Editor in 0.59 ms, found 3 plugins.
Native extension for WindowsStandalone target not found
Native extension for WebGL target not found
[Package Manager] Failed to launch server process. Reason: Unity was launched with the -noUpm command-line argument
[Package Manager] Unable to send message (not connected to server process).
[Package Manager] Cannot connect to Unity Package Manager local server
Mono: successfully reloaded assembly
- Finished resetting the current domain, in  0.463 seconds
Domain Reload Profiling: 1065ms
	BeginReloadAssembly (201ms)
		ExecutionOrderSort (0ms)
		DisableScriptedObjects (5ms)
		BackupInstance (0ms)
		ReleaseScriptingObjects (0ms)
		CreateAndSetChildDomain (37ms)
	RebuildCommonClasses (34ms)
	RebuildNativeTypeToScriptingClass (12ms)
	initialDomainReloadingComplete (34ms)
	LoadAllAssembliesAndSetupDomain (320ms)
		LoadAssemblies (312ms)
		RebuildTransferFunctionScriptingTraits (0ms)
		AnalyzeDomain (122ms)
			TypeCache.Refresh (7ms)
				TypeCache.ScanAssembly (0ms)
			BuildScriptInfoCaches (108ms)
			ResolveRequiredComponents (4ms)
	FinalizeReload (463ms)
		ReleaseScriptCaches (0ms)
		RebuildScriptCaches (0ms)
		SetupLoadedEditorAssemblies (380ms)
			LogAssemblyErrors (0ms)
			InitializePlatformSupportModulesInManaged (2ms)
			SetLoadedEditorAssemblies (4ms)
			BeforeProcessingInitializeOnLoad (107ms)
			ProcessInitializeOnLoadAttributes (231ms)
			ProcessInitializeOnLoadMethodAttributes (16ms)
			AfterProcessingInitializeOnLoad (20ms)
			EditorAssembliesLoaded (0ms)
		ExecutionOrderSort2 (0ms)
		AwakeInstancesAfterBackupRestoration (6ms)
Refreshing native plugins compatible for Editor in 0.80 ms, found 3 plugins.
Preloading 0 native plugins for Editor in 0.00 ms.
Unloading 0 Unused Serialized files (Serialized files now loaded: 0)
Unloading 3863 unused Assets / (0.8 MB). Loaded Objects now: 4426.
Memory consumption went from 91.4 MB to 90.6 MB.
Total: 5.186000 ms (FindLiveObjects: 0.590300 ms CreateObjectMapping: 0.289900 ms MarkObjects: 3.484500 ms  DeleteObjects: 0.820900 ms)

Prepare: number of updated asset objects reloaded= 0
========================================================================
Received Prepare
Refreshing native plugins compatible for Editor in 0.70 ms, found 3 plugins.
Preloading 0 native plugins for Editor in 0.00 ms.
Unloading 0 Unused Serialized files (Serialized files now loaded: 0)
Unloading 3857 unused Assets / (0.9 MB). Loaded Objects now: 4426.
Memory consumption went from 91.6 MB to 90.7 MB.
Total: 5.589500 ms (FindLiveObjects: 0.562100 ms CreateObjectMapping: 0.602200 ms MarkObjects: 3.515400 ms  DeleteObjects: 0.909300 ms)

Prepare: number of updated asset objects reloaded= 0
========================================================================
Received Prepare
Begin MonoManager ReloadAssembly
[Licensing::Client] Successfully resolved entitlement details
- Loaded All Assemblies, in  0.627 seconds
Refreshing native plugins compatible for Editor in 0.95 ms, found 3 plugins.
Native extension for WindowsStandalone target not found
Native extension for WebGL target not found
[Package Manager] Failed to launch server process. Reason: Unity was launched with the -noUpm command-line argument
[Package Manager] Unable to send message (not connected to server process).
[Package Manager] Cannot connect to Unity Package Manager local server
Mono: successfully reloaded assembly
- Finished resetting the current domain, in  0.476 seconds
Domain Reload Profiling: 1095ms
	BeginReloadAssembly (221ms)
		ExecutionOrderSort (0ms)
		DisableScriptedObjects (6ms)
		BackupInstance (0ms)
		ReleaseScriptingObjects (0ms)
		CreateAndSetChildDomain (43ms)
	RebuildCommonClasses (33ms)
	RebuildNativeTypeToScriptingClass (14ms)
	initialDomainReloadingComplete (33ms)
	LoadAllAssembliesAndSetupDomain (318ms)
		LoadAssemblies (319ms)
		RebuildTransferFunctionScriptingTraits (0ms)
		AnalyzeDomain (121ms)
			TypeCache.Refresh (7ms)
				TypeCache.ScanAssembly (0ms)
			BuildScriptInfoCaches (103ms)
			ResolveRequiredComponents (5ms)
	FinalizeReload (476ms)
		ReleaseScriptCaches (0ms)
		RebuildScriptCaches (0ms)
		SetupLoadedEditorAssemblies (382ms)
			LogAssemblyErrors (0ms)
			InitializePlatformSupportModulesInManaged (2ms)
			SetLoadedEditorAssemblies (3ms)
			BeforeProcessingInitializeOnLoad (94ms)
			ProcessInitializeOnLoadAttributes (247ms)
			ProcessInitializeOnLoadMethodAttributes (17ms)
			AfterProcessingInitializeOnLoad (19ms)
			EditorAssembliesLoaded (0ms)
		ExecutionOrderSort2 (0ms)
		AwakeInstancesAfterBackupRestoration (5ms)
Refreshing native plugins compatible for Editor in 0.83 ms, found 3 plugins.
Preloading 0 native plugins for Editor in 0.00 ms.
Unloading 0 Unused Serialized files (Serialized files now loaded: 0)
Unloading 3863 unused Assets / (1.0 MB). Loaded Objects now: 4427.
Memory consumption went from 91.4 MB to 90.4 MB.
Total: 6.263800 ms (FindLiveObjects: 1.093300 ms CreateObjectMapping: 0.402500 ms MarkObjects: 3.836200 ms  DeleteObjects: 0.931100 ms)

Prepare: number of updated asset objects reloaded= 0
========================================================================
Received Prepare
Refreshing native plugins compatible for Editor in 1.22 ms, found 3 plugins.
Preloading 0 native plugins for Editor in 0.00 ms.
Unloading 0 Unused Serialized files (Serialized files now loaded: 0)
Unloading 3857 unused Assets / (0.9 MB). Loaded Objects now: 4427.
Memory consumption went from 91.6 MB to 90.7 MB.
Total: 7.135400 ms (FindLiveObjects: 0.636800 ms CreateObjectMapping: 0.557400 ms MarkObjects: 4.961300 ms  DeleteObjects: 0.978400 ms)

Prepare: number of updated asset objects reloaded= 0
========================================================================
Received Prepare
Begin MonoManager ReloadAssembly
- Loaded All Assemblies, in  0.601 seconds
Refreshing native plugins compatible for Editor in 1.06 ms, found 3 plugins.
Native extension for WindowsStandalone target not found
Native extension for WebGL target not found
[Package Manager] Failed to launch server process. Reason: Unity was launched with the -noUpm command-line argument
[Package Manager] Unable to send message (not connected to server process).
[Package Manager] Cannot connect to Unity Package Manager local server
Mono: successfully reloaded assembly
- Finished resetting the current domain, in  0.465 seconds
Domain Reload Profiling: 1057ms
	BeginReloadAssembly (209ms)
		ExecutionOrderSort (0ms)
		DisableScriptedObjects (4ms)
		BackupInstance (0ms)
		ReleaseScriptingObjects (0ms)
		CreateAndSetChildDomain (39ms)
	RebuildCommonClasses (30ms)
	RebuildNativeTypeToScriptingClass (9ms)
	initialDomainReloadingComplete (32ms)
	LoadAllAssembliesAndSetupDomain (311ms)
		LoadAssemblies (306ms)
		RebuildTransferFunctionScriptingTraits (0ms)
		AnalyzeDomain (124ms)
			TypeCache.Refresh (6ms)
				TypeCache.ScanAssembly (0ms)
			BuildScriptInfoCaches (111ms)
			ResolveRequiredComponents (4ms)
	FinalizeReload (466ms)
		ReleaseScriptCaches (0ms)
		RebuildScriptCaches (0ms)
		SetupLoadedEditorAssemblies (376ms)
			LogAssemblyErrors (0ms)
			InitializePlatformSupportModulesInManaged (3ms)
			SetLoadedEditorAssemblies (4ms)
			BeforeProcessingInitializeOnLoad (97ms)
			ProcessInitializeOnLoadAttributes (238ms)
			ProcessInitializeOnLoadMethodAttributes (15ms)
			AfterProcessingInitializeOnLoad (19ms)
			EditorAssembliesLoaded (0ms)
		ExecutionOrderSort2 (0ms)
		AwakeInstancesAfterBackupRestoration (6ms)
Refreshing native plugins compatible for Editor in 0.78 ms, found 3 plugins.
Preloading 0 native plugins for Editor in 0.00 ms.
Unloading 0 Unused Serialized files (Serialized files now loaded: 0)
Unloading 3863 unused Assets / (0.9 MB). Loaded Objects now: 4428.
Memory consumption went from 91.4 MB to 90.5 MB.
Total: 5.658400 ms (FindLiveObjects: 0.384500 ms CreateObjectMapping: 0.243200 ms MarkObjects: 3.913600 ms  DeleteObjects: 1.116700 ms)

Prepare: number of updated asset objects reloaded= 0
========================================================================
Received Prepare
Refreshing native plugins compatible for Editor in 0.79 ms, found 3 plugins.
Preloading 0 native plugins for Editor in 0.00 ms.
Unloading 0 Unused Serialized files (Serialized files now loaded: 0)
Unloading 3857 unused Assets / (0.8 MB). Loaded Objects now: 4428.
Memory consumption went from 91.6 MB to 90.8 MB.
Total: 6.066800 ms (FindLiveObjects: 0.610200 ms CreateObjectMapping: 0.530400 ms MarkObjects: 4.077700 ms  DeleteObjects: 0.848200 ms)

Prepare: number of updated asset objects reloaded= 0
========================================================================
Received Prepare
Begin MonoManager ReloadAssembly
- Loaded All Assemblies, in  0.622 seconds
Refreshing native plugins compatible for Editor in 0.75 ms, found 3 plugins.
Native extension for WindowsStandalone target not found
Native extension for WebGL target not found
[Package Manager] Failed to launch server process. Reason: Unity was launched with the -noUpm command-line argument
[Package Manager] Unable to send message (not connected to server process).
[Package Manager] Cannot connect to Unity Package Manager local server
Mono: successfully reloaded assembly
- Finished resetting the current domain, in  0.466 seconds
Domain Reload Profiling: 1080ms
	BeginReloadAssembly (201ms)
		ExecutionOrderSort (0ms)
		DisableScriptedObjects (4ms)
		BackupInstance (0ms)
		ReleaseScriptingObjects (0ms)
		CreateAndSetChildDomain (35ms)
	RebuildCommonClasses (37ms)
	RebuildNativeTypeToScriptingClass (11ms)
	initialDomainReloadingComplete (34ms)
	LoadAllAssembliesAndSetupDomain (330ms)
		LoadAssemblies (320ms)
		RebuildTransferFunctionScriptingTraits (0ms)
		AnalyzeDomain (126ms)
			TypeCache.Refresh (5ms)
				TypeCache.ScanAssembly (0ms)
			BuildScriptInfoCaches (114ms)
			ResolveRequiredComponents (3ms)
	FinalizeReload (467ms)
		ReleaseScriptCaches (0ms)
		RebuildScriptCaches (0ms)
		SetupLoadedEditorAssemblies (378ms)
			LogAssemblyErrors (0ms)
			InitializePlatformSupportModulesInManaged (2ms)
			SetLoadedEditorAssemblies (3ms)
			BeforeProcessingInitializeOnLoad (96ms)
			ProcessInitializeOnLoadAttributes (234ms)
			ProcessInitializeOnLoadMethodAttributes (24ms)
			AfterProcessingInitializeOnLoad (19ms)
			EditorAssembliesLoaded (0ms)
		ExecutionOrderSort2 (0ms)
		AwakeInstancesAfterBackupRestoration (5ms)
Refreshing native plugins compatible for Editor in 0.85 ms, found 3 plugins.
Preloading 0 native plugins for Editor in 0.00 ms.
Unloading 0 Unused Serialized files (Serialized files now loaded: 0)
Unloading 3863 unused Assets / (0.8 MB). Loaded Objects now: 4429.
Memory consumption went from 91.4 MB to 90.6 MB.
Total: 4.189300 ms (FindLiveObjects: 0.376300 ms CreateObjectMapping: 0.105100 ms MarkObjects: 2.961800 ms  DeleteObjects: 0.745400 ms)

Prepare: number of updated asset objects reloaded= 0
========================================================================
Received Prepare
Refreshing native plugins compatible for Editor in 0.71 ms, found 3 plugins.
Preloading 0 native plugins for Editor in 0.00 ms.
Unloading 0 Unused Serialized files (Serialized files now loaded: 0)
Unloading 3857 unused Assets / (0.8 MB). Loaded Objects now: 4429.
Memory consumption went from 91.6 MB to 90.8 MB.
Total: 4.862900 ms (FindLiveObjects: 0.382900 ms CreateObjectMapping: 0.118300 ms MarkObjects: 3.537700 ms  DeleteObjects: 0.823600 ms)

Prepare: number of updated asset objects reloaded= 0
========================================================================
Received Prepare
Begin MonoManager ReloadAssembly
- Loaded All Assemblies, in  0.625 seconds
Refreshing native plugins compatible for Editor in 1.17 ms, found 3 plugins.
Native extension for WindowsStandalone target not found
Native extension for WebGL target not found
[Package Manager] Failed to launch server process. Reason: Unity was launched with the -noUpm command-line argument
[Package Manager] Unable to send message (not connected to server process).
[Package Manager] Cannot connect to Unity Package Manager local server
Mono: successfully reloaded assembly
- Finished resetting the current domain, in  0.483 seconds
Domain Reload Profiling: 1099ms
	BeginReloadAssembly (203ms)
		ExecutionOrderSort (0ms)
		DisableScriptedObjects (6ms)
		BackupInstance (0ms)
		ReleaseScriptingObjects (0ms)
		CreateAndSetChildDomain (37ms)
	RebuildCommonClasses (34ms)
	RebuildNativeTypeToScriptingClass (13ms)
	initialDomainReloadingComplete (36ms)
	LoadAllAssembliesAndSetupDomain (330ms)
		LoadAssemblies (322ms)
		RebuildTransferFunctionScriptingTraits (0ms)
		AnalyzeDomain (124ms)
			TypeCache.Refresh (7ms)
				TypeCache.ScanAssembly (0ms)
			BuildScriptInfoCaches (110ms)
			ResolveRequiredComponents (4ms)
	FinalizeReload (483ms)
		ReleaseScriptCaches (0ms)
		RebuildScriptCaches (0ms)
		SetupLoadedEditorAssemblies (388ms)
			LogAssemblyErrors (0ms)
			InitializePlatformSupportModulesInManaged (2ms)
			SetLoadedEditorAssemblies (3ms)
			BeforeProcessingInitializeOnLoad (100ms)
			ProcessInitializeOnLoadAttributes (247ms)
			ProcessInitializeOnLoadMethodAttributes (17ms)
			AfterProcessingInitializeOnLoad (18ms)
			EditorAssembliesLoaded (0ms)
		ExecutionOrderSort2 (0ms)
		AwakeInstancesAfterBackupRestoration (6ms)
Refreshing native plugins compatible for Editor in 0.93 ms, found 3 plugins.
Preloading 0 native plugins for Editor in 0.00 ms.
Unloading 0 Unused Serialized files (Serialized files now loaded: 0)
Unloading 3863 unused Assets / (0.9 MB). Loaded Objects now: 4430.
Memory consumption went from 91.4 MB to 90.6 MB.
Total: 5.494100 ms (FindLiveObjects: 0.392900 ms CreateObjectMapping: 0.099800 ms MarkObjects: 3.953700 ms  DeleteObjects: 1.047000 ms)

Prepare: number of updated asset objects reloaded= 0
========================================================================
Received Prepare
Begin MonoManager ReloadAssembly
- Loaded All Assemblies, in  0.520 seconds
Refreshing native plugins compatible for Editor in 0.83 ms, found 3 plugins.
Native extension for WindowsStandalone target not found
Native extension for WebGL target not found
[Package Manager] Failed to launch server process. Reason: Unity was launched with the -noUpm command-line argument
[Package Manager] Unable to send message (not connected to server process).
[Package Manager] Cannot connect to Unity Package Manager local server
Mono: successfully reloaded assembly
- Finished resetting the current domain, in  0.461 seconds
Domain Reload Profiling: 975ms
	BeginReloadAssembly (175ms)
		ExecutionOrderSort (0ms)
		DisableScriptedObjects (4ms)
		BackupInstance (0ms)
		ReleaseScriptingObjects (0ms)
		CreateAndSetChildDomain (33ms)
	RebuildCommonClasses (29ms)
	RebuildNativeTypeToScriptingClass (11ms)
	initialDomainReloadingComplete (30ms)
	LoadAllAssembliesAndSetupDomain (269ms)
		LoadAssemblies (261ms)
		RebuildTransferFunctionScriptingTraits (0ms)
		AnalyzeDomain (105ms)
			TypeCache.Refresh (5ms)
				TypeCache.ScanAssembly (0ms)
			BuildScriptInfoCaches (94ms)
			ResolveRequiredComponents (3ms)
	FinalizeReload (461ms)
		ReleaseScriptCaches (0ms)
		RebuildScriptCaches (0ms)
		SetupLoadedEditorAssemblies (374ms)
			LogAssemblyErrors (0ms)
			InitializePlatformSupportModulesInManaged (2ms)
			SetLoadedEditorAssemblies (3ms)
			BeforeProcessingInitializeOnLoad (93ms)
			ProcessInitializeOnLoadAttributes (243ms)
			ProcessInitializeOnLoadMethodAttributes (17ms)
			AfterProcessingInitializeOnLoad (16ms)
			EditorAssembliesLoaded (0ms)
		ExecutionOrderSort2 (0ms)
		AwakeInstancesAfterBackupRestoration (5ms)
Refreshing native plugins compatible for Editor in 0.83 ms, found 3 plugins.
Preloading 0 native plugins for Editor in 0.00 ms.
Unloading 0 Unused Serialized files (Serialized files now loaded: 0)
Unloading 3863 unused Assets / (1.0 MB). Loaded Objects now: 4431.
Memory consumption went from 91.4 MB to 90.5 MB.
Total: 5.451100 ms (FindLiveObjects: 0.398500 ms CreateObjectMapping: 0.333200 ms MarkObjects: 3.861500 ms  DeleteObjects: 0.856800 ms)

Prepare: number of updated asset objects reloaded= 0
========================================================================
Received Prepare
Begin MonoManager ReloadAssembly
[Licensing::Client] Successfully resolved entitlement details
- Loaded All Assemblies, in  0.495 seconds
Refreshing native plugins compatible for Editor in 0.72 ms, found 3 plugins.
Native extension for WindowsStandalone target not found
Native extension for WebGL target not found
[Package Manager] Failed to launch server process. Reason: Unity was launched with the -noUpm command-line argument
[Package Manager] Unable to send message (not connected to server process).
[Package Manager] Cannot connect to Unity Package Manager local server
Mono: successfully reloaded assembly
- Finished resetting the current domain, in  0.410 seconds
Domain Reload Profiling: 900ms
	BeginReloadAssembly (174ms)
		ExecutionOrderSort (0ms)
		DisableScriptedObjects (5ms)
		BackupInstance (0ms)
		ReleaseScriptingObjects (0ms)
		CreateAndSetChildDomain (32ms)
	RebuildCommonClasses (25ms)
	RebuildNativeTypeToScriptingClass (9ms)
	initialDomainReloadingComplete (26ms)
	LoadAllAssembliesAndSetupDomain (256ms)
		LoadAssemblies (256ms)
		RebuildTransferFunctionScriptingTraits (0ms)
		AnalyzeDomain (94ms)
			TypeCache.Refresh (4ms)
				TypeCache.ScanAssembly (0ms)
			BuildScriptInfoCaches (84ms)
			ResolveRequiredComponents (3ms)
	FinalizeReload (410ms)
		ReleaseScriptCaches (0ms)
		RebuildScriptCaches (0ms)
		SetupLoadedEditorAssemblies (332ms)
			LogAssemblyErrors (0ms)
			InitializePlatformSupportModulesInManaged (3ms)
			SetLoadedEditorAssemblies (3ms)
			BeforeProcessingInitializeOnLoad (81ms)
			ProcessInitializeOnLoadAttributes (211ms)
			ProcessInitializeOnLoadMethodAttributes (18ms)
			AfterProcessingInitializeOnLoad (16ms)
			EditorAssembliesLoaded (0ms)
		ExecutionOrderSort2 (0ms)
		AwakeInstancesAfterBackupRestoration (5ms)
Refreshing native plugins compatible for Editor in 1.16 ms, found 3 plugins.
Preloading 0 native plugins for Editor in 0.00 ms.
Unloading 0 Unused Serialized files (Serialized files now loaded: 0)
Unloading 3863 unused Assets / (0.8 MB). Loaded Objects now: 4432.
Memory consumption went from 91.4 MB to 90.6 MB.
Total: 4.679400 ms (FindLiveObjects: 0.391300 ms CreateObjectMapping: 0.254100 ms MarkObjects: 3.362500 ms  DeleteObjects: 0.670900 ms)

Prepare: number of updated asset objects reloaded= 0
========================================================================
Received Prepare
Begin MonoManager ReloadAssembly
- Loaded All Assemblies, in  0.497 seconds
Refreshing native plugins compatible for Editor in 0.72 ms, found 3 plugins.
Native extension for WindowsStandalone target not found
Native extension for WebGL target not found
[Package Manager] Failed to launch server process. Reason: Unity was launched with the -noUpm command-line argument
[Package Manager] Unable to send message (not connected to server process).
[Package Manager] Cannot connect to Unity Package Manager local server
Mono: successfully reloaded assembly
- Finished resetting the current domain, in  0.402 seconds
Domain Reload Profiling: 892ms
	BeginReloadAssembly (169ms)
		ExecutionOrderSort (0ms)
		DisableScriptedObjects (4ms)
		BackupInstance (0ms)
		ReleaseScriptingObjects (0ms)
		CreateAndSetChildDomain (31ms)
	RebuildCommonClasses (25ms)
	RebuildNativeTypeToScriptingClass (9ms)
	initialDomainReloadingComplete (31ms)
	LoadAllAssembliesAndSetupDomain (256ms)
		LoadAssemblies (259ms)
		RebuildTransferFunctionScriptingTraits (0ms)
		AnalyzeDomain (92ms)
			TypeCache.Refresh (4ms)
				TypeCache.ScanAssembly (0ms)
			BuildScriptInfoCaches (83ms)
			ResolveRequiredComponents (3ms)
	FinalizeReload (402ms)
		ReleaseScriptCaches (0ms)
		RebuildScriptCaches (0ms)
		SetupLoadedEditorAssemblies (324ms)
			LogAssemblyErrors (0ms)
			InitializePlatformSupportModulesInManaged (2ms)
			SetLoadedEditorAssemblies (3ms)
			BeforeProcessingInitializeOnLoad (73ms)
			ProcessInitializeOnLoadAttributes (211ms)
			ProcessInitializeOnLoadMethodAttributes (20ms)
			AfterProcessingInitializeOnLoad (15ms)
			EditorAssembliesLoaded (0ms)
		ExecutionOrderSort2 (0ms)
		AwakeInstancesAfterBackupRestoration (6ms)
Refreshing native plugins compatible for Editor in 1.01 ms, found 3 plugins.
Preloading 0 native plugins for Editor in 0.00 ms.
Unloading 0 Unused Serialized files (Serialized files now loaded: 0)
Unloading 3863 unused Assets / (0.8 MB). Loaded Objects now: 4433.
Memory consumption went from 91.5 MB to 90.6 MB.
Total: 5.901200 ms (FindLiveObjects: 0.449200 ms CreateObjectMapping: 0.291200 ms MarkObjects: 4.419100 ms  DeleteObjects: 0.740700 ms)

Prepare: number of updated asset objects reloaded= 0
========================================================================
Received Prepare
Begin MonoManager ReloadAssembly
- Loaded All Assemblies, in  0.509 seconds
Refreshing native plugins compatible for Editor in 0.75 ms, found 3 plugins.
Native extension for WindowsStandalone target not found
Native extension for WebGL target not found
[Package Manager] Failed to launch server process. Reason: Unity was launched with the -noUpm command-line argument
[Package Manager] Unable to send message (not connected to server process).
[Package Manager] Cannot connect to Unity Package Manager local server
Mono: successfully reloaded assembly
- Finished resetting the current domain, in  0.403 seconds
Domain Reload Profiling: 906ms
	BeginReloadAssembly (177ms)
		ExecutionOrderSort (0ms)
		DisableScriptedObjects (4ms)
		BackupInstance (0ms)
		ReleaseScriptingObjects (0ms)
		CreateAndSetChildDomain (34ms)
	RebuildCommonClasses (26ms)
	RebuildNativeTypeToScriptingClass (9ms)
	initialDomainReloadingComplete (28ms)
	LoadAllAssembliesAndSetupDomain (263ms)
		LoadAssemblies (267ms)
		RebuildTransferFunctionScriptingTraits (0ms)
		AnalyzeDomain (94ms)
			TypeCache.Refresh (4ms)
				TypeCache.ScanAssembly (0ms)
			BuildScriptInfoCaches (84ms)
			ResolveRequiredComponents (3ms)
	FinalizeReload (403ms)
		ReleaseScriptCaches (0ms)
		RebuildScriptCaches (0ms)
		SetupLoadedEditorAssemblies (327ms)
			LogAssemblyErrors (0ms)
			InitializePlatformSupportModulesInManaged (2ms)
			SetLoadedEditorAssemblies (3ms)
			BeforeProcessingInitializeOnLoad (74ms)
			ProcessInitializeOnLoadAttributes (217ms)
			ProcessInitializeOnLoadMethodAttributes (17ms)
			AfterProcessingInitializeOnLoad (14ms)
			EditorAssembliesLoaded (0ms)
		ExecutionOrderSort2 (0ms)
		AwakeInstancesAfterBackupRestoration (5ms)
Refreshing native plugins compatible for Editor in 0.76 ms, found 3 plugins.
Preloading 0 native plugins for Editor in 0.00 ms.
Unloading 0 Unused Serialized files (Serialized files now loaded: 0)
Unloading 3863 unused Assets / (0.9 MB). Loaded Objects now: 4434.
Memory consumption went from 91.5 MB to 90.6 MB.
Total: 5.747400 ms (FindLiveObjects: 0.399900 ms CreateObjectMapping: 0.343600 ms MarkObjects: 4.064100 ms  DeleteObjects: 0.938900 ms)

Prepare: number of updated asset objects reloaded= 0
========================================================================
Received Prepare
Begin MonoManager ReloadAssembly
[Licensing::Client] Successfully resolved entitlement details
- Loaded All Assemblies, in  0.529 seconds
Refreshing native plugins compatible for Editor in 0.64 ms, found 3 plugins.
Native extension for WindowsStandalone target not found
Native extension for WebGL target not found
[Package Manager] Failed to launch server process. Reason: Unity was launched with the -noUpm command-line argument
[Package Manager] Unable to send message (not connected to server process).
[Package Manager] Cannot connect to Unity Package Manager local server
Mono: successfully reloaded assembly
- Finished resetting the current domain, in  0.403 seconds
Domain Reload Profiling: 925ms
	BeginReloadAssembly (179ms)
		ExecutionOrderSort (0ms)
		DisableScriptedObjects (5ms)
		BackupInstance (0ms)
		ReleaseScriptingObjects (0ms)
		CreateAndSetChildDomain (32ms)
	RebuildCommonClasses (27ms)
	RebuildNativeTypeToScriptingClass (9ms)
	initialDomainReloadingComplete (29ms)
	LoadAllAssembliesAndSetupDomain (278ms)
		LoadAssemblies (273ms)
		RebuildTransferFunctionScriptingTraits (0ms)
		AnalyzeDomain (101ms)
			TypeCache.Refresh (4ms)
				TypeCache.ScanAssembly (0ms)
			BuildScriptInfoCaches (92ms)
			ResolveRequiredComponents (3ms)
	FinalizeReload (403ms)
		ReleaseScriptCaches (0ms)
		RebuildScriptCaches (0ms)
		SetupLoadedEditorAssemblies (325ms)
			LogAssemblyErrors (0ms)
			InitializePlatformSupportModulesInManaged (2ms)
			SetLoadedEditorAssemblies (4ms)
			BeforeProcessingInitializeOnLoad (83ms)
			ProcessInitializeOnLoadAttributes (204ms)
			ProcessInitializeOnLoadMethodAttributes (18ms)
			AfterProcessingInitializeOnLoad (14ms)
			EditorAssembliesLoaded (0ms)
		ExecutionOrderSort2 (0ms)
		AwakeInstancesAfterBackupRestoration (5ms)
Refreshing native plugins compatible for Editor in 0.72 ms, found 3 plugins.
Preloading 0 native plugins for Editor in 0.00 ms.
Unloading 0 Unused Serialized files (Serialized files now loaded: 0)
Unloading 3863 unused Assets / (0.7 MB). Loaded Objects now: 4435.
Memory consumption went from 91.5 MB to 90.7 MB.
Total: 4.560200 ms (FindLiveObjects: 0.411200 ms CreateObjectMapping: 0.330200 ms MarkObjects: 3.277400 ms  DeleteObjects: 0.540500 ms)

Prepare: number of updated asset objects reloaded= 0
========================================================================
Received Import Request.
  Time since last request: 916.479216 seconds.
  path: Assets/Prefabs/Building Assortments/BuildingAssortment_1.prefab
  artifactKey: Guid(eef81b63cfd6d804cb3c655b7df6cfa9) Importer(815301076,1909f56bfc062723c751e8b465ee728b)
Start importing Assets/Prefabs/Building Assortments/BuildingAssortment_1.prefab using Guid(eef81b63cfd6d804cb3c655b7df6cfa9) Importer(815301076,1909f56bfc062723c751e8b465ee728b) (PreviewImporter) -> (artifact id: 'a647e178c2ebf63c05fd98b6852af5e8') in 0.1203994 seconds
Number of updated asset objects reloaded before import = 0Number of asset objects unloaded after import = 144

========================================================================
Received Import Request.
  Time since last request: 28.776807 seconds.
  path: Assets/SimplePoly City - Low Poly Assets/Prefab/Natures
  artifactKey: Guid(94e8f44afd4ace94ea59afec7166ff0e) Importer(815301076,1909f56bfc062723c751e8b465ee728b)
Start importing Assets/SimplePoly City - Low Poly Assets/Prefab/Natures using Guid(94e8f44afd4ace94ea59afec7166ff0e) Importer(815301076,1909f56bfc062723c751e8b465ee728b) (PreviewImporter) -> (artifact id: 'c86aa39238b23c2c484fda05b1da95f9') in 0.0004335 seconds
Number of updated asset objects reloaded before import = 0Number of asset objects unloaded after import = 0

========================================================================
Received Import Request.
  Time since last request: 0.083390 seconds.
  path: Assets/SimplePoly City - Low Poly Assets/Prefab/Natures/Natures_Big Tree.prefab
  artifactKey: Guid(b82e76f4092b7d24aaeecddf36fe8d3b) Importer(815301076,1909f56bfc062723c751e8b465ee728b)
Start importing Assets/SimplePoly City - Low Poly Assets/Prefab/Natures/Natures_Big Tree.prefab using Guid(b82e76f4092b7d24aaeecddf36fe8d3b) Importer(815301076,1909f56bfc062723c751e8b465ee728b) (PreviewImporter) -> (artifact id: 'f11723578dbbf6c8ecb815e38bc0a720') in 0.012551 seconds
Number of updated asset objects reloaded before import = 0Number of asset objects unloaded after import = 9

========================================================================
Received Import Request.
  Time since last request: 0.000017 seconds.
  path: Assets/SimplePoly City - Low Poly Assets/Prefab/Natures/Natures_Fir Tree.prefab
  artifactKey: Guid(2509cc5763ca17f4598bf61fd585a93e) Importer(815301076,1909f56bfc062723c751e8b465ee728b)
Start importing Assets/SimplePoly City - Low Poly Assets/Prefab/Natures/Natures_Fir Tree.prefab using Guid(2509cc5763ca17f4598bf61fd585a93e) Importer(815301076,1909f56bfc062723c751e8b465ee728b) (PreviewImporter) -> (artifact id: '5485767cfe2c1c5f0b6d678078cbc32d') in 0.0150197 seconds
Number of updated asset objects reloaded before import = 0Number of asset objects unloaded after import = 9

========================================================================
Received Import Request.
  Time since last request: 0.000015 seconds.
  path: Assets/SimplePoly City - Low Poly Assets/Prefab/Natures/Natures_Rock_Big.prefab
  artifactKey: Guid(dac1a631b172e66469fb09e9987bcf57) Importer(815301076,1909f56bfc062723c751e8b465ee728b)
Start importing Assets/SimplePoly City - Low Poly Assets/Prefab/Natures/Natures_Rock_Big.prefab using Guid(dac1a631b172e66469fb09e9987bcf57) Importer(815301076,1909f56bfc062723c751e8b465ee728b) (PreviewImporter) -> (artifact id: '4d75e4e2d61981be2871f0d0ce3853f1') in 0.0136588 seconds
Number of updated asset objects reloaded before import = 0Number of asset objects unloaded after import = 9

========================================================================
Received Import Request.
  Time since last request: 0.000016 seconds.
  path: Assets/SimplePoly City - Low Poly Assets/Prefab/Natures/Natures_Pot Bush_small.prefab
  artifactKey: Guid(800befcc62026a34693972077c91698d) Importer(815301076,1909f56bfc062723c751e8b465ee728b)
Start importing Assets/SimplePoly City - Low Poly Assets/Prefab/Natures/Natures_Pot Bush_small.prefab using Guid(800befcc62026a34693972077c91698d) Importer(815301076,1909f56bfc062723c751e8b465ee728b) (PreviewImporter) -> (artifact id: '31fcef7f0d59196b6b83ec33e6f40cb0') in 0.0190937 seconds
Number of updated asset objects reloaded before import = 0Number of asset objects unloaded after import = 9

========================================================================
Received Import Request.
  Time since last request: 0.000018 seconds.
  path: Assets/SimplePoly City - Low Poly Assets/Prefab/Natures/Natures_Grass Tile.prefab
  artifactKey: Guid(b74c48c2e73e17c418c9394124b75daf) Importer(815301076,1909f56bfc062723c751e8b465ee728b)
Start importing Assets/SimplePoly City - Low Poly Assets/Prefab/Natures/Natures_Grass Tile.prefab using Guid(b74c48c2e73e17c418c9394124b75daf) Importer(815301076,1909f56bfc062723c751e8b465ee728b) (PreviewImporter) -> (artifact id: '51b05262d509810069bcce9265219a55') in 0.0202685 seconds
Number of updated asset objects reloaded before import = 0Number of asset objects unloaded after import = 9

========================================================================
Received Import Request.
  Time since last request: 0.000017 seconds.
  path: Assets/SimplePoly City - Low Poly Assets/Prefab/Natures/Natures_Grass Bar.prefab
  artifactKey: Guid(c07ada992c3586e4dbf557bc4b8718cf) Importer(815301076,1909f56bfc062723c751e8b465ee728b)
Start importing Assets/SimplePoly City - Low Poly Assets/Prefab/Natures/Natures_Grass Bar.prefab using Guid(c07ada992c3586e4dbf557bc4b8718cf) Importer(815301076,1909f56bfc062723c751e8b465ee728b) (PreviewImporter) -> (artifact id: '1073859240f9ca768afa89b5364af6d9') in 0.0264067 seconds
Number of updated asset objects reloaded before import = 0Number of asset objects unloaded after import = 9

========================================================================
Received Import Request.
  Time since last request: 0.000014 seconds.
  path: Assets/SimplePoly City - Low Poly Assets/Prefab/Natures/Natures_Pot Bush_big.prefab
  artifactKey: Guid(0ee6d569ec3227e40888e8151b331e0f) Importer(815301076,1909f56bfc062723c751e8b465ee728b)
Start importing Assets/SimplePoly City - Low Poly Assets/Prefab/Natures/Natures_Pot Bush_big.prefab using Guid(0ee6d569ec3227e40888e8151b331e0f) Importer(815301076,1909f56bfc062723c751e8b465ee728b) (PreviewImporter) -> (artifact id: 'ff395a14c437dc42fa1679a895823667') in 0.0195791 seconds
Number of updated asset objects reloaded before import = 0Number of asset objects unloaded after import = 9

========================================================================
Received Import Request.
  Time since last request: 0.000014 seconds.
  path: Assets/SimplePoly City - Low Poly Assets/Prefab/Natures/Natures_Grass Fence.prefab
  artifactKey: Guid(b14aef9a05449784da6735de9ec90b24) Importer(815301076,1909f56bfc062723c751e8b465ee728b)
Start importing Assets/SimplePoly City - Low Poly Assets/Prefab/Natures/Natures_Grass Fence.prefab using Guid(b14aef9a05449784da6735de9ec90b24) Importer(815301076,1909f56bfc062723c751e8b465ee728b) (PreviewImporter) -> (artifact id: 'f4fc5af867a6e1d0db2b8b8e429b2e3b') in 0.0225685 seconds
Number of updated asset objects reloaded before import = 0Number of asset objects unloaded after import = 9

========================================================================
Received Import Request.
  Time since last request: 0.000014 seconds.
  path: Assets/SimplePoly City - Low Poly Assets/Prefab/Natures/Natures_Cube Tree.prefab
  artifactKey: Guid(8b680e0f7699a254c84ed6737b7eb53d) Importer(815301076,1909f56bfc062723c751e8b465ee728b)
Start importing Assets/SimplePoly City - Low Poly Assets/Prefab/Natures/Natures_Cube Tree.prefab using Guid(8b680e0f7699a254c84ed6737b7eb53d) Importer(815301076,1909f56bfc062723c751e8b465ee728b) (PreviewImporter) -> (artifact id: '5ef83396385fed3af66616003696f37d') in 0.0173557 seconds
Number of updated asset objects reloaded before import = 0Number of asset objects unloaded after import = 9

========================================================================
Received Import Request.
  Time since last request: 0.000020 seconds.
  path: Assets/SimplePoly City - Low Poly Assets/Prefab/Natures/Natures_Rock_small.prefab
  artifactKey: Guid(9ec25066ec33fa84d9227e27c5f5a8a0) Importer(815301076,1909f56bfc062723c751e8b465ee728b)
Start importing Assets/SimplePoly City - Low Poly Assets/Prefab/Natures/Natures_Rock_small.prefab using Guid(9ec25066ec33fa84d9227e27c5f5a8a0) Importer(815301076,1909f56bfc062723c751e8b465ee728b) (PreviewImporter) -> (artifact id: 'ea809b19155c21a9c3a8d78d6f27c6e2') in 0.0196365 seconds
Number of updated asset objects reloaded before import = 0Number of asset objects unloaded after import = 9

========================================================================
Received Import Request.
  Time since last request: 0.000021 seconds.
  path: Assets/SimplePoly City - Low Poly Assets/Prefab/Natures/Natures_Bush_02.prefab
  artifactKey: Guid(f75f232634166cc459a69e7fd7a30880) Importer(815301076,1909f56bfc062723c751e8b465ee728b)
Start importing Assets/SimplePoly City - Low Poly Assets/Prefab/Natures/Natures_Bush_02.prefab using Guid(f75f232634166cc459a69e7fd7a30880) Importer(815301076,1909f56bfc062723c751e8b465ee728b) (PreviewImporter) -> (artifact id: 'e1fae4786541ca18ef3cf6f032b771dc') in 0.0225866 seconds
Number of updated asset objects reloaded before import = 0Number of asset objects unloaded after import = 9

Editor requested this worker to shutdown with reason: Scaling down because of idle timeout
AssetImportWorker is now disconnected from the server
Process exiting
Exiting without the bug reporter. Application will terminate with return code 0