[Licensing::Module] Trying to connect to existing licensing client channel...
[Licensing::IpcConnector] Successfully connected to: "LicenseClient-tjsti" at "2025-11-18T11:21:32.3496595Z"
Built from '6000.2/staging' branch; Version is '6000.2.10f1 (d3d30d158480) revision 13882125'; Using compiler version '194234433'; Build Type 'Release'
OS: 'Windows 11  (10.0.26200) 64bit Core' Language: 'en' Physical Memory: 31907 MB
BatchMode: 1, IsHumanControllingUs: 0, StartBugReporterOnCrash: 0, Is64bit: 1
Date: 2025-11-18T11:21:32Z

COMMAND LINE ARGUMENTS:
C:\Program Files\Unity\Hub\Editor\6000.2.10f1\Editor\Unity.exe
-adb2
-batchMode
-noUpm
-name
AssetImportWorker4
-projectPath
D:/GitHub/Game_Off_2025_stiletj/Game_Off_2025_stiletj
-logFile
Logs/AssetImportWorker4.log
-srvPort
59909
-licensingIpc
LicenseClient-tjsti
-job-worker-count
5
-background-job-worker-count
8
-gc-helper-count
1
-name
AssetImport
Successfully changed project path to: D:/GitHub/Game_Off_2025_stiletj/Game_Off_2025_stiletj
D:/GitHub/Game_Off_2025_stiletj/Game_Off_2025_stiletj
[UnityMemory] Configuration Parameters - Can be set up in boot.config
    "memorysetup-allocator-temp-initial-block-size-main=262144"
    "memorysetup-allocator-temp-initial-block-size-worker=262144"
    "memorysetup-bucket-allocator-granularity=16"
    "memorysetup-bucket-allocator-bucket-count=8"
    "memorysetup-bucket-allocator-block-size=33554432"
    "memorysetup-bucket-allocator-block-count=8"
    "memorysetup-main-allocator-block-size=16777216"
    "memorysetup-thread-allocator-block-size=16777216"
    "memorysetup-gfx-main-allocator-block-size=16777216"
    "memorysetup-gfx-thread-allocator-block-size=16777216"
    "memorysetup-cache-allocator-block-size=4194304"
    "memorysetup-typetree-allocator-block-size=2097152"
    "memorysetup-profiler-bucket-allocator-granularity=16"
    "memorysetup-profiler-bucket-allocator-bucket-count=8"
    "memorysetup-profiler-bucket-allocator-block-size=33554432"
    "memorysetup-profiler-bucket-allocator-block-count=8"
    "memorysetup-profiler-allocator-block-size=16777216"
    "memorysetup-profiler-editor-allocator-block-size=1048576"
    "memorysetup-temp-allocator-size-main=16777216"
    "memorysetup-job-temp-allocator-block-size=2097152"
    "memorysetup-job-temp-allocator-block-size-background=1048576"
    "memorysetup-job-temp-allocator-reduction-small-platforms=262144"
    "memorysetup-temp-allocator-size-background-worker=32768"
    "memorysetup-temp-allocator-size-job-worker=262144"
    "memorysetup-temp-allocator-size-preload-manager=33554432"
    "memorysetup-temp-allocator-size-nav-mesh-worker=65536"
    "memorysetup-temp-allocator-size-audio-worker=65536"
    "memorysetup-temp-allocator-size-cloud-worker=32768"
    "memorysetup-temp-allocator-size-gi-baking-worker=262144"
    "memorysetup-temp-allocator-size-gi-baking-worker=262144"
    "memorysetup-temp-allocator-size-gi-baking-worker=262144"
    "memorysetup-temp-allocator-size-gi-baking-worker=262144"
    "memorysetup-temp-allocator-size-gi-baking-worker=262144"
    "memorysetup-temp-allocator-size-gfx=262144"
Player connection [13796]  Target information:

Player connection [13796]  * "[IP] 192.168.1.13 [Port] 0 [Flags] 2 [Guid] 1608011292 [EditorId] 1608011292 [Version] 1048832 [Id] WindowsEditor(7,DESKTOP-LF7TL84) [Debug] 1 [PackageName] WindowsEditor [ProjectName] Editor" 

Player connection [13796] Host joined multi-casting on [225.0.0.222:54997]...
Player connection [13796] Host joined alternative multi-casting on [225.0.0.222:34997]...
JobSystem: Creating JobQueue using job-worker-count value 5
Input System module state changed to: Initialized.
[Physics::Module] Initialized fallback backend.
[Physics::Module] Id: 0xdecafbad
[Licensing::Client] Code 10 while verifying Licensing Client signature (process Id: 28184, path: "E:/Program Files/Unity Hub/UnityLicensingClient_V1/Unity.Licensing.Client.exe")
[Licensing::Module] LicensingClient has failed validation; ignoring
[Licensing::Client] Handshaking with LicensingClient:
  Version:                 1.17.3+a4e98f1
  Session Id:              a1ac15347cee44928f2a4fe8bda3dc38
  Correlation Id:          b396f58723cb565a3c73b21274f2146c
  External correlation Id: 8728157848140904027
  Machine Id:              Yqc9Pp7mrMyHURR/lnWXCv168Ks=
[Licensing::Module] Successfully connected to LicensingClient on channel: "LicenseClient-tjsti" (connect: 0.00s, validation: 0.00s, handshake: 0.04s)
[Licensing::IpcConnector] Successfully connected to: "LicenseClient-tjsti-notifications" at "2025-11-18T11:21:32.3869648Z"
[Licensing::Module] Licensing Background thread has ended after 0.04s
Library Redirect Path: Library/
[Physics::Module] Selected backend.
[Physics::Module] Name: PhysX
[Physics::Module] Id: 0xf2b8ea05
[Physics::Module] SDK Version: 4.1.2
[Physics::Module] Integration Version: 1.0.0
[Physics::Module] Threading Mode: Multi-Threaded
Refreshing native plugins compatible for Editor in 2.36 ms, found 3 plugins.
Preloading 0 native plugins for Editor in 0.00 ms.
Initialize engine version: 6000.2.10f1 (d3d30d158480)
[Subsystems] Discovering subsystems at path C:/Program Files/Unity/Hub/Editor/6000.2.10f1/Editor/Data/Resources/UnitySubsystems
[Subsystems] Discovering subsystems at path D:/GitHub/Game_Off_2025_stiletj/Game_Off_2025_stiletj/Assets
GfxDevice: creating device client; kGfxThreadingModeNonThreaded
Direct3D:
    Version:  Direct3D 11.0 [level 11.1]
    Renderer: NVIDIA GeForce RTX 3060 Ti (ID=0x2489)
    Vendor:   NVIDIA
    VRAM:     8024 MB
    Driver:   32.0.15.8142
Initialize mono
Mono path[0] = 'C:/Program Files/Unity/Hub/Editor/6000.2.10f1/Editor/Data/Managed'
Mono path[1] = 'C:/Program Files/Unity/Hub/Editor/6000.2.10f1/Editor/Data/MonoBleedingEdge/lib/mono/unityjit-win32'
Mono config path = 'C:/Program Files/Unity/Hub/Editor/6000.2.10f1/Editor/Data/MonoBleedingEdge/etc'
Using monoOptions --debugger-agent=transport=dt_socket,embedding=1,server=y,suspend=n,address=127.0.0.1:56100
Begin MonoManager ReloadAssembly
Registering precompiled unity dll's ...
Register platform support module: C:/Program Files/Unity/Hub/Editor/6000.2.10f1/Editor/Data/PlaybackEngines/WebGLSupport/UnityEditor.WebGL.Extensions.dll
Register platform support module: C:/Program Files/Unity/Hub/Editor/6000.2.10f1/Editor/Data/PlaybackEngines/WindowsStandaloneSupport/UnityEditor.WindowsStandalone.Extensions.dll
Registered in 0.003994 seconds.
- Loaded All Assemblies, in  0.302 seconds
Native extension for WindowsStandalone target not found
Native extension for WebGL target not found
Mono: successfully reloaded assembly
- Finished resetting the current domain, in  0.198 seconds
Domain Reload Profiling: 494ms
	BeginReloadAssembly (108ms)
		ExecutionOrderSort (0ms)
		DisableScriptedObjects (0ms)
		BackupInstance (0ms)
		ReleaseScriptingObjects (0ms)
		CreateAndSetChildDomain (1ms)
	RebuildCommonClasses (27ms)
	RebuildNativeTypeToScriptingClass (9ms)
	initialDomainReloadingComplete (45ms)
	LoadAllAssembliesAndSetupDomain (107ms)
		LoadAssemblies (102ms)
		RebuildTransferFunctionScriptingTraits (0ms)
		AnalyzeDomain (104ms)
			TypeCache.Refresh (103ms)
				TypeCache.ScanAssembly (94ms)
			BuildScriptInfoCaches (0ms)
			ResolveRequiredComponents (0ms)
	FinalizeReload (198ms)
		ReleaseScriptCaches (0ms)
		RebuildScriptCaches (0ms)
		SetupLoadedEditorAssemblies (173ms)
			LogAssemblyErrors (0ms)
			InitializePlatformSupportModulesInManaged (37ms)
			SetLoadedEditorAssemblies (2ms)
			BeforeProcessingInitializeOnLoad (34ms)
			ProcessInitializeOnLoadAttributes (70ms)
			ProcessInitializeOnLoadMethodAttributes (29ms)
			AfterProcessingInitializeOnLoad (0ms)
			EditorAssembliesLoaded (0ms)
		ExecutionOrderSort2 (0ms)
		AwakeInstancesAfterBackupRestoration (0ms)
========================================================================
Worker process is ready to serve import requests
Import Worker Mode flag is 0x00
Begin MonoManager ReloadAssembly
[Licensing::Client] Successfully resolved entitlement details
[Licensing::Module] License group:
  Id: 16767583102591-UnityPersXXXX
  Product: Unity Personal
  Type: Assigned
  Expiration: Unlimited
- Loaded All Assemblies, in  0.496 seconds
Refreshing native plugins compatible for Editor in 1.14 ms, found 3 plugins.
Native extension for WindowsStandalone target not found
Native extension for WebGL target not found
Package Manager log level set to [2]
[Package Manager] Failed to launch server process. Reason: Unity was launched with the -noUpm command-line argument
[Package Manager] Unable to send message (not connected to server process).
[Package Manager] Cannot connect to Unity Package Manager local server
Mono: successfully reloaded assembly
- Finished resetting the current domain, in  0.352 seconds
Domain Reload Profiling: 840ms
	BeginReloadAssembly (140ms)
		ExecutionOrderSort (0ms)
		DisableScriptedObjects (4ms)
		BackupInstance (0ms)
		ReleaseScriptingObjects (0ms)
		CreateAndSetChildDomain (23ms)
	RebuildCommonClasses (23ms)
	RebuildNativeTypeToScriptingClass (8ms)
	initialDomainReloadingComplete (32ms)
	LoadAllAssembliesAndSetupDomain (285ms)
		LoadAssemblies (253ms)
		RebuildTransferFunctionScriptingTraits (0ms)
		AnalyzeDomain (113ms)
			TypeCache.Refresh (90ms)
				TypeCache.ScanAssembly (83ms)
			BuildScriptInfoCaches (18ms)
			ResolveRequiredComponents (3ms)
	FinalizeReload (352ms)
		ReleaseScriptCaches (0ms)
		RebuildScriptCaches (0ms)
		SetupLoadedEditorAssemblies (289ms)
			LogAssemblyErrors (0ms)
			InitializePlatformSupportModulesInManaged (2ms)
			SetLoadedEditorAssemblies (2ms)
			BeforeProcessingInitializeOnLoad (73ms)
			ProcessInitializeOnLoadAttributes (185ms)
			ProcessInitializeOnLoadMethodAttributes (14ms)
			AfterProcessingInitializeOnLoad (12ms)
			EditorAssembliesLoaded (0ms)
		ExecutionOrderSort2 (0ms)
		AwakeInstancesAfterBackupRestoration (4ms)
Launched and connected shader compiler UnityShaderCompiler.exe after 0.01 seconds
Refreshing native plugins compatible for Editor in 1.17 ms, found 3 plugins.
Preloading 0 native plugins for Editor in 0.00 ms.
Unloading 0 Unused Serialized files (Serialized files now loaded: 0)
Unloading 3865 unused Assets / (1.0 MB). Loaded Objects now: 4372.
Memory consumption went from 83.9 MB to 82.9 MB.
Total: 4.513400 ms (FindLiveObjects: 0.338000 ms CreateObjectMapping: 0.262500 ms MarkObjects: 3.205500 ms  DeleteObjects: 0.706900 ms)

========================================================================
Received Import Request.
  Time since last request: 419032.566863 seconds.
  path: Assets/Materials/Correct.mat
  artifactKey: Guid(e2cad1a6ee8ae1949b2b4a97dd1bf9f6) Importer(815301076,1909f56bfc062723c751e8b465ee728b)
Start importing Assets/Materials/Correct.mat using Guid(e2cad1a6ee8ae1949b2b4a97dd1bf9f6) Importer(815301076,1909f56bfc062723c751e8b465ee728b) (PreviewImporter) -> (artifact id: 'd13c255836ed8b0902c0b28d1947a31f') in 0.0783427 seconds
Number of updated asset objects reloaded before import = 0Number of asset objects unloaded after import = 1

========================================================================
Received Import Request.
  Time since last request: 0.876386 seconds.
  path: Assets/Materials/Correct.mat
  artifactKey: Guid(e2cad1a6ee8ae1949b2b4a97dd1bf9f6) Importer(2089858483,192608db42251d675da83286b1cce702)
Start importing Assets/Materials/Correct.mat using Guid(e2cad1a6ee8ae1949b2b4a97dd1bf9f6) Importer(2089858483,192608db42251d675da83286b1cce702) (ScriptedImporter) -> (artifact id: 'e5777a1e5e88f1bdebeca631adf0c37e') in 0.0615918 seconds
Number of updated asset objects reloaded before import = 0Number of asset objects unloaded after import = 1

========================================================================
Received Import Request.
  Time since last request: 1.870802 seconds.
  path: Assets/Materials/Correct 1.mat
  artifactKey: Guid(58bf745405b94fe479e3c9e9928390f5) Importer(815301076,1909f56bfc062723c751e8b465ee728b)
Start importing Assets/Materials/Correct 1.mat using Guid(58bf745405b94fe479e3c9e9928390f5) Importer(815301076,1909f56bfc062723c751e8b465ee728b) (PreviewImporter) -> (artifact id: '9cd3bec72391470a1627357f048042a2') in 0.0119851 seconds
Number of updated asset objects reloaded before import = 0Number of asset objects unloaded after import = 1

========================================================================
Received Import Request.
  Time since last request: 0.968849 seconds.
  path: Assets/Materials/Correct 1.mat
  artifactKey: Guid(58bf745405b94fe479e3c9e9928390f5) Importer(2089858483,192608db42251d675da83286b1cce702)
Start importing Assets/Materials/Correct 1.mat using Guid(58bf745405b94fe479e3c9e9928390f5) Importer(2089858483,192608db42251d675da83286b1cce702) (ScriptedImporter) -> (artifact id: '551bd4dc0607a313a434acef50939200') in 0.0116112 seconds
Number of updated asset objects reloaded before import = 0Number of asset objects unloaded after import = 1

========================================================================
Received Import Request.
  Time since last request: 6.055797 seconds.
  path: Assets/Materials/Incorrect.mat
  artifactKey: Guid(58bf745405b94fe479e3c9e9928390f5) Importer(815301076,1909f56bfc062723c751e8b465ee728b)
Start importing Assets/Materials/Incorrect.mat using Guid(58bf745405b94fe479e3c9e9928390f5) Importer(815301076,1909f56bfc062723c751e8b465ee728b) (PreviewImporter) -> (artifact id: '48730580c9cd418073d861f724ab88da') in 0.0125673 seconds
Number of updated asset objects reloaded before import = 0Number of asset objects unloaded after import = 1

========================================================================
Received Import Request.
  Time since last request: 0.969204 seconds.
  path: Assets/Materials/Incorrect.mat
  artifactKey: Guid(58bf745405b94fe479e3c9e9928390f5) Importer(2089858483,192608db42251d675da83286b1cce702)
Start importing Assets/Materials/Incorrect.mat using Guid(58bf745405b94fe479e3c9e9928390f5) Importer(2089858483,192608db42251d675da83286b1cce702) (ScriptedImporter) -> (artifact id: '4280a504999e3010a2a11fe6dbd907ee') in 0.0118676 seconds
Number of updated asset objects reloaded before import = 0Number of asset objects unloaded after import = 1

========================================================================
Received Import Request.
  Time since last request: 213.593197 seconds.
  path: Assets/Materials/Correct.mat
  artifactKey: Guid(e2cad1a6ee8ae1949b2b4a97dd1bf9f6) Importer(815301076,1909f56bfc062723c751e8b465ee728b)
Start importing Assets/Materials/Correct.mat using Guid(e2cad1a6ee8ae1949b2b4a97dd1bf9f6) Importer(815301076,1909f56bfc062723c751e8b465ee728b) (PreviewImporter) -> (artifact id: 'c5ba3714c54681f9f74ad8c60d365f0c') in 0.0217263 seconds
Number of updated asset objects reloaded before import = 0Number of asset objects unloaded after import = 1

========================================================================
Received Import Request.
  Time since last request: 0.943753 seconds.
  path: Assets/Materials/Correct.mat
  artifactKey: Guid(e2cad1a6ee8ae1949b2b4a97dd1bf9f6) Importer(2089858483,192608db42251d675da83286b1cce702)
Start importing Assets/Materials/Correct.mat using Guid(e2cad1a6ee8ae1949b2b4a97dd1bf9f6) Importer(2089858483,192608db42251d675da83286b1cce702) (ScriptedImporter) -> (artifact id: '7b051933ca16aaa03d63e9cf1af0af08') in 0.0121453 seconds
Number of updated asset objects reloaded before import = 0Number of asset objects unloaded after import = 1

========================================================================
Received Prepare
Refreshing native plugins compatible for Editor in 1.15 ms, found 3 plugins.
Preloading 0 native plugins for Editor in 0.00 ms.
Unloading 0 Unused Serialized files (Serialized files now loaded: 0)
Unloading 3857 unused Assets / (0.9 MB). Loaded Objects now: 4416.
Memory consumption went from 88.3 MB to 87.3 MB.
Total: 5.313300 ms (FindLiveObjects: 0.379600 ms CreateObjectMapping: 0.257100 ms MarkObjects: 3.873300 ms  DeleteObjects: 0.802700 ms)

Prepare: number of updated asset objects reloaded= 0
========================================================================
Received Import Request.
  Time since last request: 135.825410 seconds.
  path: Assets/Scripts/ArrowPuzzle.cs
  artifactKey: Guid(f245e87844d4397488a70ddd79925f8f) Importer(2089858483,192608db42251d675da83286b1cce702)
Start importing Assets/Scripts/ArrowPuzzle.cs using Guid(f245e87844d4397488a70ddd79925f8f) Importer(2089858483,192608db42251d675da83286b1cce702) (ScriptedImporter) -> (artifact id: 'f9b0c87a7facf0662767c1b1e78274be') in 0.0150697 seconds
Number of updated asset objects reloaded before import = 0Number of asset objects unloaded after import = 0

========================================================================
Received Prepare
Refreshing native plugins compatible for Editor in 1.47 ms, found 3 plugins.
Preloading 0 native plugins for Editor in 0.00 ms.
Unloading 0 Unused Serialized files (Serialized files now loaded: 0)
Unloading 3857 unused Assets / (0.9 MB). Loaded Objects now: 4416.
Memory consumption went from 88.3 MB to 87.3 MB.
Total: 6.191900 ms (FindLiveObjects: 0.654900 ms CreateObjectMapping: 0.224600 ms MarkObjects: 4.404400 ms  DeleteObjects: 0.907600 ms)

Prepare: number of updated asset objects reloaded= 0
========================================================================
Received Prepare
Begin MonoManager ReloadAssembly
[Licensing::Client] Successfully resolved entitlement details
- Loaded All Assemblies, in  0.703 seconds
Refreshing native plugins compatible for Editor in 1.47 ms, found 3 plugins.
Native extension for WindowsStandalone target not found
Native extension for WebGL target not found
[Package Manager] Failed to launch server process. Reason: Unity was launched with the -noUpm command-line argument
[Package Manager] Unable to send message (not connected to server process).
[Package Manager] Cannot connect to Unity Package Manager local server
Mono: successfully reloaded assembly
- Finished resetting the current domain, in  0.491 seconds
Domain Reload Profiling: 1183ms
	BeginReloadAssembly (229ms)
		ExecutionOrderSort (0ms)
		DisableScriptedObjects (5ms)
		BackupInstance (0ms)
		ReleaseScriptingObjects (0ms)
		CreateAndSetChildDomain (44ms)
	RebuildCommonClasses (35ms)
	RebuildNativeTypeToScriptingClass (12ms)
	initialDomainReloadingComplete (36ms)
	LoadAllAssembliesAndSetupDomain (380ms)
		LoadAssemblies (373ms)
		RebuildTransferFunctionScriptingTraits (0ms)
		AnalyzeDomain (131ms)
			TypeCache.Refresh (5ms)
				TypeCache.ScanAssembly (0ms)
			BuildScriptInfoCaches (119ms)
			ResolveRequiredComponents (4ms)
	FinalizeReload (492ms)
		ReleaseScriptCaches (0ms)
		RebuildScriptCaches (0ms)
		SetupLoadedEditorAssemblies (399ms)
			LogAssemblyErrors (0ms)
			InitializePlatformSupportModulesInManaged (2ms)
			SetLoadedEditorAssemblies (3ms)
			BeforeProcessingInitializeOnLoad (112ms)
			ProcessInitializeOnLoadAttributes (247ms)
			ProcessInitializeOnLoadMethodAttributes (19ms)
			AfterProcessingInitializeOnLoad (16ms)
			EditorAssembliesLoaded (0ms)
		ExecutionOrderSort2 (0ms)
		AwakeInstancesAfterBackupRestoration (5ms)
Refreshing native plugins compatible for Editor in 1.26 ms, found 3 plugins.
Preloading 0 native plugins for Editor in 0.00 ms.
Unloading 0 Unused Serialized files (Serialized files now loaded: 0)
Unloading 3863 unused Assets / (0.9 MB). Loaded Objects now: 4416.
Memory consumption went from 89.4 MB to 88.5 MB.
Total: 6.156400 ms (FindLiveObjects: 0.560400 ms CreateObjectMapping: 0.483900 ms MarkObjects: 4.212600 ms  DeleteObjects: 0.898900 ms)

Prepare: number of updated asset objects reloaded= 0
========================================================================
Received Prepare
Refreshing native plugins compatible for Editor in 1.13 ms, found 3 plugins.
Preloading 0 native plugins for Editor in 0.00 ms.
Unloading 0 Unused Serialized files (Serialized files now loaded: 0)
Unloading 3857 unused Assets / (0.7 MB). Loaded Objects now: 4416.
Memory consumption went from 89.6 MB to 88.9 MB.
Total: 4.693800 ms (FindLiveObjects: 0.377000 ms CreateObjectMapping: 0.248000 ms MarkObjects: 3.359000 ms  DeleteObjects: 0.709200 ms)

Prepare: number of updated asset objects reloaded= 0
========================================================================
Received Prepare
Begin MonoManager ReloadAssembly
- Loaded All Assemblies, in  0.655 seconds
Refreshing native plugins compatible for Editor in 1.80 ms, found 3 plugins.
Native extension for WindowsStandalone target not found
Native extension for WebGL target not found
[Package Manager] Failed to launch server process. Reason: Unity was launched with the -noUpm command-line argument
[Package Manager] Unable to send message (not connected to server process).
[Package Manager] Cannot connect to Unity Package Manager local server
Mono: successfully reloaded assembly
- Finished resetting the current domain, in  0.433 seconds
Domain Reload Profiling: 1077ms
	BeginReloadAssembly (213ms)
		ExecutionOrderSort (0ms)
		DisableScriptedObjects (4ms)
		BackupInstance (0ms)
		ReleaseScriptingObjects (0ms)
		CreateAndSetChildDomain (36ms)
	RebuildCommonClasses (31ms)
	RebuildNativeTypeToScriptingClass (13ms)
	initialDomainReloadingComplete (35ms)
	LoadAllAssembliesAndSetupDomain (352ms)
		LoadAssemblies (362ms)
		RebuildTransferFunctionScriptingTraits (0ms)
		AnalyzeDomain (112ms)
			TypeCache.Refresh (6ms)
				TypeCache.ScanAssembly (0ms)
			BuildScriptInfoCaches (100ms)
			ResolveRequiredComponents (3ms)
	FinalizeReload (434ms)
		ReleaseScriptCaches (0ms)
		RebuildScriptCaches (0ms)
		SetupLoadedEditorAssemblies (363ms)
			LogAssemblyErrors (0ms)
			InitializePlatformSupportModulesInManaged (2ms)
			SetLoadedEditorAssemblies (3ms)
			BeforeProcessingInitializeOnLoad (114ms)
			ProcessInitializeOnLoadAttributes (213ms)
			ProcessInitializeOnLoadMethodAttributes (14ms)
			AfterProcessingInitializeOnLoad (17ms)
			EditorAssembliesLoaded (0ms)
		ExecutionOrderSort2 (0ms)
		AwakeInstancesAfterBackupRestoration (6ms)
Refreshing native plugins compatible for Editor in 1.75 ms, found 3 plugins.
Preloading 0 native plugins for Editor in 0.00 ms.
Unloading 0 Unused Serialized files (Serialized files now loaded: 0)
Unloading 3863 unused Assets / (0.7 MB). Loaded Objects now: 4417.
Memory consumption went from 89.4 MB to 88.7 MB.
Total: 4.811600 ms (FindLiveObjects: 0.642100 ms CreateObjectMapping: 0.470700 ms MarkObjects: 3.018800 ms  DeleteObjects: 0.679200 ms)

Prepare: number of updated asset objects reloaded= 0
========================================================================
Received Prepare
Refreshing native plugins compatible for Editor in 1.47 ms, found 3 plugins.
Preloading 0 native plugins for Editor in 0.00 ms.
Unloading 0 Unused Serialized files (Serialized files now loaded: 0)
Unloading 3857 unused Assets / (0.8 MB). Loaded Objects now: 4417.
Memory consumption went from 89.6 MB to 88.8 MB.
Total: 6.133600 ms (FindLiveObjects: 0.635600 ms CreateObjectMapping: 0.495200 ms MarkObjects: 4.157900 ms  DeleteObjects: 0.844200 ms)

Prepare: number of updated asset objects reloaded= 0
========================================================================
Received Prepare
Begin MonoManager ReloadAssembly
- Loaded All Assemblies, in  0.671 seconds
Refreshing native plugins compatible for Editor in 1.34 ms, found 3 plugins.
Native extension for WindowsStandalone target not found
Native extension for WebGL target not found
[Package Manager] Failed to launch server process. Reason: Unity was launched with the -noUpm command-line argument
[Package Manager] Unable to send message (not connected to server process).
[Package Manager] Cannot connect to Unity Package Manager local server
Mono: successfully reloaded assembly
- Finished resetting the current domain, in  0.478 seconds
Domain Reload Profiling: 1137ms
	BeginReloadAssembly (221ms)
		ExecutionOrderSort (0ms)
		DisableScriptedObjects (5ms)
		BackupInstance (0ms)
		ReleaseScriptingObjects (0ms)
		CreateAndSetChildDomain (35ms)
	RebuildCommonClasses (46ms)
	RebuildNativeTypeToScriptingClass (9ms)
	initialDomainReloadingComplete (33ms)
	LoadAllAssembliesAndSetupDomain (349ms)
		LoadAssemblies (365ms)
		RebuildTransferFunctionScriptingTraits (0ms)
		AnalyzeDomain (114ms)
			TypeCache.Refresh (7ms)
				TypeCache.ScanAssembly (0ms)
			BuildScriptInfoCaches (100ms)
			ResolveRequiredComponents (4ms)
	FinalizeReload (479ms)
		ReleaseScriptCaches (0ms)
		RebuildScriptCaches (0ms)
		SetupLoadedEditorAssemblies (385ms)
			LogAssemblyErrors (0ms)
			InitializePlatformSupportModulesInManaged (3ms)
			SetLoadedEditorAssemblies (3ms)
			BeforeProcessingInitializeOnLoad (121ms)
			ProcessInitializeOnLoadAttributes (221ms)
			ProcessInitializeOnLoadMethodAttributes (19ms)
			AfterProcessingInitializeOnLoad (18ms)
			EditorAssembliesLoaded (0ms)
		ExecutionOrderSort2 (0ms)
		AwakeInstancesAfterBackupRestoration (5ms)
Refreshing native plugins compatible for Editor in 1.37 ms, found 3 plugins.
Preloading 0 native plugins for Editor in 0.00 ms.
Unloading 0 Unused Serialized files (Serialized files now loaded: 0)
Unloading 3863 unused Assets / (0.6 MB). Loaded Objects now: 4418.
Memory consumption went from 89.4 MB to 88.8 MB.
Total: 4.094300 ms (FindLiveObjects: 0.373700 ms CreateObjectMapping: 0.121500 ms MarkObjects: 2.992300 ms  DeleteObjects: 0.606500 ms)

Prepare: number of updated asset objects reloaded= 0
========================================================================
Received Prepare
Refreshing native plugins compatible for Editor in 1.72 ms, found 3 plugins.
Preloading 0 native plugins for Editor in 0.00 ms.
Unloading 0 Unused Serialized files (Serialized files now loaded: 0)
Unloading 3857 unused Assets / (0.8 MB). Loaded Objects now: 4418.
Memory consumption went from 89.6 MB to 88.8 MB.
Total: 5.689100 ms (FindLiveObjects: 0.648600 ms CreateObjectMapping: 0.453000 ms MarkObjects: 3.778900 ms  DeleteObjects: 0.807700 ms)

Prepare: number of updated asset objects reloaded= 0
========================================================================
Received Prepare
Begin MonoManager ReloadAssembly
- Loaded All Assemblies, in  0.652 seconds
Refreshing native plugins compatible for Editor in 1.80 ms, found 3 plugins.
Native extension for WindowsStandalone target not found
Native extension for WebGL target not found
[Package Manager] Failed to launch server process. Reason: Unity was launched with the -noUpm command-line argument
[Package Manager] Unable to send message (not connected to server process).
[Package Manager] Cannot connect to Unity Package Manager local server
Mono: successfully reloaded assembly
- Finished resetting the current domain, in  0.467 seconds
Domain Reload Profiling: 1108ms
	BeginReloadAssembly (222ms)
		ExecutionOrderSort (0ms)
		DisableScriptedObjects (5ms)
		BackupInstance (0ms)
		ReleaseScriptingObjects (0ms)
		CreateAndSetChildDomain (36ms)
	RebuildCommonClasses (34ms)
	RebuildNativeTypeToScriptingClass (13ms)
	initialDomainReloadingComplete (33ms)
	LoadAllAssembliesAndSetupDomain (339ms)
		LoadAssemblies (356ms)
		RebuildTransferFunctionScriptingTraits (0ms)
		AnalyzeDomain (109ms)
			TypeCache.Refresh (6ms)
				TypeCache.ScanAssembly (0ms)
			BuildScriptInfoCaches (97ms)
			ResolveRequiredComponents (3ms)
	FinalizeReload (467ms)
		ReleaseScriptCaches (0ms)
		RebuildScriptCaches (0ms)
		SetupLoadedEditorAssemblies (387ms)
			LogAssemblyErrors (0ms)
			InitializePlatformSupportModulesInManaged (3ms)
			SetLoadedEditorAssemblies (4ms)
			BeforeProcessingInitializeOnLoad (128ms)
			ProcessInitializeOnLoadAttributes (220ms)
			ProcessInitializeOnLoadMethodAttributes (13ms)
			AfterProcessingInitializeOnLoad (18ms)
			EditorAssembliesLoaded (0ms)
		ExecutionOrderSort2 (0ms)
		AwakeInstancesAfterBackupRestoration (5ms)
Refreshing native plugins compatible for Editor in 1.26 ms, found 3 plugins.
Preloading 0 native plugins for Editor in 0.00 ms.
Unloading 0 Unused Serialized files (Serialized files now loaded: 0)
Unloading 3863 unused Assets / (0.8 MB). Loaded Objects now: 4419.
Memory consumption went from 89.4 MB to 88.6 MB.
Total: 4.432900 ms (FindLiveObjects: 0.399000 ms CreateObjectMapping: 0.142900 ms MarkObjects: 3.071500 ms  DeleteObjects: 0.818700 ms)

Prepare: number of updated asset objects reloaded= 0
========================================================================
Received Prepare
Refreshing native plugins compatible for Editor in 1.36 ms, found 3 plugins.
Preloading 0 native plugins for Editor in 0.00 ms.
Unloading 0 Unused Serialized files (Serialized files now loaded: 0)
Unloading 3857 unused Assets / (0.8 MB). Loaded Objects now: 4419.
Memory consumption went from 89.6 MB to 88.8 MB.
Total: 5.365600 ms (FindLiveObjects: 0.574800 ms CreateObjectMapping: 0.238800 ms MarkObjects: 3.831500 ms  DeleteObjects: 0.720000 ms)

Prepare: number of updated asset objects reloaded= 0
========================================================================
Received Prepare
Begin MonoManager ReloadAssembly
- Loaded All Assemblies, in  0.646 seconds
Refreshing native plugins compatible for Editor in 1.21 ms, found 3 plugins.
Native extension for WindowsStandalone target not found
Native extension for WebGL target not found
[Package Manager] Failed to launch server process. Reason: Unity was launched with the -noUpm command-line argument
[Package Manager] Unable to send message (not connected to server process).
[Package Manager] Cannot connect to Unity Package Manager local server
Mono: successfully reloaded assembly
- Finished resetting the current domain, in  0.463 seconds
Domain Reload Profiling: 1097ms
	BeginReloadAssembly (218ms)
		ExecutionOrderSort (0ms)
		DisableScriptedObjects (5ms)
		BackupInstance (0ms)
		ReleaseScriptingObjects (0ms)
		CreateAndSetChildDomain (37ms)
	RebuildCommonClasses (30ms)
	RebuildNativeTypeToScriptingClass (10ms)
	initialDomainReloadingComplete (36ms)
	LoadAllAssembliesAndSetupDomain (340ms)
		LoadAssemblies (353ms)
		RebuildTransferFunctionScriptingTraits (0ms)
		AnalyzeDomain (108ms)
			TypeCache.Refresh (5ms)
				TypeCache.ScanAssembly (0ms)
			BuildScriptInfoCaches (97ms)
			ResolveRequiredComponents (3ms)
	FinalizeReload (463ms)
		ReleaseScriptCaches (0ms)
		RebuildScriptCaches (0ms)
		SetupLoadedEditorAssemblies (376ms)
			LogAssemblyErrors (0ms)
			InitializePlatformSupportModulesInManaged (2ms)
			SetLoadedEditorAssemblies (3ms)
			BeforeProcessingInitializeOnLoad (123ms)
			ProcessInitializeOnLoadAttributes (210ms)
			ProcessInitializeOnLoadMethodAttributes (18ms)
			AfterProcessingInitializeOnLoad (20ms)
			EditorAssembliesLoaded (0ms)
		ExecutionOrderSort2 (0ms)
		AwakeInstancesAfterBackupRestoration (6ms)
Refreshing native plugins compatible for Editor in 1.41 ms, found 3 plugins.
Preloading 0 native plugins for Editor in 0.00 ms.
Unloading 0 Unused Serialized files (Serialized files now loaded: 0)
Unloading 3863 unused Assets / (0.8 MB). Loaded Objects now: 4420.
Memory consumption went from 89.4 MB to 88.6 MB.
Total: 4.847500 ms (FindLiveObjects: 0.359100 ms CreateObjectMapping: 0.237000 ms MarkObjects: 3.493100 ms  DeleteObjects: 0.757600 ms)

Prepare: number of updated asset objects reloaded= 0
========================================================================
Received Prepare
Refreshing native plugins compatible for Editor in 1.18 ms, found 3 plugins.
Preloading 0 native plugins for Editor in 0.00 ms.
Unloading 0 Unused Serialized files (Serialized files now loaded: 0)
Unloading 3857 unused Assets / (0.6 MB). Loaded Objects now: 4420.
Memory consumption went from 89.6 MB to 89.0 MB.
Total: 4.746000 ms (FindLiveObjects: 0.360100 ms CreateObjectMapping: 0.209200 ms MarkObjects: 3.566300 ms  DeleteObjects: 0.609400 ms)

Prepare: number of updated asset objects reloaded= 0
========================================================================
Received Prepare
Begin MonoManager ReloadAssembly
[Licensing::Client] Successfully resolved entitlement details
- Loaded All Assemblies, in  0.621 seconds
Refreshing native plugins compatible for Editor in 1.50 ms, found 3 plugins.
Native extension for WindowsStandalone target not found
Native extension for WebGL target not found
[Package Manager] Failed to launch server process. Reason: Unity was launched with the -noUpm command-line argument
[Package Manager] Unable to send message (not connected to server process).
[Package Manager] Cannot connect to Unity Package Manager local server
Mono: successfully reloaded assembly
- Finished resetting the current domain, in  0.475 seconds
Domain Reload Profiling: 1086ms
	BeginReloadAssembly (199ms)
		ExecutionOrderSort (0ms)
		DisableScriptedObjects (4ms)
		BackupInstance (0ms)
		ReleaseScriptingObjects (0ms)
		CreateAndSetChildDomain (35ms)
	RebuildCommonClasses (34ms)
	RebuildNativeTypeToScriptingClass (10ms)
	initialDomainReloadingComplete (36ms)
	LoadAllAssembliesAndSetupDomain (332ms)
		LoadAssemblies (332ms)
		RebuildTransferFunctionScriptingTraits (0ms)
		AnalyzeDomain (108ms)
			TypeCache.Refresh (5ms)
				TypeCache.ScanAssembly (0ms)
			BuildScriptInfoCaches (97ms)
			ResolveRequiredComponents (3ms)
	FinalizeReload (475ms)
		ReleaseScriptCaches (0ms)
		RebuildScriptCaches (0ms)
		SetupLoadedEditorAssemblies (384ms)
			LogAssemblyErrors (0ms)
			InitializePlatformSupportModulesInManaged (2ms)
			SetLoadedEditorAssemblies (3ms)
			BeforeProcessingInitializeOnLoad (112ms)
			ProcessInitializeOnLoadAttributes (234ms)
			ProcessInitializeOnLoadMethodAttributes (14ms)
			AfterProcessingInitializeOnLoad (19ms)
			EditorAssembliesLoaded (0ms)
		ExecutionOrderSort2 (0ms)
		AwakeInstancesAfterBackupRestoration (6ms)
Refreshing native plugins compatible for Editor in 1.63 ms, found 3 plugins.
Preloading 0 native plugins for Editor in 0.00 ms.
Unloading 0 Unused Serialized files (Serialized files now loaded: 0)
Unloading 3863 unused Assets / (0.7 MB). Loaded Objects now: 4421.
Memory consumption went from 89.4 MB to 88.7 MB.
Total: 5.972600 ms (FindLiveObjects: 0.601800 ms CreateObjectMapping: 0.435600 ms MarkObjects: 4.132600 ms  DeleteObjects: 0.802200 ms)

Prepare: number of updated asset objects reloaded= 0
========================================================================
Received Prepare
Refreshing native plugins compatible for Editor in 1.27 ms, found 3 plugins.
Preloading 0 native plugins for Editor in 0.00 ms.
Unloading 0 Unused Serialized files (Serialized files now loaded: 0)
Unloading 3857 unused Assets / (0.9 MB). Loaded Objects now: 4421.
Memory consumption went from 89.6 MB to 88.8 MB.
Total: 4.361300 ms (FindLiveObjects: 0.378200 ms CreateObjectMapping: 0.102600 ms MarkObjects: 3.167300 ms  DeleteObjects: 0.712700 ms)

Prepare: number of updated asset objects reloaded= 0
========================================================================
Received Prepare
Begin MonoManager ReloadAssembly
- Loaded All Assemblies, in  0.664 seconds
Refreshing native plugins compatible for Editor in 1.31 ms, found 3 plugins.
Native extension for WindowsStandalone target not found
Native extension for WebGL target not found
[Package Manager] Failed to launch server process. Reason: Unity was launched with the -noUpm command-line argument
[Package Manager] Unable to send message (not connected to server process).
[Package Manager] Cannot connect to Unity Package Manager local server
Mono: successfully reloaded assembly
- Finished resetting the current domain, in  0.444 seconds
Domain Reload Profiling: 1096ms
	BeginReloadAssembly (209ms)
		ExecutionOrderSort (0ms)
		DisableScriptedObjects (4ms)
		BackupInstance (0ms)
		ReleaseScriptingObjects (0ms)
		CreateAndSetChildDomain (38ms)
	RebuildCommonClasses (34ms)
	RebuildNativeTypeToScriptingClass (9ms)
	initialDomainReloadingComplete (37ms)
	LoadAllAssembliesAndSetupDomain (362ms)
		LoadAssemblies (364ms)
		RebuildTransferFunctionScriptingTraits (0ms)
		AnalyzeDomain (118ms)
			TypeCache.Refresh (6ms)
				TypeCache.ScanAssembly (0ms)
			BuildScriptInfoCaches (105ms)
			ResolveRequiredComponents (4ms)
	FinalizeReload (445ms)
		ReleaseScriptCaches (0ms)
		RebuildScriptCaches (0ms)
		SetupLoadedEditorAssemblies (367ms)
			LogAssemblyErrors (0ms)
			InitializePlatformSupportModulesInManaged (2ms)
			SetLoadedEditorAssemblies (3ms)
			BeforeProcessingInitializeOnLoad (113ms)
			ProcessInitializeOnLoadAttributes (219ms)
			ProcessInitializeOnLoadMethodAttributes (14ms)
			AfterProcessingInitializeOnLoad (16ms)
			EditorAssembliesLoaded (0ms)
		ExecutionOrderSort2 (0ms)
		AwakeInstancesAfterBackupRestoration (6ms)
Refreshing native plugins compatible for Editor in 1.73 ms, found 3 plugins.
Preloading 0 native plugins for Editor in 0.00 ms.
Unloading 0 Unused Serialized files (Serialized files now loaded: 0)
Unloading 3863 unused Assets / (0.8 MB). Loaded Objects now: 4422.
Memory consumption went from 89.4 MB to 88.6 MB.
Total: 5.016800 ms (FindLiveObjects: 0.648400 ms CreateObjectMapping: 0.463400 ms MarkObjects: 3.123400 ms  DeleteObjects: 0.781200 ms)

Prepare: number of updated asset objects reloaded= 0
========================================================================
Received Prepare
Refreshing native plugins compatible for Editor in 1.76 ms, found 3 plugins.
Preloading 0 native plugins for Editor in 0.00 ms.
Unloading 0 Unused Serialized files (Serialized files now loaded: 0)
Unloading 3857 unused Assets / (1.1 MB). Loaded Objects now: 4422.
Memory consumption went from 89.6 MB to 88.6 MB.
Total: 5.943800 ms (FindLiveObjects: 0.483700 ms CreateObjectMapping: 0.356400 ms MarkObjects: 4.109300 ms  DeleteObjects: 0.993900 ms)

Prepare: number of updated asset objects reloaded= 0
========================================================================
Received Prepare
Begin MonoManager ReloadAssembly
[Licensing::Client] Successfully resolved entitlement details
- Loaded All Assemblies, in  0.655 seconds
Refreshing native plugins compatible for Editor in 1.40 ms, found 3 plugins.
Native extension for WindowsStandalone target not found
Native extension for WebGL target not found
[Package Manager] Failed to launch server process. Reason: Unity was launched with the -noUpm command-line argument
[Package Manager] Unable to send message (not connected to server process).
[Package Manager] Cannot connect to Unity Package Manager local server
Mono: successfully reloaded assembly
- Finished resetting the current domain, in  0.463 seconds
Domain Reload Profiling: 1107ms
	BeginReloadAssembly (217ms)
		ExecutionOrderSort (0ms)
		DisableScriptedObjects (5ms)
		BackupInstance (0ms)
		ReleaseScriptingObjects (0ms)
		CreateAndSetChildDomain (36ms)
	RebuildCommonClasses (35ms)
	RebuildNativeTypeToScriptingClass (12ms)
	initialDomainReloadingComplete (38ms)
	LoadAllAssembliesAndSetupDomain (342ms)
		LoadAssemblies (354ms)
		RebuildTransferFunctionScriptingTraits (0ms)
		AnalyzeDomain (111ms)
			TypeCache.Refresh (6ms)
				TypeCache.ScanAssembly (0ms)
			BuildScriptInfoCaches (99ms)
			ResolveRequiredComponents (3ms)
	FinalizeReload (463ms)
		ReleaseScriptCaches (0ms)
		RebuildScriptCaches (0ms)
		SetupLoadedEditorAssemblies (377ms)
			LogAssemblyErrors (0ms)
			InitializePlatformSupportModulesInManaged (2ms)
			SetLoadedEditorAssemblies (3ms)
			BeforeProcessingInitializeOnLoad (108ms)
			ProcessInitializeOnLoadAttributes (234ms)
			ProcessInitializeOnLoadMethodAttributes (14ms)
			AfterProcessingInitializeOnLoad (15ms)
			EditorAssembliesLoaded (0ms)
		ExecutionOrderSort2 (0ms)
		AwakeInstancesAfterBackupRestoration (4ms)
Refreshing native plugins compatible for Editor in 1.51 ms, found 3 plugins.
Preloading 0 native plugins for Editor in 0.00 ms.
Unloading 0 Unused Serialized files (Serialized files now loaded: 0)
Unloading 3863 unused Assets / (0.9 MB). Loaded Objects now: 4423.
Memory consumption went from 89.4 MB to 88.6 MB.
Total: 4.972600 ms (FindLiveObjects: 0.452900 ms CreateObjectMapping: 0.238100 ms MarkObjects: 3.432500 ms  DeleteObjects: 0.848200 ms)

Prepare: number of updated asset objects reloaded= 0
========================================================================
Received Prepare
Refreshing native plugins compatible for Editor in 1.51 ms, found 3 plugins.
Preloading 0 native plugins for Editor in 0.00 ms.
Unloading 0 Unused Serialized files (Serialized files now loaded: 0)
Unloading 3857 unused Assets / (0.8 MB). Loaded Objects now: 4423.
Memory consumption went from 89.6 MB to 88.8 MB.
Total: 5.475100 ms (FindLiveObjects: 0.456800 ms CreateObjectMapping: 0.120800 ms MarkObjects: 4.098100 ms  DeleteObjects: 0.798700 ms)

Prepare: number of updated asset objects reloaded= 0
========================================================================
Received Prepare
Begin MonoManager ReloadAssembly
- Loaded All Assemblies, in  0.618 seconds
Refreshing native plugins compatible for Editor in 1.22 ms, found 3 plugins.
Native extension for WindowsStandalone target not found
Native extension for WebGL target not found
[Package Manager] Failed to launch server process. Reason: Unity was launched with the -noUpm command-line argument
[Package Manager] Unable to send message (not connected to server process).
[Package Manager] Cannot connect to Unity Package Manager local server
Mono: successfully reloaded assembly
- Finished resetting the current domain, in  0.379 seconds
Domain Reload Profiling: 986ms
	BeginReloadAssembly (218ms)
		ExecutionOrderSort (0ms)
		DisableScriptedObjects (5ms)
		BackupInstance (0ms)
		ReleaseScriptingObjects (0ms)
		CreateAndSetChildDomain (39ms)
	RebuildCommonClasses (34ms)
	RebuildNativeTypeToScriptingClass (8ms)
	initialDomainReloadingComplete (35ms)
	LoadAllAssembliesAndSetupDomain (313ms)
		LoadAssemblies (329ms)
		RebuildTransferFunctionScriptingTraits (0ms)
		AnalyzeDomain (104ms)
			TypeCache.Refresh (5ms)
				TypeCache.ScanAssembly (0ms)
			BuildScriptInfoCaches (92ms)
			ResolveRequiredComponents (3ms)
	FinalizeReload (379ms)
		ReleaseScriptCaches (0ms)
		RebuildScriptCaches (0ms)
		SetupLoadedEditorAssemblies (301ms)
			LogAssemblyErrors (0ms)
			InitializePlatformSupportModulesInManaged (2ms)
			SetLoadedEditorAssemblies (3ms)
			BeforeProcessingInitializeOnLoad (81ms)
			ProcessInitializeOnLoadAttributes (188ms)
			ProcessInitializeOnLoadMethodAttributes (14ms)
			AfterProcessingInitializeOnLoad (14ms)
			EditorAssembliesLoaded (0ms)
		ExecutionOrderSort2 (0ms)
		AwakeInstancesAfterBackupRestoration (4ms)
Refreshing native plugins compatible for Editor in 1.09 ms, found 3 plugins.
Preloading 0 native plugins for Editor in 0.00 ms.
Unloading 0 Unused Serialized files (Serialized files now loaded: 0)
Unloading 3863 unused Assets / (0.8 MB). Loaded Objects now: 4424.
Memory consumption went from 89.4 MB to 88.7 MB.
Total: 4.356200 ms (FindLiveObjects: 0.361000 ms CreateObjectMapping: 0.246400 ms MarkObjects: 3.154900 ms  DeleteObjects: 0.593400 ms)

Prepare: number of updated asset objects reloaded= 0
========================================================================
Received Import Request.
  Time since last request: 153.647166 seconds.
  path: Assets/Prefabs/NPC lvl1.prefab
  artifactKey: Guid(91b160208d6edf544920564c902acd4c) Importer(815301076,1909f56bfc062723c751e8b465ee728b)
Start importing Assets/Prefabs/NPC lvl1.prefab using Guid(91b160208d6edf544920564c902acd4c) Importer(815301076,1909f56bfc062723c751e8b465ee728b) (PreviewImporter) -> (artifact id: '5e2564f39445784507c757fc5597d1d3') in 0.0812225 seconds
Number of updated asset objects reloaded before import = 0Number of asset objects unloaded after import = 42

========================================================================
Received Import Request.
  Time since last request: 20.874222 seconds.
  path: Assets/Prefabs/NPC lvl1.prefab
  artifactKey: Guid(91b160208d6edf544920564c902acd4c) Importer(815301076,1909f56bfc062723c751e8b465ee728b)
Start importing Assets/Prefabs/NPC lvl1.prefab using Guid(91b160208d6edf544920564c902acd4c) Importer(815301076,1909f56bfc062723c751e8b465ee728b) (PreviewImporter) -> (artifact id: 'f2d4e8ee3263e15ec2862157c1288203') in 0.0112985 seconds
Number of updated asset objects reloaded before import = 0Number of asset objects unloaded after import = 42

========================================================================
Received Import Request.
  Time since last request: 1.962235 seconds.
  path: Assets/Prefabs/NPC lvl1.prefab
  artifactKey: Guid(91b160208d6edf544920564c902acd4c) Importer(815301076,1909f56bfc062723c751e8b465ee728b)
Start importing Assets/Prefabs/NPC lvl1.prefab using Guid(91b160208d6edf544920564c902acd4c) Importer(815301076,1909f56bfc062723c751e8b465ee728b) (PreviewImporter) -> (artifact id: 'bd2fee4d84def92a483ee78a3827a722') in 0.0121912 seconds
Number of updated asset objects reloaded before import = 0Number of asset objects unloaded after import = 43

========================================================================
Received Import Request.
  Time since last request: 1.796079 seconds.
  path: Assets/Prefabs/NPC lvl1.prefab
  artifactKey: Guid(91b160208d6edf544920564c902acd4c) Importer(815301076,1909f56bfc062723c751e8b465ee728b)
Start importing Assets/Prefabs/NPC lvl1.prefab using Guid(91b160208d6edf544920564c902acd4c) Importer(815301076,1909f56bfc062723c751e8b465ee728b) (PreviewImporter) -> (artifact id: '3554f697addad45dde24f5251ea07970') in 0.0080114 seconds
Number of updated asset objects reloaded before import = 0Number of asset objects unloaded after import = 44

========================================================================
Received Prepare
Begin MonoManager ReloadAssembly
- Loaded All Assemblies, in  0.541 seconds
Refreshing native plugins compatible for Editor in 1.24 ms, found 3 plugins.
Native extension for WindowsStandalone target not found
Native extension for WebGL target not found
[Package Manager] Failed to launch server process. Reason: Unity was launched with the -noUpm command-line argument
[Package Manager] Unable to send message (not connected to server process).
[Package Manager] Cannot connect to Unity Package Manager local server
Mono: successfully reloaded assembly
- Finished resetting the current domain, in  0.442 seconds
Domain Reload Profiling: 975ms
	BeginReloadAssembly (177ms)
		ExecutionOrderSort (0ms)
		DisableScriptedObjects (3ms)
		BackupInstance (0ms)
		ReleaseScriptingObjects (0ms)
		CreateAndSetChildDomain (40ms)
	RebuildCommonClasses (29ms)
	RebuildNativeTypeToScriptingClass (8ms)
	initialDomainReloadingComplete (29ms)
	LoadAllAssembliesAndSetupDomain (289ms)
		LoadAssemblies (287ms)
		RebuildTransferFunctionScriptingTraits (0ms)
		AnalyzeDomain (96ms)
			TypeCache.Refresh (4ms)
				TypeCache.ScanAssembly (0ms)
			BuildScriptInfoCaches (85ms)
			ResolveRequiredComponents (4ms)
	FinalizeReload (442ms)
		ReleaseScriptCaches (0ms)
		RebuildScriptCaches (0ms)
		SetupLoadedEditorAssemblies (361ms)
			LogAssemblyErrors (0ms)
			InitializePlatformSupportModulesInManaged (2ms)
			SetLoadedEditorAssemblies (3ms)
			BeforeProcessingInitializeOnLoad (96ms)
			ProcessInitializeOnLoadAttributes (224ms)
			ProcessInitializeOnLoadMethodAttributes (18ms)
			AfterProcessingInitializeOnLoad (18ms)
			EditorAssembliesLoaded (0ms)
		ExecutionOrderSort2 (0ms)
		AwakeInstancesAfterBackupRestoration (6ms)
Refreshing native plugins compatible for Editor in 1.56 ms, found 3 plugins.
Preloading 0 native plugins for Editor in 0.00 ms.
Unloading 0 Unused Serialized files (Serialized files now loaded: 0)
Unloading 3863 unused Assets / (0.9 MB). Loaded Objects now: 4427.
Memory consumption went from 89.5 MB to 88.6 MB.
Total: 5.591000 ms (FindLiveObjects: 0.523300 ms CreateObjectMapping: 0.374400 ms MarkObjects: 3.914100 ms  DeleteObjects: 0.777800 ms)

Prepare: number of updated asset objects reloaded= 0
========================================================================
Received Prepare
Begin MonoManager ReloadAssembly
[Licensing::Client] Successfully resolved entitlement details
- Loaded All Assemblies, in  0.524 seconds
Refreshing native plugins compatible for Editor in 1.56 ms, found 3 plugins.
Native extension for WindowsStandalone target not found
Native extension for WebGL target not found
[Package Manager] Failed to launch server process. Reason: Unity was launched with the -noUpm command-line argument
[Package Manager] Unable to send message (not connected to server process).
[Package Manager] Cannot connect to Unity Package Manager local server
Mono: successfully reloaded assembly
- Finished resetting the current domain, in  0.445 seconds
Domain Reload Profiling: 962ms
	BeginReloadAssembly (173ms)
		ExecutionOrderSort (0ms)
		DisableScriptedObjects (4ms)
		BackupInstance (0ms)
		ReleaseScriptingObjects (0ms)
		CreateAndSetChildDomain (33ms)
	RebuildCommonClasses (29ms)
	RebuildNativeTypeToScriptingClass (8ms)
	initialDomainReloadingComplete (32ms)
	LoadAllAssembliesAndSetupDomain (275ms)
		LoadAssemblies (274ms)
		RebuildTransferFunctionScriptingTraits (0ms)
		AnalyzeDomain (91ms)
			TypeCache.Refresh (3ms)
				TypeCache.ScanAssembly (0ms)
			BuildScriptInfoCaches (82ms)
			ResolveRequiredComponents (3ms)
	FinalizeReload (445ms)
		ReleaseScriptCaches (0ms)
		RebuildScriptCaches (0ms)
		SetupLoadedEditorAssemblies (359ms)
			LogAssemblyErrors (0ms)
			InitializePlatformSupportModulesInManaged (2ms)
			SetLoadedEditorAssemblies (3ms)
			BeforeProcessingInitializeOnLoad (94ms)
			ProcessInitializeOnLoadAttributes (224ms)
			ProcessInitializeOnLoadMethodAttributes (18ms)
			AfterProcessingInitializeOnLoad (16ms)
			EditorAssembliesLoaded (0ms)
		ExecutionOrderSort2 (0ms)
		AwakeInstancesAfterBackupRestoration (6ms)
Refreshing native plugins compatible for Editor in 1.34 ms, found 3 plugins.
Preloading 0 native plugins for Editor in 0.00 ms.
Unloading 0 Unused Serialized files (Serialized files now loaded: 0)
Unloading 3863 unused Assets / (0.9 MB). Loaded Objects now: 4428.
Memory consumption went from 89.5 MB to 88.7 MB.
Total: 5.685900 ms (FindLiveObjects: 0.424700 ms CreateObjectMapping: 0.386500 ms MarkObjects: 4.076200 ms  DeleteObjects: 0.797900 ms)

Prepare: number of updated asset objects reloaded= 0
========================================================================
Received Prepare
Refreshing native plugins compatible for Editor in 1.27 ms, found 3 plugins.
Preloading 0 native plugins for Editor in 0.00 ms.
Unloading 0 Unused Serialized files (Serialized files now loaded: 0)
Unloading 3857 unused Assets / (0.8 MB). Loaded Objects now: 4428.
Memory consumption went from 89.7 MB to 88.9 MB.
Total: 15.198600 ms (FindLiveObjects: 0.429400 ms CreateObjectMapping: 0.427300 ms MarkObjects: 13.088600 ms  DeleteObjects: 1.252300 ms)

Prepare: number of updated asset objects reloaded= 0
========================================================================
Received Prepare
Refreshing native plugins compatible for Editor in 1.15 ms, found 3 plugins.
Preloading 0 native plugins for Editor in 0.00 ms.
Unloading 0 Unused Serialized files (Serialized files now loaded: 0)
Unloading 3857 unused Assets / (0.9 MB). Loaded Objects now: 4428.
Memory consumption went from 89.7 MB to 88.8 MB.
Total: 6.370200 ms (FindLiveObjects: 0.600400 ms CreateObjectMapping: 0.533000 ms MarkObjects: 4.317900 ms  DeleteObjects: 0.918200 ms)

Prepare: number of updated asset objects reloaded= 0
========================================================================
Received Prepare
Begin MonoManager ReloadAssembly
[Licensing::Client] Successfully resolved entitlement details
- Loaded All Assemblies, in  0.627 seconds
Refreshing native plugins compatible for Editor in 1.18 ms, found 3 plugins.
Native extension for WindowsStandalone target not found
Native extension for WebGL target not found
[Package Manager] Failed to launch server process. Reason: Unity was launched with the -noUpm command-line argument
[Package Manager] Unable to send message (not connected to server process).
[Package Manager] Cannot connect to Unity Package Manager local server
Mono: successfully reloaded assembly
- Finished resetting the current domain, in  0.409 seconds
Domain Reload Profiling: 1026ms
	BeginReloadAssembly (210ms)
		ExecutionOrderSort (0ms)
		DisableScriptedObjects (4ms)
		BackupInstance (0ms)
		ReleaseScriptingObjects (0ms)
		CreateAndSetChildDomain (34ms)
	RebuildCommonClasses (34ms)
	RebuildNativeTypeToScriptingClass (8ms)
	initialDomainReloadingComplete (36ms)
	LoadAllAssembliesAndSetupDomain (328ms)
		LoadAssemblies (337ms)
		RebuildTransferFunctionScriptingTraits (0ms)
		AnalyzeDomain (110ms)
			TypeCache.Refresh (4ms)
				TypeCache.ScanAssembly (0ms)
			BuildScriptInfoCaches (99ms)
			ResolveRequiredComponents (4ms)
	FinalizeReload (410ms)
		ReleaseScriptCaches (0ms)
		RebuildScriptCaches (0ms)
		SetupLoadedEditorAssemblies (327ms)
			LogAssemblyErrors (0ms)
			InitializePlatformSupportModulesInManaged (2ms)
			SetLoadedEditorAssemblies (3ms)
			BeforeProcessingInitializeOnLoad (92ms)
			ProcessInitializeOnLoadAttributes (202ms)
			ProcessInitializeOnLoadMethodAttributes (15ms)
			AfterProcessingInitializeOnLoad (13ms)
			EditorAssembliesLoaded (0ms)
		ExecutionOrderSort2 (0ms)
		AwakeInstancesAfterBackupRestoration (5ms)
Refreshing native plugins compatible for Editor in 1.98 ms, found 3 plugins.
Preloading 0 native plugins for Editor in 0.00 ms.
Unloading 0 Unused Serialized files (Serialized files now loaded: 0)
Unloading 3863 unused Assets / (0.8 MB). Loaded Objects now: 4429.
Memory consumption went from 89.5 MB to 88.7 MB.
Total: 4.728600 ms (FindLiveObjects: 0.355400 ms CreateObjectMapping: 0.198800 ms MarkObjects: 3.584700 ms  DeleteObjects: 0.589000 ms)

Prepare: number of updated asset objects reloaded= 0
========================================================================
Received Prepare
Begin MonoManager ReloadAssembly
- Loaded All Assemblies, in  0.518 seconds
Refreshing native plugins compatible for Editor in 1.67 ms, found 3 plugins.
Native extension for WindowsStandalone target not found
Native extension for WebGL target not found
[Package Manager] Failed to launch server process. Reason: Unity was launched with the -noUpm command-line argument
[Package Manager] Unable to send message (not connected to server process).
[Package Manager] Cannot connect to Unity Package Manager local server
Mono: successfully reloaded assembly
- Finished resetting the current domain, in  0.418 seconds
Domain Reload Profiling: 927ms
	BeginReloadAssembly (171ms)
		ExecutionOrderSort (0ms)
		DisableScriptedObjects (3ms)
		BackupInstance (0ms)
		ReleaseScriptingObjects (0ms)
		CreateAndSetChildDomain (32ms)
	RebuildCommonClasses (25ms)
	RebuildNativeTypeToScriptingClass (8ms)
	initialDomainReloadingComplete (28ms)
	LoadAllAssembliesAndSetupDomain (278ms)
		LoadAssemblies (279ms)
		RebuildTransferFunctionScriptingTraits (0ms)
		AnalyzeDomain (90ms)
			TypeCache.Refresh (4ms)
				TypeCache.ScanAssembly (0ms)
			BuildScriptInfoCaches (80ms)
			ResolveRequiredComponents (3ms)
	FinalizeReload (418ms)
		ReleaseScriptCaches (0ms)
		RebuildScriptCaches (0ms)
		SetupLoadedEditorAssemblies (337ms)
			LogAssemblyErrors (0ms)
			InitializePlatformSupportModulesInManaged (3ms)
			SetLoadedEditorAssemblies (3ms)
			BeforeProcessingInitializeOnLoad (90ms)
			ProcessInitializeOnLoadAttributes (210ms)
			ProcessInitializeOnLoadMethodAttributes (15ms)
			AfterProcessingInitializeOnLoad (15ms)
			EditorAssembliesLoaded (0ms)
		ExecutionOrderSort2 (0ms)
		AwakeInstancesAfterBackupRestoration (5ms)
Refreshing native plugins compatible for Editor in 1.91 ms, found 3 plugins.
Preloading 0 native plugins for Editor in 0.00 ms.
Unloading 0 Unused Serialized files (Serialized files now loaded: 0)
Unloading 3863 unused Assets / (0.9 MB). Loaded Objects now: 4430.
Memory consumption went from 89.5 MB to 88.6 MB.
Total: 5.718200 ms (FindLiveObjects: 0.629500 ms CreateObjectMapping: 0.317900 ms MarkObjects: 4.032400 ms  DeleteObjects: 0.737600 ms)

Prepare: number of updated asset objects reloaded= 0
========================================================================
Received Import Request.
  Time since last request: 614.206960 seconds.
  path: Assets/Prefabs/arrow down.prefab
  artifactKey: Guid(e57132db20ce5db4bb656e4b2af20522) Importer(815301076,1909f56bfc062723c751e8b465ee728b)
Start importing Assets/Prefabs/arrow down.prefab using Guid(e57132db20ce5db4bb656e4b2af20522) Importer(815301076,1909f56bfc062723c751e8b465ee728b) (PreviewImporter) -> (artifact id: 'df1f0bee64b5f84630a716e5e742ddd8') in 0.0567 seconds
Number of updated asset objects reloaded before import = 0Number of asset objects unloaded after import = 7

========================================================================
Received Import Request.
  Time since last request: 2.787864 seconds.
  path: Assets/Prefabs/arrow up.prefab
  artifactKey: Guid(62f8f759b7d9711479a55a87356b38c6) Importer(815301076,1909f56bfc062723c751e8b465ee728b)
Start importing Assets/Prefabs/arrow up.prefab using Guid(62f8f759b7d9711479a55a87356b38c6) Importer(815301076,1909f56bfc062723c751e8b465ee728b) (PreviewImporter) -> (artifact id: '93e434fa5e39e55bc7ac061b299c7caa') in 0.0122669 seconds
Number of updated asset objects reloaded before import = 0Number of asset objects unloaded after import = 7

========================================================================
Received Import Request.
  Time since last request: 1.852886 seconds.
  path: Assets/Prefabs/arrow right.prefab
  artifactKey: Guid(065910b39daaec543a56539d6a15b73e) Importer(815301076,1909f56bfc062723c751e8b465ee728b)
Start importing Assets/Prefabs/arrow right.prefab using Guid(065910b39daaec543a56539d6a15b73e) Importer(815301076,1909f56bfc062723c751e8b465ee728b) (PreviewImporter) -> (artifact id: '329d44e32760cb940a74a108c1e2b69a') in 0.0113172 seconds
Number of updated asset objects reloaded before import = 0Number of asset objects unloaded after import = 7

========================================================================
Received Import Request.
  Time since last request: 1.736562 seconds.
  path: Assets/Prefabs/arrow left.prefab
  artifactKey: Guid(7cc0d0720f460fd41a4ca3890829905d) Importer(815301076,1909f56bfc062723c751e8b465ee728b)
Start importing Assets/Prefabs/arrow left.prefab using Guid(7cc0d0720f460fd41a4ca3890829905d) Importer(815301076,1909f56bfc062723c751e8b465ee728b) (PreviewImporter) -> (artifact id: '3842274df74e48b49a34a0cb54fed60c') in 0.0110107 seconds
Number of updated asset objects reloaded before import = 0Number of asset objects unloaded after import = 7

========================================================================
Received Import Request.
  Time since last request: 162.347107 seconds.
  path: Assets/Prefabs/NPC lvl1.prefab
  artifactKey: Guid(91b160208d6edf544920564c902acd4c) Importer(815301076,1909f56bfc062723c751e8b465ee728b)
Start importing Assets/Prefabs/NPC lvl1.prefab using Guid(91b160208d6edf544920564c902acd4c) Importer(815301076,1909f56bfc062723c751e8b465ee728b) (PreviewImporter) -> (artifact id: '81cfe404a101d72794289221300ee9bd') in 0.0120193 seconds
Number of updated asset objects reloaded before import = 0Number of asset objects unloaded after import = 43

========================================================================
Received Import Request.
  Time since last request: 3.030369 seconds.
  path: Assets/Prefabs/NPC lvl1.prefab
  artifactKey: Guid(91b160208d6edf544920564c902acd4c) Importer(815301076,1909f56bfc062723c751e8b465ee728b)
Start importing Assets/Prefabs/NPC lvl1.prefab using Guid(91b160208d6edf544920564c902acd4c) Importer(815301076,1909f56bfc062723c751e8b465ee728b) (PreviewImporter) -> (artifact id: '33c34442979bc27d652fd9528b24761e') in 0.0117008 seconds
Number of updated asset objects reloaded before import = 0Number of asset objects unloaded after import = 42

========================================================================
Received Import Request.
  Time since last request: 3.632486 seconds.
  path: Assets/Prefabs/NPC lvl1.prefab
  artifactKey: Guid(91b160208d6edf544920564c902acd4c) Importer(815301076,1909f56bfc062723c751e8b465ee728b)
Start importing Assets/Prefabs/NPC lvl1.prefab using Guid(91b160208d6edf544920564c902acd4c) Importer(815301076,1909f56bfc062723c751e8b465ee728b) (PreviewImporter) -> (artifact id: 'e08317d3b9b520a43092d239f5ff6b5a') in 0.0086972 seconds
Number of updated asset objects reloaded before import = 0Number of asset objects unloaded after import = 41

========================================================================
Received Import Request.
  Time since last request: 2.216697 seconds.
  path: Assets/Prefabs/NPC lvl1.prefab
  artifactKey: Guid(91b160208d6edf544920564c902acd4c) Importer(815301076,1909f56bfc062723c751e8b465ee728b)
Start importing Assets/Prefabs/NPC lvl1.prefab using Guid(91b160208d6edf544920564c902acd4c) Importer(815301076,1909f56bfc062723c751e8b465ee728b) (PreviewImporter) -> (artifact id: '9f5000da05fda7eb8d45a88edf5e76dd') in 0.0262621 seconds
Number of updated asset objects reloaded before import = 0Number of asset objects unloaded after import = 40

========================================================================
Received Prepare
Begin MonoManager ReloadAssembly
[Licensing::Client] Successfully resolved entitlement details
- Loaded All Assemblies, in  0.548 seconds
Refreshing native plugins compatible for Editor in 1.05 ms, found 3 plugins.
Native extension for WindowsStandalone target not found
Native extension for WebGL target not found
[Package Manager] Failed to launch server process. Reason: Unity was launched with the -noUpm command-line argument
[Package Manager] Unable to send message (not connected to server process).
[Package Manager] Cannot connect to Unity Package Manager local server
Mono: successfully reloaded assembly
- Finished resetting the current domain, in  0.415 seconds
Domain Reload Profiling: 956ms
	BeginReloadAssembly (183ms)
		ExecutionOrderSort (0ms)
		DisableScriptedObjects (5ms)
		BackupInstance (0ms)
		ReleaseScriptingObjects (0ms)
		CreateAndSetChildDomain (34ms)
	RebuildCommonClasses (25ms)
	RebuildNativeTypeToScriptingClass (8ms)
	initialDomainReloadingComplete (29ms)
	LoadAllAssembliesAndSetupDomain (295ms)
		LoadAssemblies (296ms)
		RebuildTransferFunctionScriptingTraits (0ms)
		AnalyzeDomain (97ms)
			TypeCache.Refresh (4ms)
				TypeCache.ScanAssembly (0ms)
			BuildScriptInfoCaches (85ms)
			ResolveRequiredComponents (4ms)
	FinalizeReload (415ms)
		ReleaseScriptCaches (0ms)
		RebuildScriptCaches (0ms)
		SetupLoadedEditorAssemblies (334ms)
			LogAssemblyErrors (0ms)
			InitializePlatformSupportModulesInManaged (2ms)
			SetLoadedEditorAssemblies (3ms)
			BeforeProcessingInitializeOnLoad (87ms)
			ProcessInitializeOnLoadAttributes (208ms)
			ProcessInitializeOnLoadMethodAttributes (17ms)
			AfterProcessingInitializeOnLoad (17ms)
			EditorAssembliesLoaded (0ms)
		ExecutionOrderSort2 (0ms)
		AwakeInstancesAfterBackupRestoration (6ms)
Refreshing native plugins compatible for Editor in 1.39 ms, found 3 plugins.
Preloading 0 native plugins for Editor in 0.00 ms.
Unloading 0 Unused Serialized files (Serialized files now loaded: 0)
Unloading 3863 unused Assets / (1.0 MB). Loaded Objects now: 4431.
Memory consumption went from 89.5 MB to 88.5 MB.
Total: 5.851500 ms (FindLiveObjects: 0.728300 ms CreateObjectMapping: 0.433700 ms MarkObjects: 3.762600 ms  DeleteObjects: 0.926200 ms)

Prepare: number of updated asset objects reloaded= 0
========================================================================
Received Prepare
Begin MonoManager ReloadAssembly
- Loaded All Assemblies, in  0.535 seconds
Refreshing native plugins compatible for Editor in 1.07 ms, found 3 plugins.
Native extension for WindowsStandalone target not found
Native extension for WebGL target not found
[Package Manager] Failed to launch server process. Reason: Unity was launched with the -noUpm command-line argument
[Package Manager] Unable to send message (not connected to server process).
[Package Manager] Cannot connect to Unity Package Manager local server
Mono: successfully reloaded assembly
- Finished resetting the current domain, in  0.436 seconds
Domain Reload Profiling: 963ms
	BeginReloadAssembly (182ms)
		ExecutionOrderSort (0ms)
		DisableScriptedObjects (4ms)
		BackupInstance (0ms)
		ReleaseScriptingObjects (0ms)
		CreateAndSetChildDomain (38ms)
	RebuildCommonClasses (27ms)
	RebuildNativeTypeToScriptingClass (9ms)
	initialDomainReloadingComplete (28ms)
	LoadAllAssembliesAndSetupDomain (280ms)
		LoadAssemblies (286ms)
		RebuildTransferFunctionScriptingTraits (0ms)
		AnalyzeDomain (90ms)
			TypeCache.Refresh (4ms)
				TypeCache.ScanAssembly (0ms)
			BuildScriptInfoCaches (80ms)
			ResolveRequiredComponents (3ms)
	FinalizeReload (437ms)
		ReleaseScriptCaches (0ms)
		RebuildScriptCaches (0ms)
		SetupLoadedEditorAssemblies (355ms)
			LogAssemblyErrors (0ms)
			InitializePlatformSupportModulesInManaged (2ms)
			SetLoadedEditorAssemblies (3ms)
			BeforeProcessingInitializeOnLoad (91ms)
			ProcessInitializeOnLoadAttributes (225ms)
			ProcessInitializeOnLoadMethodAttributes (19ms)
			AfterProcessingInitializeOnLoad (16ms)
			EditorAssembliesLoaded (0ms)
		ExecutionOrderSort2 (0ms)
		AwakeInstancesAfterBackupRestoration (5ms)
Refreshing native plugins compatible for Editor in 1.49 ms, found 3 plugins.
Preloading 0 native plugins for Editor in 0.00 ms.
Unloading 0 Unused Serialized files (Serialized files now loaded: 0)
Unloading 3863 unused Assets / (0.9 MB). Loaded Objects now: 4432.
Memory consumption went from 89.5 MB to 88.7 MB.
Total: 5.760400 ms (FindLiveObjects: 0.600000 ms CreateObjectMapping: 0.430700 ms MarkObjects: 4.035300 ms  DeleteObjects: 0.693500 ms)

Prepare: number of updated asset objects reloaded= 0
========================================================================
Received Prepare
Refreshing native plugins compatible for Editor in 1.84 ms, found 3 plugins.
Preloading 0 native plugins for Editor in 0.00 ms.
Unloading 0 Unused Serialized files (Serialized files now loaded: 0)
Unloading 3857 unused Assets / (1.0 MB). Loaded Objects now: 4432.
Memory consumption went from 89.7 MB to 88.7 MB.
Total: 7.033900 ms (FindLiveObjects: 0.580000 ms CreateObjectMapping: 0.519400 ms MarkObjects: 4.853900 ms  DeleteObjects: 1.080100 ms)

Prepare: number of updated asset objects reloaded= 0
========================================================================
Received Prepare
Begin MonoManager ReloadAssembly
[Licensing::Client] Successfully resolved entitlement details
- Loaded All Assemblies, in  0.669 seconds
Refreshing native plugins compatible for Editor in 1.35 ms, found 3 plugins.
Native extension for WindowsStandalone target not found
Native extension for WebGL target not found
[Package Manager] Failed to launch server process. Reason: Unity was launched with the -noUpm command-line argument
[Package Manager] Unable to send message (not connected to server process).
[Package Manager] Cannot connect to Unity Package Manager local server
Mono: successfully reloaded assembly
- Finished resetting the current domain, in  0.467 seconds
Domain Reload Profiling: 1124ms
	BeginReloadAssembly (211ms)
		ExecutionOrderSort (0ms)
		DisableScriptedObjects (5ms)
		BackupInstance (0ms)
		ReleaseScriptingObjects (0ms)
		CreateAndSetChildDomain (37ms)
	RebuildCommonClasses (31ms)
	RebuildNativeTypeToScriptingClass (10ms)
	initialDomainReloadingComplete (36ms)
	LoadAllAssembliesAndSetupDomain (370ms)
		LoadAssemblies (366ms)
		RebuildTransferFunctionScriptingTraits (0ms)
		AnalyzeDomain (118ms)
			TypeCache.Refresh (5ms)
				TypeCache.ScanAssembly (0ms)
			BuildScriptInfoCaches (104ms)
			ResolveRequiredComponents (4ms)
	FinalizeReload (467ms)
		ReleaseScriptCaches (0ms)
		RebuildScriptCaches (0ms)
		SetupLoadedEditorAssemblies (375ms)
			LogAssemblyErrors (0ms)
			InitializePlatformSupportModulesInManaged (2ms)
			SetLoadedEditorAssemblies (4ms)
			BeforeProcessingInitializeOnLoad (112ms)
			ProcessInitializeOnLoadAttributes (220ms)
			ProcessInitializeOnLoadMethodAttributes (19ms)
			AfterProcessingInitializeOnLoad (18ms)
			EditorAssembliesLoaded (0ms)
		ExecutionOrderSort2 (0ms)
		AwakeInstancesAfterBackupRestoration (6ms)
Refreshing native plugins compatible for Editor in 1.25 ms, found 3 plugins.
Preloading 0 native plugins for Editor in 0.00 ms.
Unloading 0 Unused Serialized files (Serialized files now loaded: 0)
Unloading 3863 unused Assets / (0.7 MB). Loaded Objects now: 4433.
Memory consumption went from 89.5 MB to 88.8 MB.
Total: 4.271200 ms (FindLiveObjects: 0.373200 ms CreateObjectMapping: 0.220500 ms MarkObjects: 2.965800 ms  DeleteObjects: 0.711200 ms)

Prepare: number of updated asset objects reloaded= 0
========================================================================
Received Prepare
Refreshing native plugins compatible for Editor in 1.37 ms, found 3 plugins.
Preloading 0 native plugins for Editor in 0.00 ms.
Unloading 0 Unused Serialized files (Serialized files now loaded: 0)
Unloading 3857 unused Assets / (1.1 MB). Loaded Objects now: 4433.
Memory consumption went from 89.7 MB to 88.6 MB.
Total: 5.956500 ms (FindLiveObjects: 0.485700 ms CreateObjectMapping: 0.347200 ms MarkObjects: 3.991900 ms  DeleteObjects: 1.130900 ms)

Prepare: number of updated asset objects reloaded= 0
========================================================================
Received Prepare
Begin MonoManager ReloadAssembly
- Loaded All Assemblies, in  0.705 seconds
Refreshing native plugins compatible for Editor in 1.56 ms, found 3 plugins.
Native extension for WindowsStandalone target not found
Native extension for WebGL target not found
[Package Manager] Failed to launch server process. Reason: Unity was launched with the -noUpm command-line argument
[Package Manager] Unable to send message (not connected to server process).
[Package Manager] Cannot connect to Unity Package Manager local server
Mono: successfully reloaded assembly
- Finished resetting the current domain, in  0.488 seconds
Domain Reload Profiling: 1179ms
	BeginReloadAssembly (217ms)
		ExecutionOrderSort (0ms)
		DisableScriptedObjects (4ms)
		BackupInstance (0ms)
		ReleaseScriptingObjects (0ms)
		CreateAndSetChildDomain (37ms)
	RebuildCommonClasses (34ms)
	RebuildNativeTypeToScriptingClass (15ms)
	initialDomainReloadingComplete (39ms)
	LoadAllAssembliesAndSetupDomain (386ms)
		LoadAssemblies (374ms)
		RebuildTransferFunctionScriptingTraits (0ms)
		AnalyzeDomain (139ms)
			TypeCache.Refresh (8ms)
				TypeCache.ScanAssembly (0ms)
			BuildScriptInfoCaches (125ms)
			ResolveRequiredComponents (4ms)
	FinalizeReload (489ms)
		ReleaseScriptCaches (0ms)
		RebuildScriptCaches (0ms)
		SetupLoadedEditorAssemblies (396ms)
			LogAssemblyErrors (0ms)
			InitializePlatformSupportModulesInManaged (2ms)
			SetLoadedEditorAssemblies (13ms)
			BeforeProcessingInitializeOnLoad (117ms)
			ProcessInitializeOnLoadAttributes (225ms)
			ProcessInitializeOnLoadMethodAttributes (21ms)
			AfterProcessingInitializeOnLoad (17ms)
			EditorAssembliesLoaded (0ms)
		ExecutionOrderSort2 (0ms)
		AwakeInstancesAfterBackupRestoration (8ms)
Refreshing native plugins compatible for Editor in 1.48 ms, found 3 plugins.
Preloading 0 native plugins for Editor in 0.00 ms.
Unloading 0 Unused Serialized files (Serialized files now loaded: 0)
Unloading 3863 unused Assets / (0.9 MB). Loaded Objects now: 4434.
Memory consumption went from 89.5 MB to 88.6 MB.
Total: 6.713200 ms (FindLiveObjects: 0.608300 ms CreateObjectMapping: 0.409500 ms MarkObjects: 4.653100 ms  DeleteObjects: 1.041600 ms)

Prepare: number of updated asset objects reloaded= 0
========================================================================
Received Prepare
Refreshing native plugins compatible for Editor in 1.42 ms, found 3 plugins.
Preloading 0 native plugins for Editor in 0.00 ms.
Unloading 0 Unused Serialized files (Serialized files now loaded: 0)
Unloading 3857 unused Assets / (1.0 MB). Loaded Objects now: 4434.
Memory consumption went from 89.7 MB to 88.8 MB.
Total: 6.049200 ms (FindLiveObjects: 0.561500 ms CreateObjectMapping: 0.527600 ms MarkObjects: 3.959600 ms  DeleteObjects: 1.000200 ms)

Prepare: number of updated asset objects reloaded= 0
========================================================================
Received Prepare
Begin MonoManager ReloadAssembly
- Loaded All Assemblies, in  0.618 seconds
Refreshing native plugins compatible for Editor in 1.77 ms, found 3 plugins.
Native extension for WindowsStandalone target not found
Native extension for WebGL target not found
[Package Manager] Failed to launch server process. Reason: Unity was launched with the -noUpm command-line argument
[Package Manager] Unable to send message (not connected to server process).
[Package Manager] Cannot connect to Unity Package Manager local server
Mono: successfully reloaded assembly
- Finished resetting the current domain, in  0.427 seconds
Domain Reload Profiling: 1034ms
	BeginReloadAssembly (207ms)
		ExecutionOrderSort (0ms)
		DisableScriptedObjects (5ms)
		BackupInstance (0ms)
		ReleaseScriptingObjects (0ms)
		CreateAndSetChildDomain (36ms)
	RebuildCommonClasses (34ms)
	RebuildNativeTypeToScriptingClass (8ms)
	initialDomainReloadingComplete (33ms)
	LoadAllAssembliesAndSetupDomain (324ms)
		LoadAssemblies (330ms)
		RebuildTransferFunctionScriptingTraits (0ms)
		AnalyzeDomain (107ms)
			TypeCache.Refresh (5ms)
				TypeCache.ScanAssembly (0ms)
			BuildScriptInfoCaches (94ms)
			ResolveRequiredComponents (5ms)
	FinalizeReload (427ms)
		ReleaseScriptCaches (0ms)
		RebuildScriptCaches (0ms)
		SetupLoadedEditorAssemblies (340ms)
			LogAssemblyErrors (0ms)
			InitializePlatformSupportModulesInManaged (2ms)
			SetLoadedEditorAssemblies (3ms)
			BeforeProcessingInitializeOnLoad (95ms)
			ProcessInitializeOnLoadAttributes (208ms)
			ProcessInitializeOnLoadMethodAttributes (17ms)
			AfterProcessingInitializeOnLoad (15ms)
			EditorAssembliesLoaded (0ms)
		ExecutionOrderSort2 (0ms)
		AwakeInstancesAfterBackupRestoration (7ms)
Refreshing native plugins compatible for Editor in 1.37 ms, found 3 plugins.
Preloading 0 native plugins for Editor in 0.00 ms.
Unloading 0 Unused Serialized files (Serialized files now loaded: 0)
Unloading 3863 unused Assets / (0.9 MB). Loaded Objects now: 4435.
Memory consumption went from 89.5 MB to 88.6 MB.
Total: 5.304300 ms (FindLiveObjects: 0.451800 ms CreateObjectMapping: 0.296800 ms MarkObjects: 3.857300 ms  DeleteObjects: 0.697900 ms)

Prepare: number of updated asset objects reloaded= 0
========================================================================
Received Import Request.
  Time since last request: 444.685345 seconds.
  path: Assets/Prefabs/NPC lvl1.prefab
  artifactKey: Guid(91b160208d6edf544920564c902acd4c) Importer(815301076,1909f56bfc062723c751e8b465ee728b)
Start importing Assets/Prefabs/NPC lvl1.prefab using Guid(91b160208d6edf544920564c902acd4c) Importer(815301076,1909f56bfc062723c751e8b465ee728b) (PreviewImporter) -> (artifact id: '43f9de2381527377943cd5535e795e04') in 0.0594073 seconds
Number of updated asset objects reloaded before import = 0Number of asset objects unloaded after import = 41

========================================================================
Received Import Request.
  Time since last request: 3.203644 seconds.
  path: Assets/Prefabs/NPC lvl1.prefab
  artifactKey: Guid(91b160208d6edf544920564c902acd4c) Importer(815301076,1909f56bfc062723c751e8b465ee728b)
Start importing Assets/Prefabs/NPC lvl1.prefab using Guid(91b160208d6edf544920564c902acd4c) Importer(815301076,1909f56bfc062723c751e8b465ee728b) (PreviewImporter) -> (artifact id: 'c0a52ce3551be4b2fd0fd898b6a91b67') in 0.0089991 seconds
Number of updated asset objects reloaded before import = 0Number of asset objects unloaded after import = 42

========================================================================
Received Import Request.
  Time since last request: 4.658241 seconds.
  path: Assets/Prefabs/NPC lvl1.prefab
  artifactKey: Guid(91b160208d6edf544920564c902acd4c) Importer(815301076,1909f56bfc062723c751e8b465ee728b)
Start importing Assets/Prefabs/NPC lvl1.prefab using Guid(91b160208d6edf544920564c902acd4c) Importer(815301076,1909f56bfc062723c751e8b465ee728b) (PreviewImporter) -> (artifact id: 'a9b15382c26ba141f60fc7353fa892ce') in 0.0077324 seconds
Number of updated asset objects reloaded before import = 0Number of asset objects unloaded after import = 43

========================================================================
Received Import Request.
  Time since last request: 1.876691 seconds.
  path: Assets/Prefabs/NPC lvl1.prefab
  artifactKey: Guid(91b160208d6edf544920564c902acd4c) Importer(815301076,1909f56bfc062723c751e8b465ee728b)
Start importing Assets/Prefabs/NPC lvl1.prefab using Guid(91b160208d6edf544920564c902acd4c) Importer(815301076,1909f56bfc062723c751e8b465ee728b) (PreviewImporter) -> (artifact id: 'd4843c9f6426a0d3ed7b929c382ace5a') in 0.0078573 seconds
Number of updated asset objects reloaded before import = 0Number of asset objects unloaded after import = 44

========================================================================
Received Import Request.
  Time since last request: 17.518048 seconds.
  path: Assets/Prefabs/arrow down.prefab
  artifactKey: Guid(e57132db20ce5db4bb656e4b2af20522) Importer(815301076,1909f56bfc062723c751e8b465ee728b)
Start importing Assets/Prefabs/arrow down.prefab using Guid(e57132db20ce5db4bb656e4b2af20522) Importer(815301076,1909f56bfc062723c751e8b465ee728b) (PreviewImporter) -> (artifact id: '3af237f1654d014be2f3c70a8daf9be9') in 0.0179172 seconds
Number of updated asset objects reloaded before import = 0Number of asset objects unloaded after import = 8

========================================================================
Received Import Request.
  Time since last request: 8.350432 seconds.
  path: Assets/Prefabs/arrow left.prefab
  artifactKey: Guid(7cc0d0720f460fd41a4ca3890829905d) Importer(815301076,1909f56bfc062723c751e8b465ee728b)
Start importing Assets/Prefabs/arrow left.prefab using Guid(7cc0d0720f460fd41a4ca3890829905d) Importer(815301076,1909f56bfc062723c751e8b465ee728b) (PreviewImporter) -> (artifact id: '33012d65b3ed1a3f1e4e352bd70b6288') in 0.0124532 seconds
Number of updated asset objects reloaded before import = 0Number of asset objects unloaded after import = 8

========================================================================
Received Import Request.
  Time since last request: 5.425394 seconds.
  path: Assets/Prefabs/arrow right.prefab
  artifactKey: Guid(065910b39daaec543a56539d6a15b73e) Importer(815301076,1909f56bfc062723c751e8b465ee728b)
Start importing Assets/Prefabs/arrow right.prefab using Guid(065910b39daaec543a56539d6a15b73e) Importer(815301076,1909f56bfc062723c751e8b465ee728b) (PreviewImporter) -> (artifact id: '67de16f2e65e438ecddc2ae08ebaec79') in 0.0097683 seconds
Number of updated asset objects reloaded before import = 0Number of asset objects unloaded after import = 8

========================================================================
Received Import Request.
  Time since last request: 4.987810 seconds.
  path: Assets/Prefabs/arrow up.prefab
  artifactKey: Guid(62f8f759b7d9711479a55a87356b38c6) Importer(815301076,1909f56bfc062723c751e8b465ee728b)
Start importing Assets/Prefabs/arrow up.prefab using Guid(62f8f759b7d9711479a55a87356b38c6) Importer(815301076,1909f56bfc062723c751e8b465ee728b) (PreviewImporter) -> (artifact id: 'b7ec662793a881c12c69250399c36f12') in 0.0164975 seconds
Number of updated asset objects reloaded before import = 0Number of asset objects unloaded after import = 8

========================================================================
Received Prepare
Begin MonoManager ReloadAssembly
[Licensing::Client] Successfully resolved entitlement details
- Loaded All Assemblies, in  0.535 seconds
Refreshing native plugins compatible for Editor in 1.31 ms, found 3 plugins.
Native extension for WindowsStandalone target not found
Native extension for WebGL target not found
[Package Manager] Failed to launch server process. Reason: Unity was launched with the -noUpm command-line argument
[Package Manager] Unable to send message (not connected to server process).
[Package Manager] Cannot connect to Unity Package Manager local server
Mono: successfully reloaded assembly
- Finished resetting the current domain, in  0.436 seconds
Domain Reload Profiling: 963ms
	BeginReloadAssembly (178ms)
		ExecutionOrderSort (0ms)
		DisableScriptedObjects (4ms)
		BackupInstance (0ms)
		ReleaseScriptingObjects (0ms)
		CreateAndSetChildDomain (35ms)
	RebuildCommonClasses (25ms)
	RebuildNativeTypeToScriptingClass (8ms)
	initialDomainReloadingComplete (30ms)
	LoadAllAssembliesAndSetupDomain (284ms)
		LoadAssemblies (289ms)
		RebuildTransferFunctionScriptingTraits (0ms)
		AnalyzeDomain (90ms)
			TypeCache.Refresh (4ms)
				TypeCache.ScanAssembly (0ms)
			BuildScriptInfoCaches (81ms)
			ResolveRequiredComponents (3ms)
	FinalizeReload (437ms)
		ReleaseScriptCaches (0ms)
		RebuildScriptCaches (0ms)
		SetupLoadedEditorAssemblies (355ms)
			LogAssemblyErrors (0ms)
			InitializePlatformSupportModulesInManaged (2ms)
			SetLoadedEditorAssemblies (3ms)
			BeforeProcessingInitializeOnLoad (90ms)
			ProcessInitializeOnLoadAttributes (225ms)
			ProcessInitializeOnLoadMethodAttributes (19ms)
			AfterProcessingInitializeOnLoad (16ms)
			EditorAssembliesLoaded (0ms)
		ExecutionOrderSort2 (0ms)
		AwakeInstancesAfterBackupRestoration (5ms)
Refreshing native plugins compatible for Editor in 1.37 ms, found 3 plugins.
Preloading 0 native plugins for Editor in 0.00 ms.
Unloading 0 Unused Serialized files (Serialized files now loaded: 0)
Unloading 3863 unused Assets / (1.0 MB). Loaded Objects now: 4436.
Memory consumption went from 89.5 MB to 88.5 MB.
Total: 5.712700 ms (FindLiveObjects: 0.418300 ms CreateObjectMapping: 0.378200 ms MarkObjects: 3.969900 ms  DeleteObjects: 0.945400 ms)

Prepare: number of updated asset objects reloaded= 0
========================================================================
Received Prepare
Begin MonoManager ReloadAssembly
[Licensing::Client] Successfully resolved entitlement details
- Loaded All Assemblies, in  0.534 seconds
Refreshing native plugins compatible for Editor in 1.39 ms, found 3 plugins.
Native extension for WindowsStandalone target not found
Native extension for WebGL target not found
[Package Manager] Failed to launch server process. Reason: Unity was launched with the -noUpm command-line argument
[Package Manager] Unable to send message (not connected to server process).
[Package Manager] Cannot connect to Unity Package Manager local server
Mono: successfully reloaded assembly
- Finished resetting the current domain, in  0.456 seconds
Domain Reload Profiling: 983ms
	BeginReloadAssembly (176ms)
		ExecutionOrderSort (0ms)
		DisableScriptedObjects (5ms)
		BackupInstance (0ms)
		ReleaseScriptingObjects (0ms)
		CreateAndSetChildDomain (31ms)
	RebuildCommonClasses (26ms)
	RebuildNativeTypeToScriptingClass (8ms)
	initialDomainReloadingComplete (29ms)
	LoadAllAssembliesAndSetupDomain (287ms)
		LoadAssemblies (288ms)
		RebuildTransferFunctionScriptingTraits (0ms)
		AnalyzeDomain (93ms)
			TypeCache.Refresh (4ms)
				TypeCache.ScanAssembly (0ms)
			BuildScriptInfoCaches (83ms)
			ResolveRequiredComponents (3ms)
	FinalizeReload (457ms)
		ReleaseScriptCaches (0ms)
		RebuildScriptCaches (0ms)
		SetupLoadedEditorAssemblies (372ms)
			LogAssemblyErrors (0ms)
			InitializePlatformSupportModulesInManaged (2ms)
			SetLoadedEditorAssemblies (3ms)
			BeforeProcessingInitializeOnLoad (102ms)
			ProcessInitializeOnLoadAttributes (229ms)
			ProcessInitializeOnLoadMethodAttributes (18ms)
			AfterProcessingInitializeOnLoad (17ms)
			EditorAssembliesLoaded (0ms)
		ExecutionOrderSort2 (0ms)
		AwakeInstancesAfterBackupRestoration (5ms)
Refreshing native plugins compatible for Editor in 1.50 ms, found 3 plugins.
Preloading 0 native plugins for Editor in 0.00 ms.
Unloading 0 Unused Serialized files (Serialized files now loaded: 0)
Unloading 3863 unused Assets / (0.9 MB). Loaded Objects now: 4437.
Memory consumption went from 89.6 MB to 88.7 MB.
Total: 5.681100 ms (FindLiveObjects: 0.539900 ms CreateObjectMapping: 0.362800 ms MarkObjects: 3.995100 ms  DeleteObjects: 0.782700 ms)

Prepare: number of updated asset objects reloaded= 0
========================================================================
Received Prepare
Refreshing native plugins compatible for Editor in 1.77 ms, found 3 plugins.
Preloading 0 native plugins for Editor in 0.00 ms.
Unloading 0 Unused Serialized files (Serialized files now loaded: 0)
Unloading 3857 unused Assets / (0.7 MB). Loaded Objects now: 4437.
Memory consumption went from 89.7 MB to 89.0 MB.
Total: 6.470900 ms (FindLiveObjects: 0.684900 ms CreateObjectMapping: 0.519600 ms MarkObjects: 4.509400 ms  DeleteObjects: 0.756600 ms)

Prepare: number of updated asset objects reloaded= 0
========================================================================
Received Import Request.
  Time since last request: 104.834322 seconds.
  path: Assets/Prefabs/NPC lvl1.prefab
  artifactKey: Guid(91b160208d6edf544920564c902acd4c) Importer(815301076,1909f56bfc062723c751e8b465ee728b)
Start importing Assets/Prefabs/NPC lvl1.prefab using Guid(91b160208d6edf544920564c902acd4c) Importer(815301076,1909f56bfc062723c751e8b465ee728b) (PreviewImporter) -> (artifact id: '323de1235b2c52929d655247d82cf134') in 0.0524767 seconds
Number of updated asset objects reloaded before import = 0Number of asset objects unloaded after import = 44

========================================================================
Received Prepare
Begin MonoManager ReloadAssembly
- Loaded All Assemblies, in  0.616 seconds
Refreshing native plugins compatible for Editor in 1.13 ms, found 3 plugins.
Native extension for WindowsStandalone target not found
Native extension for WebGL target not found
[Package Manager] Failed to launch server process. Reason: Unity was launched with the -noUpm command-line argument
[Package Manager] Unable to send message (not connected to server process).
[Package Manager] Cannot connect to Unity Package Manager local server
Mono: successfully reloaded assembly
- Finished resetting the current domain, in  0.375 seconds
Domain Reload Profiling: 980ms
	BeginReloadAssembly (210ms)
		ExecutionOrderSort (0ms)
		DisableScriptedObjects (5ms)
		BackupInstance (0ms)
		ReleaseScriptingObjects (0ms)
		CreateAndSetChildDomain (36ms)
	RebuildCommonClasses (30ms)
	RebuildNativeTypeToScriptingClass (12ms)
	initialDomainReloadingComplete (36ms)
	LoadAllAssembliesAndSetupDomain (317ms)
		LoadAssemblies (329ms)
		RebuildTransferFunctionScriptingTraits (0ms)
		AnalyzeDomain (105ms)
			TypeCache.Refresh (5ms)
				TypeCache.ScanAssembly (0ms)
			BuildScriptInfoCaches (93ms)
			ResolveRequiredComponents (3ms)
	FinalizeReload (375ms)
		ReleaseScriptCaches (0ms)
		RebuildScriptCaches (0ms)
		SetupLoadedEditorAssemblies (302ms)
			LogAssemblyErrors (0ms)
			InitializePlatformSupportModulesInManaged (2ms)
			SetLoadedEditorAssemblies (3ms)
			BeforeProcessingInitializeOnLoad (92ms)
			ProcessInitializeOnLoadAttributes (177ms)
			ProcessInitializeOnLoadMethodAttributes (14ms)
			AfterProcessingInitializeOnLoad (14ms)
			EditorAssembliesLoaded (0ms)
		ExecutionOrderSort2 (0ms)
		AwakeInstancesAfterBackupRestoration (5ms)
Refreshing native plugins compatible for Editor in 1.41 ms, found 3 plugins.
Preloading 0 native plugins for Editor in 0.00 ms.
Unloading 0 Unused Serialized files (Serialized files now loaded: 0)
Unloading 3863 unused Assets / (0.7 MB). Loaded Objects now: 4438.
Memory consumption went from 89.6 MB to 88.8 MB.
Total: 4.298000 ms (FindLiveObjects: 0.400100 ms CreateObjectMapping: 0.268600 ms MarkObjects: 3.062600 ms  DeleteObjects: 0.566300 ms)

Prepare: number of updated asset objects reloaded= 0
========================================================================
Received Prepare
Begin MonoManager ReloadAssembly
- Loaded All Assemblies, in  0.513 seconds
Refreshing native plugins compatible for Editor in 1.46 ms, found 3 plugins.
Native extension for WindowsStandalone target not found
Native extension for WebGL target not found
[Package Manager] Failed to launch server process. Reason: Unity was launched with the -noUpm command-line argument
[Package Manager] Unable to send message (not connected to server process).
[Package Manager] Cannot connect to Unity Package Manager local server
Mono: successfully reloaded assembly
- Finished resetting the current domain, in  0.462 seconds
Domain Reload Profiling: 968ms
	BeginReloadAssembly (169ms)
		ExecutionOrderSort (0ms)
		DisableScriptedObjects (4ms)
		BackupInstance (0ms)
		ReleaseScriptingObjects (0ms)
		CreateAndSetChildDomain (31ms)
	RebuildCommonClasses (25ms)
	RebuildNativeTypeToScriptingClass (9ms)
	initialDomainReloadingComplete (28ms)
	LoadAllAssembliesAndSetupDomain (275ms)
		LoadAssemblies (271ms)
		RebuildTransferFunctionScriptingTraits (0ms)
		AnalyzeDomain (92ms)
			TypeCache.Refresh (3ms)
				TypeCache.ScanAssembly (0ms)
			BuildScriptInfoCaches (82ms)
			ResolveRequiredComponents (3ms)
	FinalizeReload (462ms)
		ReleaseScriptCaches (0ms)
		RebuildScriptCaches (0ms)
		SetupLoadedEditorAssemblies (376ms)
			LogAssemblyErrors (0ms)
			InitializePlatformSupportModulesInManaged (2ms)
			SetLoadedEditorAssemblies (3ms)
			BeforeProcessingInitializeOnLoad (102ms)
			ProcessInitializeOnLoadAttributes (232ms)
			ProcessInitializeOnLoadMethodAttributes (19ms)
			AfterProcessingInitializeOnLoad (18ms)
			EditorAssembliesLoaded (0ms)
		ExecutionOrderSort2 (0ms)
		AwakeInstancesAfterBackupRestoration (5ms)
Refreshing native plugins compatible for Editor in 1.54 ms, found 3 plugins.
Preloading 0 native plugins for Editor in 0.00 ms.
Unloading 0 Unused Serialized files (Serialized files now loaded: 0)
Unloading 3863 unused Assets / (1.0 MB). Loaded Objects now: 4439.
Memory consumption went from 89.6 MB to 88.6 MB.
Total: 5.238700 ms (FindLiveObjects: 0.402000 ms CreateObjectMapping: 0.242500 ms MarkObjects: 3.757500 ms  DeleteObjects: 0.836100 ms)

Prepare: number of updated asset objects reloaded= 0
========================================================================
Received Import Request.
  Time since last request: 148.055315 seconds.
  path: Assets/Prefabs/LeftArrow.prefab
  artifactKey: Guid(fdd13e560fbcebe4688dc69ef03d2ae3) Importer(815301076,1909f56bfc062723c751e8b465ee728b)
Start importing Assets/Prefabs/LeftArrow.prefab using Guid(fdd13e560fbcebe4688dc69ef03d2ae3) Importer(815301076,1909f56bfc062723c751e8b465ee728b) (PreviewImporter) -> (artifact id: '2d2d37ff020fbe30060a5dee0d460a41') in 0.0261475 seconds
Number of updated asset objects reloaded before import = 0Number of asset objects unloaded after import = 8

========================================================================
Received Import Request.
  Time since last request: 12.881416 seconds.
  path: Assets/Prefabs/LeftArrow.prefab
  artifactKey: Guid(fdd13e560fbcebe4688dc69ef03d2ae3) Importer(815301076,1909f56bfc062723c751e8b465ee728b)
Start importing Assets/Prefabs/LeftArrow.prefab using Guid(fdd13e560fbcebe4688dc69ef03d2ae3) Importer(815301076,1909f56bfc062723c751e8b465ee728b) (PreviewImporter) -> (artifact id: 'd719760d2ed44a57ff8e542c8ff7c32f') in 0.0020725 seconds
Number of updated asset objects reloaded before import = 0Number of asset objects unloaded after import = 8

========================================================================
Received Import Request.
  Time since last request: 9.068731 seconds.
  path: Assets/Prefabs/LeftArrow.prefab
  artifactKey: Guid(fdd13e560fbcebe4688dc69ef03d2ae3) Importer(815301076,1909f56bfc062723c751e8b465ee728b)
Start importing Assets/Prefabs/LeftArrow.prefab using Guid(fdd13e560fbcebe4688dc69ef03d2ae3) Importer(815301076,1909f56bfc062723c751e8b465ee728b) (PreviewImporter) -> (artifact id: '6c6737e850e460bbcc79b1375daf6646') in 0.001727 seconds
Number of updated asset objects reloaded before import = 0Number of asset objects unloaded after import = 7

========================================================================
Received Import Request.
  Time since last request: 142.403568 seconds.
  path: Assets/Materials/Correct.mat
  artifactKey: Guid(e2cad1a6ee8ae1949b2b4a97dd1bf9f6) Importer(815301076,1909f56bfc062723c751e8b465ee728b)
Start importing Assets/Materials/Correct.mat using Guid(e2cad1a6ee8ae1949b2b4a97dd1bf9f6) Importer(815301076,1909f56bfc062723c751e8b465ee728b) (PreviewImporter) -> (artifact id: '373bc5348bbd824bcbf9292b15ede95a') in 0.0428542 seconds
Number of updated asset objects reloaded before import = 0Number of asset objects unloaded after import = 1

========================================================================
Received Prepare
Refreshing native plugins compatible for Editor in 1.12 ms, found 3 plugins.
Preloading 0 native plugins for Editor in 0.00 ms.
Unloading 0 Unused Serialized files (Serialized files now loaded: 0)
Unloading 3857 unused Assets / (0.7 MB). Loaded Objects now: 4440.
Memory consumption went from 89.8 MB to 89.1 MB.
Total: 4.907200 ms (FindLiveObjects: 0.394200 ms CreateObjectMapping: 0.107000 ms MarkObjects: 3.699500 ms  DeleteObjects: 0.705900 ms)

Prepare: number of updated asset objects reloaded= 0
========================================================================
Received Prepare
Refreshing native plugins compatible for Editor in 1.27 ms, found 3 plugins.
Preloading 0 native plugins for Editor in 0.00 ms.
Unloading 0 Unused Serialized files (Serialized files now loaded: 0)
Unloading 3857 unused Assets / (0.8 MB). Loaded Objects now: 4440.
Memory consumption went from 89.8 MB to 89.0 MB.
Total: 4.576700 ms (FindLiveObjects: 0.381800 ms CreateObjectMapping: 0.288200 ms MarkObjects: 3.123400 ms  DeleteObjects: 0.782400 ms)

Prepare: number of updated asset objects reloaded= 0
========================================================================
Received Prepare
Refreshing native plugins compatible for Editor in 1.23 ms, found 3 plugins.
Preloading 0 native plugins for Editor in 0.00 ms.
Unloading 0 Unused Serialized files (Serialized files now loaded: 0)
Unloading 3857 unused Assets / (0.8 MB). Loaded Objects now: 4440.
Memory consumption went from 89.8 MB to 89.0 MB.
Total: 5.271900 ms (FindLiveObjects: 0.381200 ms CreateObjectMapping: 0.100100 ms MarkObjects: 3.980300 ms  DeleteObjects: 0.809800 ms)

Prepare: number of updated asset objects reloaded= 0
========================================================================
Received Prepare
Begin MonoManager ReloadAssembly
[Licensing::Client] Successfully resolved entitlement details
- Loaded All Assemblies, in  0.676 seconds
Refreshing native plugins compatible for Editor in 1.21 ms, found 3 plugins.
Native extension for WindowsStandalone target not found
Native extension for WebGL target not found
[Package Manager] Failed to launch server process. Reason: Unity was launched with the -noUpm command-line argument
[Package Manager] Unable to send message (not connected to server process).
[Package Manager] Cannot connect to Unity Package Manager local server
Mono: successfully reloaded assembly
- Finished resetting the current domain, in  0.489 seconds
Domain Reload Profiling: 1154ms
	BeginReloadAssembly (217ms)
		ExecutionOrderSort (0ms)
		DisableScriptedObjects (4ms)
		BackupInstance (0ms)
		ReleaseScriptingObjects (0ms)
		CreateAndSetChildDomain (37ms)
	RebuildCommonClasses (31ms)
	RebuildNativeTypeToScriptingClass (11ms)
	initialDomainReloadingComplete (34ms)
	LoadAllAssembliesAndSetupDomain (370ms)
		LoadAssemblies (360ms)
		RebuildTransferFunctionScriptingTraits (0ms)
		AnalyzeDomain (130ms)
			TypeCache.Refresh (6ms)
				TypeCache.ScanAssembly (0ms)
			BuildScriptInfoCaches (117ms)
			ResolveRequiredComponents (4ms)
	FinalizeReload (490ms)
		ReleaseScriptCaches (0ms)
		RebuildScriptCaches (0ms)
		SetupLoadedEditorAssemblies (379ms)
			LogAssemblyErrors (0ms)
			InitializePlatformSupportModulesInManaged (3ms)
			SetLoadedEditorAssemblies (4ms)
			BeforeProcessingInitializeOnLoad (112ms)
			ProcessInitializeOnLoadAttributes (225ms)
			ProcessInitializeOnLoadMethodAttributes (17ms)
			AfterProcessingInitializeOnLoad (18ms)
			EditorAssembliesLoaded (0ms)
		ExecutionOrderSort2 (0ms)
		AwakeInstancesAfterBackupRestoration (6ms)
Refreshing native plugins compatible for Editor in 1.39 ms, found 3 plugins.
Preloading 0 native plugins for Editor in 0.00 ms.
Unloading 0 Unused Serialized files (Serialized files now loaded: 0)
Unloading 3863 unused Assets / (0.9 MB). Loaded Objects now: 4440.
Memory consumption went from 89.6 MB to 88.7 MB.
Total: 5.229500 ms (FindLiveObjects: 0.366300 ms CreateObjectMapping: 0.252100 ms MarkObjects: 3.791000 ms  DeleteObjects: 0.819700 ms)

Prepare: number of updated asset objects reloaded= 0
========================================================================
Received Prepare
Refreshing native plugins compatible for Editor in 7.21 ms, found 3 plugins.
Preloading 0 native plugins for Editor in 0.00 ms.
Unloading 0 Unused Serialized files (Serialized files now loaded: 0)
Unloading 3857 unused Assets / (1.4 MB). Loaded Objects now: 4440.
Memory consumption went from 89.8 MB to 88.3 MB.
Total: 16.346800 ms (FindLiveObjects: 1.177200 ms CreateObjectMapping: 0.692500 ms MarkObjects: 10.284000 ms  DeleteObjects: 4.192200 ms)

Prepare: number of updated asset objects reloaded= 0
========================================================================
Received Prepare
Begin MonoManager ReloadAssembly
- Loaded All Assemblies, in  0.663 seconds
Refreshing native plugins compatible for Editor in 1.10 ms, found 3 plugins.
Native extension for WindowsStandalone target not found
Native extension for WebGL target not found
[Package Manager] Failed to launch server process. Reason: Unity was launched with the -noUpm command-line argument
[Package Manager] Unable to send message (not connected to server process).
[Package Manager] Cannot connect to Unity Package Manager local server
Mono: successfully reloaded assembly
- Finished resetting the current domain, in  0.454 seconds
Domain Reload Profiling: 1105ms
	BeginReloadAssembly (206ms)
		ExecutionOrderSort (0ms)
		DisableScriptedObjects (5ms)
		BackupInstance (0ms)
		ReleaseScriptingObjects (0ms)
		CreateAndSetChildDomain (35ms)
	RebuildCommonClasses (35ms)
	RebuildNativeTypeToScriptingClass (13ms)
	initialDomainReloadingComplete (36ms)
	LoadAllAssembliesAndSetupDomain (360ms)
		LoadAssemblies (364ms)
		RebuildTransferFunctionScriptingTraits (0ms)
		AnalyzeDomain (111ms)
			TypeCache.Refresh (6ms)
				TypeCache.ScanAssembly (0ms)
			BuildScriptInfoCaches (98ms)
			ResolveRequiredComponents (3ms)
	FinalizeReload (454ms)
		ReleaseScriptCaches (0ms)
		RebuildScriptCaches (0ms)
		SetupLoadedEditorAssemblies (366ms)
			LogAssemblyErrors (0ms)
			InitializePlatformSupportModulesInManaged (2ms)
			SetLoadedEditorAssemblies (3ms)
			BeforeProcessingInitializeOnLoad (107ms)
			ProcessInitializeOnLoadAttributes (220ms)
			ProcessInitializeOnLoadMethodAttributes (15ms)
			AfterProcessingInitializeOnLoad (18ms)
			EditorAssembliesLoaded (0ms)
		ExecutionOrderSort2 (0ms)
		AwakeInstancesAfterBackupRestoration (6ms)
Refreshing native plugins compatible for Editor in 1.25 ms, found 3 plugins.
Preloading 0 native plugins for Editor in 0.00 ms.
Unloading 0 Unused Serialized files (Serialized files now loaded: 0)
Unloading 3863 unused Assets / (0.7 MB). Loaded Objects now: 4441.
Memory consumption went from 89.6 MB to 88.8 MB.
Total: 4.989800 ms (FindLiveObjects: 0.398900 ms CreateObjectMapping: 0.146300 ms MarkObjects: 3.725900 ms  DeleteObjects: 0.718300 ms)

Prepare: number of updated asset objects reloaded= 0
========================================================================
Received Prepare
Refreshing native plugins compatible for Editor in 1.29 ms, found 3 plugins.
Preloading 0 native plugins for Editor in 0.00 ms.
Unloading 0 Unused Serialized files (Serialized files now loaded: 0)
Unloading 3857 unused Assets / (0.9 MB). Loaded Objects now: 4441.
Memory consumption went from 89.8 MB to 88.9 MB.
Total: 5.785500 ms (FindLiveObjects: 0.629700 ms CreateObjectMapping: 0.450000 ms MarkObjects: 3.769000 ms  DeleteObjects: 0.936300 ms)

Prepare: number of updated asset objects reloaded= 0
========================================================================
Received Prepare
Begin MonoManager ReloadAssembly
- Loaded All Assemblies, in  0.624 seconds
Refreshing native plugins compatible for Editor in 1.40 ms, found 3 plugins.
Native extension for WindowsStandalone target not found
Native extension for WebGL target not found
[Package Manager] Failed to launch server process. Reason: Unity was launched with the -noUpm command-line argument
[Package Manager] Unable to send message (not connected to server process).
[Package Manager] Cannot connect to Unity Package Manager local server
Mono: successfully reloaded assembly
- Finished resetting the current domain, in  0.375 seconds
Domain Reload Profiling: 987ms
	BeginReloadAssembly (213ms)
		ExecutionOrderSort (0ms)
		DisableScriptedObjects (5ms)
		BackupInstance (0ms)
		ReleaseScriptingObjects (0ms)
		CreateAndSetChildDomain (37ms)
	RebuildCommonClasses (28ms)
	RebuildNativeTypeToScriptingClass (10ms)
	initialDomainReloadingComplete (37ms)
	LoadAllAssembliesAndSetupDomain (325ms)
		LoadAssemblies (337ms)
		RebuildTransferFunctionScriptingTraits (0ms)
		AnalyzeDomain (107ms)
			TypeCache.Refresh (5ms)
				TypeCache.ScanAssembly (0ms)
			BuildScriptInfoCaches (95ms)
			ResolveRequiredComponents (3ms)
	FinalizeReload (375ms)
		ReleaseScriptCaches (0ms)
		RebuildScriptCaches (0ms)
		SetupLoadedEditorAssemblies (295ms)
			LogAssemblyErrors (0ms)
			InitializePlatformSupportModulesInManaged (2ms)
			SetLoadedEditorAssemblies (3ms)
			BeforeProcessingInitializeOnLoad (81ms)
			ProcessInitializeOnLoadAttributes (178ms)
			ProcessInitializeOnLoadMethodAttributes (16ms)
			AfterProcessingInitializeOnLoad (14ms)
			EditorAssembliesLoaded (0ms)
		ExecutionOrderSort2 (0ms)
		AwakeInstancesAfterBackupRestoration (11ms)
Refreshing native plugins compatible for Editor in 1.35 ms, found 3 plugins.
Preloading 0 native plugins for Editor in 0.00 ms.
Unloading 0 Unused Serialized files (Serialized files now loaded: 0)
Unloading 3863 unused Assets / (0.8 MB). Loaded Objects now: 4442.
Memory consumption went from 89.6 MB to 88.8 MB.
Total: 4.440300 ms (FindLiveObjects: 0.356300 ms CreateObjectMapping: 0.237300 ms MarkObjects: 3.238500 ms  DeleteObjects: 0.607700 ms)

Prepare: number of updated asset objects reloaded= 0
========================================================================
Received Prepare
Begin MonoManager ReloadAssembly
- Loaded All Assemblies, in  0.523 seconds
Refreshing native plugins compatible for Editor in 1.47 ms, found 3 plugins.
Native extension for WindowsStandalone target not found
Native extension for WebGL target not found
[Package Manager] Failed to launch server process. Reason: Unity was launched with the -noUpm command-line argument
[Package Manager] Unable to send message (not connected to server process).
[Package Manager] Cannot connect to Unity Package Manager local server
Mono: successfully reloaded assembly
- Finished resetting the current domain, in  0.451 seconds
Domain Reload Profiling: 968ms
	BeginReloadAssembly (176ms)
		ExecutionOrderSort (0ms)
		DisableScriptedObjects (5ms)
		BackupInstance (0ms)
		ReleaseScriptingObjects (0ms)
		CreateAndSetChildDomain (32ms)
	RebuildCommonClasses (29ms)
	RebuildNativeTypeToScriptingClass (8ms)
	initialDomainReloadingComplete (33ms)
	LoadAllAssembliesAndSetupDomain (270ms)
		LoadAssemblies (274ms)
		RebuildTransferFunctionScriptingTraits (0ms)
		AnalyzeDomain (90ms)
			TypeCache.Refresh (4ms)
				TypeCache.ScanAssembly (0ms)
			BuildScriptInfoCaches (81ms)
			ResolveRequiredComponents (3ms)
	FinalizeReload (451ms)
		ReleaseScriptCaches (0ms)
		RebuildScriptCaches (0ms)
		SetupLoadedEditorAssemblies (367ms)
			LogAssemblyErrors (0ms)
			InitializePlatformSupportModulesInManaged (2ms)
			SetLoadedEditorAssemblies (3ms)
			BeforeProcessingInitializeOnLoad (95ms)
			ProcessInitializeOnLoadAttributes (232ms)
			ProcessInitializeOnLoadMethodAttributes (19ms)
			AfterProcessingInitializeOnLoad (16ms)
			EditorAssembliesLoaded (0ms)
		ExecutionOrderSort2 (0ms)
		AwakeInstancesAfterBackupRestoration (6ms)
Refreshing native plugins compatible for Editor in 1.27 ms, found 3 plugins.
Preloading 0 native plugins for Editor in 0.00 ms.
Unloading 0 Unused Serialized files (Serialized files now loaded: 0)
Unloading 3863 unused Assets / (0.9 MB). Loaded Objects now: 4443.
Memory consumption went from 89.6 MB to 88.7 MB.
Total: 5.865500 ms (FindLiveObjects: 0.529700 ms CreateObjectMapping: 0.243100 ms MarkObjects: 4.275200 ms  DeleteObjects: 0.816900 ms)

Prepare: number of updated asset objects reloaded= 0
========================================================================
Received Import Request.
  Time since last request: 4797.742464 seconds.
  path: Assets/TextMesh Pro/Sprites/EmojiOne.png
  artifactKey: Guid(dffef66376be4fa480fb02b19edbe903) Importer(815301076,1909f56bfc062723c751e8b465ee728b)
Start importing Assets/TextMesh Pro/Sprites/EmojiOne.png using Guid(dffef66376be4fa480fb02b19edbe903) Importer(815301076,1909f56bfc062723c751e8b465ee728b) (PreviewImporter) -> (artifact id: '33b6264d7bd6c51caffbf052e7106c07') in 0.0524033 seconds
Number of updated asset objects reloaded before import = 0Number of asset objects unloaded after import = 2

========================================================================
Received Import Request.
  Time since last request: 128.480874 seconds.
  path: Assets/Materials/Correct.mat
  artifactKey: Guid(e2cad1a6ee8ae1949b2b4a97dd1bf9f6) Importer(815301076,1909f56bfc062723c751e8b465ee728b)
Start importing Assets/Materials/Correct.mat using Guid(e2cad1a6ee8ae1949b2b4a97dd1bf9f6) Importer(815301076,1909f56bfc062723c751e8b465ee728b) (PreviewImporter) -> (artifact id: 'ee078dcee3c20cee08927c1cb2b3e941') in 0.1582252 seconds
Number of updated asset objects reloaded before import = 0Number of asset objects unloaded after import = 1

========================================================================
Received Prepare
Begin MonoManager ReloadAssembly
[Licensing::Client] Successfully resolved entitlement details
- Loaded All Assemblies, in  0.551 seconds
Refreshing native plugins compatible for Editor in 1.71 ms, found 3 plugins.
Native extension for WindowsStandalone target not found
Native extension for WebGL target not found
[Package Manager] Failed to launch server process. Reason: Unity was launched with the -noUpm command-line argument
[Package Manager] Unable to send message (not connected to server process).
[Package Manager] Cannot connect to Unity Package Manager local server
Mono: successfully reloaded assembly
- Finished resetting the current domain, in  0.488 seconds
Domain Reload Profiling: 1031ms
	BeginReloadAssembly (185ms)
		ExecutionOrderSort (0ms)
		DisableScriptedObjects (3ms)
		BackupInstance (0ms)
		ReleaseScriptingObjects (0ms)
		CreateAndSetChildDomain (37ms)
	RebuildCommonClasses (25ms)
	RebuildNativeTypeToScriptingClass (10ms)
	initialDomainReloadingComplete (30ms)
	LoadAllAssembliesAndSetupDomain (294ms)
		LoadAssemblies (298ms)
		RebuildTransferFunctionScriptingTraits (0ms)
		AnalyzeDomain (96ms)
			TypeCache.Refresh (4ms)
				TypeCache.ScanAssembly (0ms)
			BuildScriptInfoCaches (87ms)
			ResolveRequiredComponents (3ms)
	FinalizeReload (489ms)
		ReleaseScriptCaches (0ms)
		RebuildScriptCaches (0ms)
		SetupLoadedEditorAssemblies (396ms)
			LogAssemblyErrors (0ms)
			InitializePlatformSupportModulesInManaged (2ms)
			SetLoadedEditorAssemblies (3ms)
			BeforeProcessingInitializeOnLoad (97ms)
			ProcessInitializeOnLoadAttributes (249ms)
			ProcessInitializeOnLoadMethodAttributes (24ms)
			AfterProcessingInitializeOnLoad (21ms)
			EditorAssembliesLoaded (0ms)
		ExecutionOrderSort2 (0ms)
		AwakeInstancesAfterBackupRestoration (7ms)
Refreshing native plugins compatible for Editor in 1.93 ms, found 3 plugins.
Preloading 0 native plugins for Editor in 0.00 ms.
Unloading 0 Unused Serialized files (Serialized files now loaded: 0)
Unloading 3863 unused Assets / (1.0 MB). Loaded Objects now: 4446.
Memory consumption went from 89.6 MB to 88.6 MB.
Total: 7.363300 ms (FindLiveObjects: 0.676600 ms CreateObjectMapping: 0.514000 ms MarkObjects: 4.767100 ms  DeleteObjects: 1.404900 ms)

Prepare: number of updated asset objects reloaded= 0
========================================================================
Received Import Request.
  Time since last request: 91.112294 seconds.
  path: Assets/Materials/Correct.mat
  artifactKey: Guid(e2cad1a6ee8ae1949b2b4a97dd1bf9f6) Importer(815301076,1909f56bfc062723c751e8b465ee728b)
Start importing Assets/Materials/Correct.mat using Guid(e2cad1a6ee8ae1949b2b4a97dd1bf9f6) Importer(815301076,1909f56bfc062723c751e8b465ee728b) (PreviewImporter) -> (artifact id: '3ceba2000a5c03e0ff4acfb57580269a') in 0.0844539 seconds
Number of updated asset objects reloaded before import = 0Number of asset objects unloaded after import = 1

========================================================================
Received Prepare
Refreshing native plugins compatible for Editor in 1.58 ms, found 3 plugins.
Preloading 0 native plugins for Editor in 0.00 ms.
Unloading 0 Unused Serialized files (Serialized files now loaded: 0)
Unloading 3857 unused Assets / (1.1 MB). Loaded Objects now: 4447.
Memory consumption went from 89.8 MB to 88.7 MB.
Total: 6.706200 ms (FindLiveObjects: 0.451500 ms CreateObjectMapping: 0.320700 ms MarkObjects: 4.908600 ms  DeleteObjects: 1.024700 ms)

Prepare: number of updated asset objects reloaded= 0
========================================================================
Received Prepare
Refreshing native plugins compatible for Editor in 1.51 ms, found 3 plugins.
Preloading 0 native plugins for Editor in 0.00 ms.
Unloading 0 Unused Serialized files (Serialized files now loaded: 0)
Unloading 3857 unused Assets / (1.2 MB). Loaded Objects now: 4447.
Memory consumption went from 89.8 MB to 88.6 MB.
Total: 6.772300 ms (FindLiveObjects: 0.590600 ms CreateObjectMapping: 0.426900 ms MarkObjects: 4.646100 ms  DeleteObjects: 1.108000 ms)

Prepare: number of updated asset objects reloaded= 0
========================================================================
Received Prepare
Begin MonoManager ReloadAssembly
[Licensing::Client] Successfully resolved entitlement details
- Loaded All Assemblies, in  0.541 seconds
Refreshing native plugins compatible for Editor in 1.69 ms, found 3 plugins.
Native extension for WindowsStandalone target not found
Native extension for WebGL target not found
[Package Manager] Failed to launch server process. Reason: Unity was launched with the -noUpm command-line argument
[Package Manager] Unable to send message (not connected to server process).
[Package Manager] Cannot connect to Unity Package Manager local server
Mono: successfully reloaded assembly
- Finished resetting the current domain, in  0.359 seconds
Domain Reload Profiling: 892ms
	BeginReloadAssembly (175ms)
		ExecutionOrderSort (0ms)
		DisableScriptedObjects (4ms)
		BackupInstance (0ms)
		ReleaseScriptingObjects (0ms)
		CreateAndSetChildDomain (32ms)
	RebuildCommonClasses (25ms)
	RebuildNativeTypeToScriptingClass (10ms)
	initialDomainReloadingComplete (29ms)
	LoadAllAssembliesAndSetupDomain (292ms)
		LoadAssemblies (286ms)
		RebuildTransferFunctionScriptingTraits (0ms)
		AnalyzeDomain (100ms)
			TypeCache.Refresh (5ms)
				TypeCache.ScanAssembly (0ms)
			BuildScriptInfoCaches (90ms)
			ResolveRequiredComponents (3ms)
	FinalizeReload (360ms)
		ReleaseScriptCaches (0ms)
		RebuildScriptCaches (0ms)
		SetupLoadedEditorAssemblies (287ms)
			LogAssemblyErrors (0ms)
			InitializePlatformSupportModulesInManaged (2ms)
			SetLoadedEditorAssemblies (3ms)
			BeforeProcessingInitializeOnLoad (78ms)
			ProcessInitializeOnLoadAttributes (178ms)
			ProcessInitializeOnLoadMethodAttributes (13ms)
			AfterProcessingInitializeOnLoad (13ms)
			EditorAssembliesLoaded (0ms)
		ExecutionOrderSort2 (0ms)
		AwakeInstancesAfterBackupRestoration (4ms)
Refreshing native plugins compatible for Editor in 1.19 ms, found 3 plugins.
Preloading 0 native plugins for Editor in 0.00 ms.
Unloading 0 Unused Serialized files (Serialized files now loaded: 0)
Unloading 3863 unused Assets / (0.8 MB). Loaded Objects now: 4447.
Memory consumption went from 89.6 MB to 88.8 MB.
Total: 4.505400 ms (FindLiveObjects: 0.362200 ms CreateObjectMapping: 0.212600 ms MarkObjects: 3.342000 ms  DeleteObjects: 0.588100 ms)

Prepare: number of updated asset objects reloaded= 0
========================================================================
Received Import Request.
  Time since last request: 69.425262 seconds.
  path: Assets/Prefabs/NPC lvl1.prefab
  artifactKey: Guid(91b160208d6edf544920564c902acd4c) Importer(815301076,1909f56bfc062723c751e8b465ee728b)
Start importing Assets/Prefabs/NPC lvl1.prefab using Guid(91b160208d6edf544920564c902acd4c) Importer(815301076,1909f56bfc062723c751e8b465ee728b) (PreviewImporter) -> (artifact id: '878460885d8d130eb0b57815f394549e') in 0.0712522 seconds
Number of updated asset objects reloaded before import = 0Number of asset objects unloaded after import = 44

========================================================================
Received Prepare
Refreshing native plugins compatible for Editor in 1.23 ms, found 3 plugins.
Preloading 0 native plugins for Editor in 0.00 ms.
Unloading 0 Unused Serialized files (Serialized files now loaded: 0)
Unloading 3857 unused Assets / (0.9 MB). Loaded Objects now: 4448.
Memory consumption went from 89.9 MB to 89.0 MB.
Total: 6.442800 ms (FindLiveObjects: 0.390800 ms CreateObjectMapping: 0.366400 ms MarkObjects: 4.694900 ms  DeleteObjects: 0.989900 ms)

Prepare: number of updated asset objects reloaded= 0
========================================================================
Received Prepare
Begin MonoManager ReloadAssembly
- Loaded All Assemblies, in  0.533 seconds
Refreshing native plugins compatible for Editor in 1.88 ms, found 3 plugins.
Native extension for WindowsStandalone target not found
Native extension for WebGL target not found
[Package Manager] Failed to launch server process. Reason: Unity was launched with the -noUpm command-line argument
[Package Manager] Unable to send message (not connected to server process).
[Package Manager] Cannot connect to Unity Package Manager local server
Mono: successfully reloaded assembly
- Finished resetting the current domain, in  0.372 seconds
Domain Reload Profiling: 898ms
	BeginReloadAssembly (179ms)
		ExecutionOrderSort (0ms)
		DisableScriptedObjects (4ms)
		BackupInstance (0ms)
		ReleaseScriptingObjects (0ms)
		CreateAndSetChildDomain (33ms)
	RebuildCommonClasses (25ms)
	RebuildNativeTypeToScriptingClass (8ms)
	initialDomainReloadingComplete (29ms)
	LoadAllAssembliesAndSetupDomain (284ms)
		LoadAssemblies (290ms)
		RebuildTransferFunctionScriptingTraits (0ms)
		AnalyzeDomain (89ms)
			TypeCache.Refresh (5ms)
				TypeCache.ScanAssembly (0ms)
			BuildScriptInfoCaches (79ms)
			ResolveRequiredComponents (3ms)
	FinalizeReload (373ms)
		ReleaseScriptCaches (0ms)
		RebuildScriptCaches (0ms)
		SetupLoadedEditorAssemblies (288ms)
			LogAssemblyErrors (0ms)
			InitializePlatformSupportModulesInManaged (2ms)
			SetLoadedEditorAssemblies (3ms)
			BeforeProcessingInitializeOnLoad (78ms)
			ProcessInitializeOnLoadAttributes (176ms)
			ProcessInitializeOnLoadMethodAttributes (16ms)
			AfterProcessingInitializeOnLoad (14ms)
			EditorAssembliesLoaded (0ms)
		ExecutionOrderSort2 (0ms)
		AwakeInstancesAfterBackupRestoration (4ms)
Refreshing native plugins compatible for Editor in 1.22 ms, found 3 plugins.
Preloading 0 native plugins for Editor in 0.00 ms.
Unloading 0 Unused Serialized files (Serialized files now loaded: 0)
Unloading 3863 unused Assets / (0.9 MB). Loaded Objects now: 4448.
Memory consumption went from 89.6 MB to 88.7 MB.
Total: 5.078100 ms (FindLiveObjects: 0.477400 ms CreateObjectMapping: 0.414700 ms MarkObjects: 3.464500 ms  DeleteObjects: 0.720800 ms)

Prepare: number of updated asset objects reloaded= 0
========================================================================
Received Prepare
Begin MonoManager ReloadAssembly
- Loaded All Assemblies, in  0.530 seconds
Refreshing native plugins compatible for Editor in 1.23 ms, found 3 plugins.
Native extension for WindowsStandalone target not found
Native extension for WebGL target not found
[Package Manager] Failed to launch server process. Reason: Unity was launched with the -noUpm command-line argument
[Package Manager] Unable to send message (not connected to server process).
[Package Manager] Cannot connect to Unity Package Manager local server
Mono: successfully reloaded assembly
- Finished resetting the current domain, in  0.457 seconds
Domain Reload Profiling: 979ms
	BeginReloadAssembly (176ms)
		ExecutionOrderSort (0ms)
		DisableScriptedObjects (4ms)
		BackupInstance (0ms)
		ReleaseScriptingObjects (0ms)
		CreateAndSetChildDomain (33ms)
	RebuildCommonClasses (26ms)
	RebuildNativeTypeToScriptingClass (8ms)
	initialDomainReloadingComplete (32ms)
	LoadAllAssembliesAndSetupDomain (280ms)
		LoadAssemblies (284ms)
		RebuildTransferFunctionScriptingTraits (0ms)
		AnalyzeDomain (93ms)
			TypeCache.Refresh (4ms)
				TypeCache.ScanAssembly (0ms)
			BuildScriptInfoCaches (84ms)
			ResolveRequiredComponents (3ms)
	FinalizeReload (457ms)
		ReleaseScriptCaches (0ms)
		RebuildScriptCaches (0ms)
		SetupLoadedEditorAssemblies (370ms)
			LogAssemblyErrors (0ms)
			InitializePlatformSupportModulesInManaged (2ms)
			SetLoadedEditorAssemblies (3ms)
			BeforeProcessingInitializeOnLoad (97ms)
			ProcessInitializeOnLoadAttributes (231ms)
			ProcessInitializeOnLoadMethodAttributes (19ms)
			AfterProcessingInitializeOnLoad (17ms)
			EditorAssembliesLoaded (0ms)
		ExecutionOrderSort2 (0ms)
		AwakeInstancesAfterBackupRestoration (5ms)
Refreshing native plugins compatible for Editor in 1.40 ms, found 3 plugins.
Preloading 0 native plugins for Editor in 0.00 ms.
Unloading 0 Unused Serialized files (Serialized files now loaded: 0)
Unloading 3863 unused Assets / (1.0 MB). Loaded Objects now: 4449.
Memory consumption went from 89.6 MB to 88.6 MB.
Total: 5.123400 ms (FindLiveObjects: 0.398600 ms CreateObjectMapping: 0.256000 ms MarkObjects: 3.654700 ms  DeleteObjects: 0.813500 ms)

Prepare: number of updated asset objects reloaded= 0
========================================================================
Received Prepare
Refreshing native plugins compatible for Editor in 1.37 ms, found 3 plugins.
Preloading 0 native plugins for Editor in 0.00 ms.
Unloading 0 Unused Serialized files (Serialized files now loaded: 0)
Unloading 3857 unused Assets / (0.9 MB). Loaded Objects now: 4449.
Memory consumption went from 89.8 MB to 88.9 MB.
Total: 5.816300 ms (FindLiveObjects: 0.376900 ms CreateObjectMapping: 0.405100 ms MarkObjects: 4.152200 ms  DeleteObjects: 0.881200 ms)

Prepare: number of updated asset objects reloaded= 0
========================================================================
Received Prepare
Begin MonoManager ReloadAssembly
[Licensing::Client] Successfully resolved entitlement details
- Loaded All Assemblies, in  0.663 seconds
Refreshing native plugins compatible for Editor in 1.66 ms, found 3 plugins.
Native extension for WindowsStandalone target not found
Native extension for WebGL target not found
[Package Manager] Failed to launch server process. Reason: Unity was launched with the -noUpm command-line argument
[Package Manager] Unable to send message (not connected to server process).
[Package Manager] Cannot connect to Unity Package Manager local server
Mono: successfully reloaded assembly
- Finished resetting the current domain, in  0.451 seconds
Domain Reload Profiling: 1103ms
	BeginReloadAssembly (212ms)
		ExecutionOrderSort (0ms)
		DisableScriptedObjects (5ms)
		BackupInstance (0ms)
		ReleaseScriptingObjects (0ms)
		CreateAndSetChildDomain (34ms)
	RebuildCommonClasses (37ms)
	RebuildNativeTypeToScriptingClass (13ms)
	initialDomainReloadingComplete (36ms)
	LoadAllAssembliesAndSetupDomain (354ms)
		LoadAssemblies (362ms)
		RebuildTransferFunctionScriptingTraits (0ms)
		AnalyzeDomain (114ms)
			TypeCache.Refresh (6ms)
				TypeCache.ScanAssembly (0ms)
			BuildScriptInfoCaches (100ms)
			ResolveRequiredComponents (4ms)
	FinalizeReload (451ms)
		ReleaseScriptCaches (0ms)
		RebuildScriptCaches (0ms)
		SetupLoadedEditorAssemblies (367ms)
			LogAssemblyErrors (0ms)
			InitializePlatformSupportModulesInManaged (2ms)
			SetLoadedEditorAssemblies (3ms)
			BeforeProcessingInitializeOnLoad (113ms)
			ProcessInitializeOnLoadAttributes (216ms)
			ProcessInitializeOnLoadMethodAttributes (15ms)
			AfterProcessingInitializeOnLoad (18ms)
			EditorAssembliesLoaded (0ms)
		ExecutionOrderSort2 (0ms)
		AwakeInstancesAfterBackupRestoration (5ms)
Refreshing native plugins compatible for Editor in 1.26 ms, found 3 plugins.
Preloading 0 native plugins for Editor in 0.00 ms.
Unloading 0 Unused Serialized files (Serialized files now loaded: 0)
Unloading 3863 unused Assets / (0.9 MB). Loaded Objects now: 4450.
Memory consumption went from 89.6 MB to 88.7 MB.
Total: 5.085100 ms (FindLiveObjects: 0.360000 ms CreateObjectMapping: 0.244700 ms MarkObjects: 3.569500 ms  DeleteObjects: 0.910400 ms)

Prepare: number of updated asset objects reloaded= 0
========================================================================
Received Prepare
Refreshing native plugins compatible for Editor in 1.39 ms, found 3 plugins.
Preloading 0 native plugins for Editor in 0.00 ms.
Unloading 0 Unused Serialized files (Serialized files now loaded: 0)
Unloading 3857 unused Assets / (0.6 MB). Loaded Objects now: 4450.
Memory consumption went from 89.8 MB to 89.2 MB.
Total: 5.144400 ms (FindLiveObjects: 0.424800 ms CreateObjectMapping: 0.299100 ms MarkObjects: 3.692700 ms  DeleteObjects: 0.727400 ms)

Prepare: number of updated asset objects reloaded= 0
========================================================================
Received Prepare
Begin MonoManager ReloadAssembly
- Loaded All Assemblies, in  0.692 seconds
Refreshing native plugins compatible for Editor in 1.69 ms, found 3 plugins.
Native extension for WindowsStandalone target not found
Native extension for WebGL target not found
[Package Manager] Failed to launch server process. Reason: Unity was launched with the -noUpm command-line argument
[Package Manager] Unable to send message (not connected to server process).
[Package Manager] Cannot connect to Unity Package Manager local server
Mono: successfully reloaded assembly
- Finished resetting the current domain, in  0.449 seconds
Domain Reload Profiling: 1130ms
	BeginReloadAssembly (228ms)
		ExecutionOrderSort (0ms)
		DisableScriptedObjects (5ms)
		BackupInstance (0ms)
		ReleaseScriptingObjects (0ms)
		CreateAndSetChildDomain (44ms)
	RebuildCommonClasses (35ms)
	RebuildNativeTypeToScriptingClass (13ms)
	initialDomainReloadingComplete (37ms)
	LoadAllAssembliesAndSetupDomain (368ms)
		LoadAssemblies (372ms)
		RebuildTransferFunctionScriptingTraits (0ms)
		AnalyzeDomain (120ms)
			TypeCache.Refresh (7ms)
				TypeCache.ScanAssembly (0ms)
			BuildScriptInfoCaches (106ms)
			ResolveRequiredComponents (3ms)
	FinalizeReload (450ms)
		ReleaseScriptCaches (0ms)
		RebuildScriptCaches (0ms)
		SetupLoadedEditorAssemblies (361ms)
			LogAssemblyErrors (0ms)
			InitializePlatformSupportModulesInManaged (3ms)
			SetLoadedEditorAssemblies (4ms)
			BeforeProcessingInitializeOnLoad (114ms)
			ProcessInitializeOnLoadAttributes (205ms)
			ProcessInitializeOnLoadMethodAttributes (17ms)
			AfterProcessingInitializeOnLoad (18ms)
			EditorAssembliesLoaded (0ms)
		ExecutionOrderSort2 (0ms)
		AwakeInstancesAfterBackupRestoration (5ms)
Refreshing native plugins compatible for Editor in 1.87 ms, found 3 plugins.
Preloading 0 native plugins for Editor in 0.00 ms.
Unloading 0 Unused Serialized files (Serialized files now loaded: 0)
Unloading 3863 unused Assets / (0.8 MB). Loaded Objects now: 4451.
Memory consumption went from 89.6 MB to 88.8 MB.
Total: 5.960800 ms (FindLiveObjects: 0.624500 ms CreateObjectMapping: 0.164000 ms MarkObjects: 4.339500 ms  DeleteObjects: 0.831400 ms)

Prepare: number of updated asset objects reloaded= 0
========================================================================
Received Prepare
Begin MonoManager ReloadAssembly
- Loaded All Assemblies, in  0.524 seconds
Refreshing native plugins compatible for Editor in 1.50 ms, found 3 plugins.
Native extension for WindowsStandalone target not found
Native extension for WebGL target not found
[Package Manager] Failed to launch server process. Reason: Unity was launched with the -noUpm command-line argument
[Package Manager] Unable to send message (not connected to server process).
[Package Manager] Cannot connect to Unity Package Manager local server
Mono: successfully reloaded assembly
- Finished resetting the current domain, in  0.434 seconds
Domain Reload Profiling: 949ms
	BeginReloadAssembly (171ms)
		ExecutionOrderSort (0ms)
		DisableScriptedObjects (4ms)
		BackupInstance (0ms)
		ReleaseScriptingObjects (0ms)
		CreateAndSetChildDomain (34ms)
	RebuildCommonClasses (26ms)
	RebuildNativeTypeToScriptingClass (8ms)
	initialDomainReloadingComplete (30ms)
	LoadAllAssembliesAndSetupDomain (280ms)
		LoadAssemblies (284ms)
		RebuildTransferFunctionScriptingTraits (0ms)
		AnalyzeDomain (88ms)
			TypeCache.Refresh (4ms)
				TypeCache.ScanAssembly (0ms)
			BuildScriptInfoCaches (79ms)
			ResolveRequiredComponents (3ms)
	FinalizeReload (434ms)
		ReleaseScriptCaches (0ms)
		RebuildScriptCaches (0ms)
		SetupLoadedEditorAssemblies (350ms)
			LogAssemblyErrors (0ms)
			InitializePlatformSupportModulesInManaged (2ms)
			SetLoadedEditorAssemblies (3ms)
			BeforeProcessingInitializeOnLoad (91ms)
			ProcessInitializeOnLoadAttributes (220ms)
			ProcessInitializeOnLoadMethodAttributes (19ms)
			AfterProcessingInitializeOnLoad (15ms)
			EditorAssembliesLoaded (0ms)
		ExecutionOrderSort2 (0ms)
		AwakeInstancesAfterBackupRestoration (5ms)
Refreshing native plugins compatible for Editor in 1.60 ms, found 3 plugins.
Preloading 0 native plugins for Editor in 0.00 ms.
Unloading 0 Unused Serialized files (Serialized files now loaded: 0)
Unloading 3863 unused Assets / (0.9 MB). Loaded Objects now: 4452.
Memory consumption went from 89.6 MB to 88.7 MB.
Total: 5.356200 ms (FindLiveObjects: 0.420600 ms CreateObjectMapping: 0.378300 ms MarkObjects: 3.676700 ms  DeleteObjects: 0.880100 ms)

Prepare: number of updated asset objects reloaded= 0
========================================================================
Received Import Request.
  Time since last request: 378.759483 seconds.
  path: Assets/Prefabs/NPC lvl1.prefab
  artifactKey: Guid(91b160208d6edf544920564c902acd4c) Importer(815301076,1909f56bfc062723c751e8b465ee728b)
Start importing Assets/Prefabs/NPC lvl1.prefab using Guid(91b160208d6edf544920564c902acd4c) Importer(815301076,1909f56bfc062723c751e8b465ee728b) (PreviewImporter) -> (artifact id: '20510a6f71f78380c627c1c93ef7f6c1') in 0.0620858 seconds
Number of updated asset objects reloaded before import = 0Number of asset objects unloaded after import = 44

========================================================================
Received Prepare
Refreshing native plugins compatible for Editor in 2.33 ms, found 3 plugins.
Preloading 0 native plugins for Editor in 0.00 ms.
Unloading 0 Unused Serialized files (Serialized files now loaded: 0)
Unloading 3857 unused Assets / (0.9 MB). Loaded Objects now: 4453.
Memory consumption went from 89.9 MB to 89.0 MB.
Total: 6.373200 ms (FindLiveObjects: 0.616800 ms CreateObjectMapping: 0.539900 ms MarkObjects: 4.253500 ms  DeleteObjects: 0.962500 ms)

Prepare: number of updated asset objects reloaded= 0
========================================================================
Received Prepare
Begin MonoManager ReloadAssembly
[Licensing::Client] Successfully resolved entitlement details
- Loaded All Assemblies, in  0.658 seconds
Refreshing native plugins compatible for Editor in 1.58 ms, found 3 plugins.
Native extension for WindowsStandalone target not found
Native extension for WebGL target not found
[Package Manager] Failed to launch server process. Reason: Unity was launched with the -noUpm command-line argument
[Package Manager] Unable to send message (not connected to server process).
[Package Manager] Cannot connect to Unity Package Manager local server
Mono: successfully reloaded assembly
- Finished resetting the current domain, in  0.489 seconds
Domain Reload Profiling: 1137ms
	BeginReloadAssembly (225ms)
		ExecutionOrderSort (0ms)
		DisableScriptedObjects (6ms)
		BackupInstance (0ms)
		ReleaseScriptingObjects (0ms)
		CreateAndSetChildDomain (46ms)
	RebuildCommonClasses (35ms)
	RebuildNativeTypeToScriptingClass (8ms)
	initialDomainReloadingComplete (32ms)
	LoadAllAssembliesAndSetupDomain (347ms)
		LoadAssemblies (358ms)
		RebuildTransferFunctionScriptingTraits (0ms)
		AnalyzeDomain (109ms)
			TypeCache.Refresh (6ms)
				TypeCache.ScanAssembly (0ms)
			BuildScriptInfoCaches (97ms)
			ResolveRequiredComponents (3ms)
	FinalizeReload (489ms)
		ReleaseScriptCaches (0ms)
		RebuildScriptCaches (0ms)
		SetupLoadedEditorAssemblies (402ms)
			LogAssemblyErrors (0ms)
			InitializePlatformSupportModulesInManaged (2ms)
			SetLoadedEditorAssemblies (3ms)
			BeforeProcessingInitializeOnLoad (110ms)
			ProcessInitializeOnLoadAttributes (249ms)
			ProcessInitializeOnLoadMethodAttributes (19ms)
			AfterProcessingInitializeOnLoad (19ms)
			EditorAssembliesLoaded (0ms)
		ExecutionOrderSort2 (0ms)
		AwakeInstancesAfterBackupRestoration (6ms)
Refreshing native plugins compatible for Editor in 1.49 ms, found 3 plugins.
Preloading 0 native plugins for Editor in 0.00 ms.
Unloading 0 Unused Serialized files (Serialized files now loaded: 0)
Unloading 3863 unused Assets / (0.9 MB). Loaded Objects now: 4453.
Memory consumption went from 89.6 MB to 88.7 MB.
Total: 4.959300 ms (FindLiveObjects: 0.351000 ms CreateObjectMapping: 0.270600 ms MarkObjects: 3.477700 ms  DeleteObjects: 0.859000 ms)

Prepare: number of updated asset objects reloaded= 0
========================================================================
Received Prepare
Refreshing native plugins compatible for Editor in 1.32 ms, found 3 plugins.
Preloading 0 native plugins for Editor in 0.00 ms.
Unloading 0 Unused Serialized files (Serialized files now loaded: 0)
Unloading 3857 unused Assets / (0.8 MB). Loaded Objects now: 4453.
Memory consumption went from 89.8 MB to 89.0 MB.
Total: 5.853900 ms (FindLiveObjects: 0.575400 ms CreateObjectMapping: 0.434300 ms MarkObjects: 3.970500 ms  DeleteObjects: 0.873100 ms)

Prepare: number of updated asset objects reloaded= 0
========================================================================
Received Prepare
Begin MonoManager ReloadAssembly
- Loaded All Assemblies, in  0.662 seconds
Refreshing native plugins compatible for Editor in 1.86 ms, found 3 plugins.
Native extension for WindowsStandalone target not found
Native extension for WebGL target not found
[Package Manager] Failed to launch server process. Reason: Unity was launched with the -noUpm command-line argument
[Package Manager] Unable to send message (not connected to server process).
[Package Manager] Cannot connect to Unity Package Manager local server
Mono: successfully reloaded assembly
- Finished resetting the current domain, in  0.424 seconds
Domain Reload Profiling: 1076ms
	BeginReloadAssembly (208ms)
		ExecutionOrderSort (0ms)
		DisableScriptedObjects (4ms)
		BackupInstance (0ms)
		ReleaseScriptingObjects (0ms)
		CreateAndSetChildDomain (38ms)
	RebuildCommonClasses (29ms)
	RebuildNativeTypeToScriptingClass (9ms)
	initialDomainReloadingComplete (36ms)
	LoadAllAssembliesAndSetupDomain (371ms)
		LoadAssemblies (354ms)
		RebuildTransferFunctionScriptingTraits (0ms)
		AnalyzeDomain (132ms)
			TypeCache.Refresh (6ms)
				TypeCache.ScanAssembly (0ms)
			BuildScriptInfoCaches (119ms)
			ResolveRequiredComponents (4ms)
	FinalizeReload (425ms)
		ReleaseScriptCaches (0ms)
		RebuildScriptCaches (0ms)
		SetupLoadedEditorAssemblies (348ms)
			LogAssemblyErrors (0ms)
			InitializePlatformSupportModulesInManaged (2ms)
			SetLoadedEditorAssemblies (4ms)
			BeforeProcessingInitializeOnLoad (98ms)
			ProcessInitializeOnLoadAttributes (213ms)
			ProcessInitializeOnLoadMethodAttributes (17ms)
			AfterProcessingInitializeOnLoad (14ms)
			EditorAssembliesLoaded (0ms)
		ExecutionOrderSort2 (0ms)
		AwakeInstancesAfterBackupRestoration (5ms)
Refreshing native plugins compatible for Editor in 1.24 ms, found 3 plugins.
Preloading 0 native plugins for Editor in 0.00 ms.
Unloading 0 Unused Serialized files (Serialized files now loaded: 0)
Unloading 3863 unused Assets / (0.8 MB). Loaded Objects now: 4454.
Memory consumption went from 89.6 MB to 88.8 MB.
Total: 5.353000 ms (FindLiveObjects: 0.590200 ms CreateObjectMapping: 0.433000 ms MarkObjects: 3.688900 ms  DeleteObjects: 0.640400 ms)

Prepare: number of updated asset objects reloaded= 0
========================================================================
Received Prepare
Begin MonoManager ReloadAssembly
- Loaded All Assemblies, in  0.526 seconds
Refreshing native plugins compatible for Editor in 1.22 ms, found 3 plugins.
Native extension for WindowsStandalone target not found
Native extension for WebGL target not found
[Package Manager] Failed to launch server process. Reason: Unity was launched with the -noUpm command-line argument
[Package Manager] Unable to send message (not connected to server process).
[Package Manager] Cannot connect to Unity Package Manager local server
Mono: successfully reloaded assembly
- Finished resetting the current domain, in  0.447 seconds
Domain Reload Profiling: 965ms
	BeginReloadAssembly (171ms)
		ExecutionOrderSort (0ms)
		DisableScriptedObjects (4ms)
		BackupInstance (0ms)
		ReleaseScriptingObjects (0ms)
		CreateAndSetChildDomain (31ms)
	RebuildCommonClasses (25ms)
	RebuildNativeTypeToScriptingClass (8ms)
	initialDomainReloadingComplete (28ms)
	LoadAllAssembliesAndSetupDomain (285ms)
		LoadAssemblies (290ms)
		RebuildTransferFunctionScriptingTraits (0ms)
		AnalyzeDomain (88ms)
			TypeCache.Refresh (4ms)
				TypeCache.ScanAssembly (0ms)
			BuildScriptInfoCaches (79ms)
			ResolveRequiredComponents (3ms)
	FinalizeReload (448ms)
		ReleaseScriptCaches (0ms)
		RebuildScriptCaches (0ms)
		SetupLoadedEditorAssemblies (365ms)
			LogAssemblyErrors (0ms)
			InitializePlatformSupportModulesInManaged (2ms)
			SetLoadedEditorAssemblies (3ms)
			BeforeProcessingInitializeOnLoad (94ms)
			ProcessInitializeOnLoadAttributes (230ms)
			ProcessInitializeOnLoadMethodAttributes (18ms)
			AfterProcessingInitializeOnLoad (17ms)
			EditorAssembliesLoaded (0ms)
		ExecutionOrderSort2 (0ms)
		AwakeInstancesAfterBackupRestoration (5ms)
Refreshing native plugins compatible for Editor in 1.50 ms, found 3 plugins.
Preloading 0 native plugins for Editor in 0.00 ms.
Unloading 0 Unused Serialized files (Serialized files now loaded: 0)
Unloading 3863 unused Assets / (1.0 MB). Loaded Objects now: 4455.
Memory consumption went from 89.6 MB to 88.7 MB.
Total: 5.386600 ms (FindLiveObjects: 0.538400 ms CreateObjectMapping: 0.195400 ms MarkObjects: 3.800300 ms  DeleteObjects: 0.851800 ms)

Prepare: number of updated asset objects reloaded= 0
========================================================================
Received Prepare
Refreshing native plugins compatible for Editor in 1.19 ms, found 3 plugins.
Preloading 0 native plugins for Editor in 0.00 ms.
Unloading 0 Unused Serialized files (Serialized files now loaded: 0)
Unloading 3857 unused Assets / (1.2 MB). Loaded Objects now: 4455.
Memory consumption went from 89.8 MB to 88.6 MB.
Total: 5.787800 ms (FindLiveObjects: 0.480800 ms CreateObjectMapping: 0.351000 ms MarkObjects: 3.969400 ms  DeleteObjects: 0.985900 ms)

Prepare: number of updated asset objects reloaded= 0
========================================================================
Received Prepare
Begin MonoManager ReloadAssembly
[Licensing::Client] Successfully resolved entitlement details
- Loaded All Assemblies, in  0.658 seconds
Refreshing native plugins compatible for Editor in 2.13 ms, found 3 plugins.
Native extension for WindowsStandalone target not found
Native extension for WebGL target not found
[Package Manager] Failed to launch server process. Reason: Unity was launched with the -noUpm command-line argument
[Package Manager] Unable to send message (not connected to server process).
[Package Manager] Cannot connect to Unity Package Manager local server
Mono: successfully reloaded assembly
- Finished resetting the current domain, in  0.480 seconds
Domain Reload Profiling: 1131ms
	BeginReloadAssembly (194ms)
		ExecutionOrderSort (0ms)
		DisableScriptedObjects (4ms)
		BackupInstance (0ms)
		ReleaseScriptingObjects (0ms)
		CreateAndSetChildDomain (35ms)
	RebuildCommonClasses (26ms)
	RebuildNativeTypeToScriptingClass (13ms)
	initialDomainReloadingComplete (36ms)
	LoadAllAssembliesAndSetupDomain (383ms)
		LoadAssemblies (345ms)
		RebuildTransferFunctionScriptingTraits (0ms)
		AnalyzeDomain (135ms)
			TypeCache.Refresh (6ms)
				TypeCache.ScanAssembly (0ms)
			BuildScriptInfoCaches (120ms)
			ResolveRequiredComponents (5ms)
	FinalizeReload (480ms)
		ReleaseScriptCaches (0ms)
		RebuildScriptCaches (0ms)
		SetupLoadedEditorAssemblies (377ms)
			LogAssemblyErrors (0ms)
			InitializePlatformSupportModulesInManaged (3ms)
			SetLoadedEditorAssemblies (4ms)
			BeforeProcessingInitializeOnLoad (113ms)
			ProcessInitializeOnLoadAttributes (220ms)
			ProcessInitializeOnLoadMethodAttributes (16ms)
			AfterProcessingInitializeOnLoad (22ms)
			EditorAssembliesLoaded (0ms)
		ExecutionOrderSort2 (0ms)
		AwakeInstancesAfterBackupRestoration (6ms)
Refreshing native plugins compatible for Editor in 1.11 ms, found 3 plugins.
Preloading 0 native plugins for Editor in 0.00 ms.
Unloading 0 Unused Serialized files (Serialized files now loaded: 0)
Unloading 3863 unused Assets / (0.7 MB). Loaded Objects now: 4456.
Memory consumption went from 89.6 MB to 88.9 MB.
Total: 4.045900 ms (FindLiveObjects: 0.373000 ms CreateObjectMapping: 0.151100 ms MarkObjects: 2.867400 ms  DeleteObjects: 0.654000 ms)

Prepare: number of updated asset objects reloaded= 0
========================================================================
Received Prepare
Refreshing native plugins compatible for Editor in 1.40 ms, found 3 plugins.
Preloading 0 native plugins for Editor in 0.00 ms.
Unloading 0 Unused Serialized files (Serialized files now loaded: 0)
Unloading 3857 unused Assets / (0.8 MB). Loaded Objects now: 4456.
Memory consumption went from 89.8 MB to 89.0 MB.
Total: 5.626000 ms (FindLiveObjects: 0.624400 ms CreateObjectMapping: 0.450300 ms MarkObjects: 3.804100 ms  DeleteObjects: 0.746700 ms)

Prepare: number of updated asset objects reloaded= 0
========================================================================
Received Prepare
Begin MonoManager ReloadAssembly
- Loaded All Assemblies, in  0.661 seconds
Refreshing native plugins compatible for Editor in 1.46 ms, found 3 plugins.
Native extension for WindowsStandalone target not found
Native extension for WebGL target not found
[Package Manager] Failed to launch server process. Reason: Unity was launched with the -noUpm command-line argument
[Package Manager] Unable to send message (not connected to server process).
[Package Manager] Cannot connect to Unity Package Manager local server
Mono: successfully reloaded assembly
- Finished resetting the current domain, in  0.479 seconds
Domain Reload Profiling: 1129ms
	BeginReloadAssembly (196ms)
		ExecutionOrderSort (0ms)
		DisableScriptedObjects (4ms)
		BackupInstance (0ms)
		ReleaseScriptingObjects (0ms)
		CreateAndSetChildDomain (33ms)
	RebuildCommonClasses (33ms)
	RebuildNativeTypeToScriptingClass (13ms)
	initialDomainReloadingComplete (38ms)
	LoadAllAssembliesAndSetupDomain (368ms)
		LoadAssemblies (364ms)
		RebuildTransferFunctionScriptingTraits (0ms)
		AnalyzeDomain (114ms)
			TypeCache.Refresh (6ms)
				TypeCache.ScanAssembly (0ms)
			BuildScriptInfoCaches (101ms)
			ResolveRequiredComponents (4ms)
	FinalizeReload (479ms)
		ReleaseScriptCaches (0ms)
		RebuildScriptCaches (0ms)
		SetupLoadedEditorAssemblies (391ms)
			LogAssemblyErrors (0ms)
			InitializePlatformSupportModulesInManaged (2ms)
			SetLoadedEditorAssemblies (4ms)
			BeforeProcessingInitializeOnLoad (122ms)
			ProcessInitializeOnLoadAttributes (223ms)
			ProcessInitializeOnLoadMethodAttributes (19ms)
			AfterProcessingInitializeOnLoad (20ms)
			EditorAssembliesLoaded (0ms)
		ExecutionOrderSort2 (0ms)
		AwakeInstancesAfterBackupRestoration (6ms)
Refreshing native plugins compatible for Editor in 1.32 ms, found 3 plugins.
Preloading 0 native plugins for Editor in 0.00 ms.
Unloading 0 Unused Serialized files (Serialized files now loaded: 0)
Unloading 3863 unused Assets / (0.9 MB). Loaded Objects now: 4457.
Memory consumption went from 89.6 MB to 88.8 MB.
Total: 6.046900 ms (FindLiveObjects: 0.369300 ms CreateObjectMapping: 0.242500 ms MarkObjects: 4.560000 ms  DeleteObjects: 0.874300 ms)

Prepare: number of updated asset objects reloaded= 0
========================================================================
Received Prepare
Refreshing native plugins compatible for Editor in 1.36 ms, found 3 plugins.
Preloading 0 native plugins for Editor in 0.00 ms.
Unloading 0 Unused Serialized files (Serialized files now loaded: 0)
Unloading 3857 unused Assets / (1.1 MB). Loaded Objects now: 4457.
Memory consumption went from 89.8 MB to 88.8 MB.
Total: 6.106500 ms (FindLiveObjects: 0.598000 ms CreateObjectMapping: 0.438100 ms MarkObjects: 4.111700 ms  DeleteObjects: 0.958300 ms)

Prepare: number of updated asset objects reloaded= 0
========================================================================
Received Prepare
Begin MonoManager ReloadAssembly
- Loaded All Assemblies, in  0.619 seconds
Refreshing native plugins compatible for Editor in 1.62 ms, found 3 plugins.
Native extension for WindowsStandalone target not found
Native extension for WebGL target not found
[Package Manager] Failed to launch server process. Reason: Unity was launched with the -noUpm command-line argument
[Package Manager] Unable to send message (not connected to server process).
[Package Manager] Cannot connect to Unity Package Manager local server
Mono: successfully reloaded assembly
- Finished resetting the current domain, in  0.387 seconds
Domain Reload Profiling: 995ms
	BeginReloadAssembly (212ms)
		ExecutionOrderSort (0ms)
		DisableScriptedObjects (5ms)
		BackupInstance (0ms)
		ReleaseScriptingObjects (0ms)
		CreateAndSetChildDomain (39ms)
	RebuildCommonClasses (30ms)
	RebuildNativeTypeToScriptingClass (11ms)
	initialDomainReloadingComplete (33ms)
	LoadAllAssembliesAndSetupDomain (322ms)
		LoadAssemblies (328ms)
		RebuildTransferFunctionScriptingTraits (0ms)
		AnalyzeDomain (109ms)
			TypeCache.Refresh (6ms)
				TypeCache.ScanAssembly (0ms)
			BuildScriptInfoCaches (97ms)
			ResolveRequiredComponents (3ms)
	FinalizeReload (387ms)
		ReleaseScriptCaches (0ms)
		RebuildScriptCaches (0ms)
		SetupLoadedEditorAssemblies (301ms)
			LogAssemblyErrors (0ms)
			InitializePlatformSupportModulesInManaged (2ms)
			SetLoadedEditorAssemblies (3ms)
			BeforeProcessingInitializeOnLoad (85ms)
			ProcessInitializeOnLoadAttributes (184ms)
			ProcessInitializeOnLoadMethodAttributes (14ms)
			AfterProcessingInitializeOnLoad (13ms)
			EditorAssembliesLoaded (0ms)
		ExecutionOrderSort2 (0ms)
		AwakeInstancesAfterBackupRestoration (5ms)
Refreshing native plugins compatible for Editor in 1.17 ms, found 3 plugins.
Preloading 0 native plugins for Editor in 0.00 ms.
Unloading 0 Unused Serialized files (Serialized files now loaded: 0)
Unloading 3863 unused Assets / (0.8 MB). Loaded Objects now: 4458.
Memory consumption went from 89.6 MB to 88.8 MB.
Total: 4.540300 ms (FindLiveObjects: 0.366900 ms CreateObjectMapping: 0.232700 ms MarkObjects: 3.317800 ms  DeleteObjects: 0.622200 ms)

Prepare: number of updated asset objects reloaded= 0
========================================================================
Received Prepare
Begin MonoManager ReloadAssembly
- Loaded All Assemblies, in  0.539 seconds
Refreshing native plugins compatible for Editor in 1.49 ms, found 3 plugins.
Native extension for WindowsStandalone target not found
Native extension for WebGL target not found
[Package Manager] Failed to launch server process. Reason: Unity was launched with the -noUpm command-line argument
[Package Manager] Unable to send message (not connected to server process).
[Package Manager] Cannot connect to Unity Package Manager local server
Mono: successfully reloaded assembly
- Finished resetting the current domain, in  0.465 seconds
Domain Reload Profiling: 995ms
	BeginReloadAssembly (178ms)
		ExecutionOrderSort (0ms)
		DisableScriptedObjects (4ms)
		BackupInstance (0ms)
		ReleaseScriptingObjects (0ms)
		CreateAndSetChildDomain (34ms)
	RebuildCommonClasses (24ms)
	RebuildNativeTypeToScriptingClass (9ms)
	initialDomainReloadingComplete (30ms)
	LoadAllAssembliesAndSetupDomain (288ms)
		LoadAssemblies (293ms)
		RebuildTransferFunctionScriptingTraits (0ms)
		AnalyzeDomain (92ms)
			TypeCache.Refresh (4ms)
				TypeCache.ScanAssembly (0ms)
			BuildScriptInfoCaches (83ms)
			ResolveRequiredComponents (3ms)
	FinalizeReload (465ms)
		ReleaseScriptCaches (0ms)
		RebuildScriptCaches (0ms)
		SetupLoadedEditorAssemblies (377ms)
			LogAssemblyErrors (0ms)
			InitializePlatformSupportModulesInManaged (2ms)
			SetLoadedEditorAssemblies (3ms)
			BeforeProcessingInitializeOnLoad (97ms)
			ProcessInitializeOnLoadAttributes (241ms)
			ProcessInitializeOnLoadMethodAttributes (17ms)
			AfterProcessingInitializeOnLoad (16ms)
			EditorAssembliesLoaded (0ms)
		ExecutionOrderSort2 (0ms)
		AwakeInstancesAfterBackupRestoration (6ms)
Refreshing native plugins compatible for Editor in 1.69 ms, found 3 plugins.
Preloading 0 native plugins for Editor in 0.00 ms.
Unloading 0 Unused Serialized files (Serialized files now loaded: 0)
Unloading 3863 unused Assets / (0.9 MB). Loaded Objects now: 4459.
Memory consumption went from 89.6 MB to 88.7 MB.
Total: 5.716700 ms (FindLiveObjects: 0.624300 ms CreateObjectMapping: 0.323800 ms MarkObjects: 3.909000 ms  DeleteObjects: 0.858800 ms)

Prepare: number of updated asset objects reloaded= 0
========================================================================
Received Prepare
Refreshing native plugins compatible for Editor in 1.19 ms, found 3 plugins.
Preloading 0 native plugins for Editor in 0.00 ms.
Unloading 0 Unused Serialized files (Serialized files now loaded: 0)
Unloading 3857 unused Assets / (0.8 MB). Loaded Objects now: 4459.
Memory consumption went from 89.8 MB to 89.0 MB.
Total: 5.975400 ms (FindLiveObjects: 0.538300 ms CreateObjectMapping: 0.337300 ms MarkObjects: 4.268900 ms  DeleteObjects: 0.830500 ms)

Prepare: number of updated asset objects reloaded= 0
========================================================================
Received Prepare
Begin MonoManager ReloadAssembly
[Licensing::Client] Successfully resolved entitlement details
- Loaded All Assemblies, in  0.689 seconds
Refreshing native plugins compatible for Editor in 2.11 ms, found 3 plugins.
Native extension for WindowsStandalone target not found
Native extension for WebGL target not found
[Package Manager] Failed to launch server process. Reason: Unity was launched with the -noUpm command-line argument
[Package Manager] Unable to send message (not connected to server process).
[Package Manager] Cannot connect to Unity Package Manager local server
Mono: successfully reloaded assembly
- Finished resetting the current domain, in  0.526 seconds
Domain Reload Profiling: 1203ms
	BeginReloadAssembly (223ms)
		ExecutionOrderSort (0ms)
		DisableScriptedObjects (5ms)
		BackupInstance (0ms)
		ReleaseScriptingObjects (0ms)
		CreateAndSetChildDomain (37ms)
	RebuildCommonClasses (37ms)
	RebuildNativeTypeToScriptingClass (12ms)
	initialDomainReloadingComplete (36ms)
	LoadAllAssembliesAndSetupDomain (369ms)
		LoadAssemblies (371ms)
		RebuildTransferFunctionScriptingTraits (0ms)
		AnalyzeDomain (122ms)
			TypeCache.Refresh (6ms)
				TypeCache.ScanAssembly (0ms)
			BuildScriptInfoCaches (108ms)
			ResolveRequiredComponents (4ms)
	FinalizeReload (527ms)
		ReleaseScriptCaches (0ms)
		RebuildScriptCaches (0ms)
		SetupLoadedEditorAssemblies (428ms)
			LogAssemblyErrors (0ms)
			InitializePlatformSupportModulesInManaged (3ms)
			SetLoadedEditorAssemblies (5ms)
			BeforeProcessingInitializeOnLoad (106ms)
			ProcessInitializeOnLoadAttributes (275ms)
			ProcessInitializeOnLoadMethodAttributes (22ms)
			AfterProcessingInitializeOnLoad (18ms)
			EditorAssembliesLoaded (0ms)
		ExecutionOrderSort2 (0ms)
		AwakeInstancesAfterBackupRestoration (6ms)
Refreshing native plugins compatible for Editor in 1.19 ms, found 3 plugins.
Preloading 0 native plugins for Editor in 0.00 ms.
Unloading 0 Unused Serialized files (Serialized files now loaded: 0)
Unloading 3863 unused Assets / (0.8 MB). Loaded Objects now: 4460.
Memory consumption went from 89.6 MB to 88.8 MB.
Total: 4.749100 ms (FindLiveObjects: 0.347000 ms CreateObjectMapping: 0.200500 ms MarkObjects: 3.394000 ms  DeleteObjects: 0.807000 ms)

Prepare: number of updated asset objects reloaded= 0
========================================================================
Received Prepare
Refreshing native plugins compatible for Editor in 1.18 ms, found 3 plugins.
Preloading 0 native plugins for Editor in 0.00 ms.
Unloading 0 Unused Serialized files (Serialized files now loaded: 0)
Unloading 3857 unused Assets / (0.9 MB). Loaded Objects now: 4460.
Memory consumption went from 89.8 MB to 89.0 MB.
Total: 6.022800 ms (FindLiveObjects: 0.405700 ms CreateObjectMapping: 0.463200 ms MarkObjects: 4.304500 ms  DeleteObjects: 0.848900 ms)

Prepare: number of updated asset objects reloaded= 0
========================================================================
Received Prepare
Begin MonoManager ReloadAssembly
- Loaded All Assemblies, in  0.704 seconds
Refreshing native plugins compatible for Editor in 1.24 ms, found 3 plugins.
Native extension for WindowsStandalone target not found
Native extension for WebGL target not found
[Package Manager] Failed to launch server process. Reason: Unity was launched with the -noUpm command-line argument
[Package Manager] Unable to send message (not connected to server process).
[Package Manager] Cannot connect to Unity Package Manager local server
Mono: successfully reloaded assembly
- Finished resetting the current domain, in  0.488 seconds
Domain Reload Profiling: 1181ms
	BeginReloadAssembly (230ms)
		ExecutionOrderSort (0ms)
		DisableScriptedObjects (4ms)
		BackupInstance (0ms)
		ReleaseScriptingObjects (0ms)
		CreateAndSetChildDomain (37ms)
	RebuildCommonClasses (36ms)
	RebuildNativeTypeToScriptingClass (13ms)
	initialDomainReloadingComplete (38ms)
	LoadAllAssembliesAndSetupDomain (374ms)
		LoadAssemblies (388ms)
		RebuildTransferFunctionScriptingTraits (0ms)
		AnalyzeDomain (109ms)
			TypeCache.Refresh (6ms)
				TypeCache.ScanAssembly (0ms)
			BuildScriptInfoCaches (97ms)
			ResolveRequiredComponents (3ms)
	FinalizeReload (489ms)
		ReleaseScriptCaches (0ms)
		RebuildScriptCaches (0ms)
		SetupLoadedEditorAssemblies (393ms)
			LogAssemblyErrors (0ms)
			InitializePlatformSupportModulesInManaged (2ms)
			SetLoadedEditorAssemblies (3ms)
			BeforeProcessingInitializeOnLoad (112ms)
			ProcessInitializeOnLoadAttributes (244ms)
			ProcessInitializeOnLoadMethodAttributes (14ms)
			AfterProcessingInitializeOnLoad (18ms)
			EditorAssembliesLoaded (0ms)
		ExecutionOrderSort2 (0ms)
		AwakeInstancesAfterBackupRestoration (6ms)
Refreshing native plugins compatible for Editor in 1.16 ms, found 3 plugins.
Preloading 0 native plugins for Editor in 0.00 ms.
Unloading 0 Unused Serialized files (Serialized files now loaded: 0)
Unloading 3863 unused Assets / (1.0 MB). Loaded Objects now: 4461.
Memory consumption went from 89.6 MB to 88.6 MB.
Total: 5.791400 ms (FindLiveObjects: 0.348100 ms CreateObjectMapping: 0.345500 ms MarkObjects: 4.168900 ms  DeleteObjects: 0.928300 ms)

Prepare: number of updated asset objects reloaded= 0
========================================================================
Received Prepare
Refreshing native plugins compatible for Editor in 1.39 ms, found 3 plugins.
Preloading 0 native plugins for Editor in 0.00 ms.
Unloading 0 Unused Serialized files (Serialized files now loaded: 0)
Unloading 3857 unused Assets / (0.8 MB). Loaded Objects now: 4461.
Memory consumption went from 89.8 MB to 89.0 MB.
Total: 5.676200 ms (FindLiveObjects: 0.602100 ms CreateObjectMapping: 0.532100 ms MarkObjects: 3.767600 ms  DeleteObjects: 0.773500 ms)

Prepare: number of updated asset objects reloaded= 0
========================================================================
Received Prepare
Begin MonoManager ReloadAssembly
- Loaded All Assemblies, in  0.654 seconds
Refreshing native plugins compatible for Editor in 1.26 ms, found 3 plugins.
Native extension for WindowsStandalone target not found
Native extension for WebGL target not found
[Package Manager] Failed to launch server process. Reason: Unity was launched with the -noUpm command-line argument
[Package Manager] Unable to send message (not connected to server process).
[Package Manager] Cannot connect to Unity Package Manager local server
Mono: successfully reloaded assembly
- Finished resetting the current domain, in  0.486 seconds
Domain Reload Profiling: 1128ms
	BeginReloadAssembly (221ms)
		ExecutionOrderSort (0ms)
		DisableScriptedObjects (4ms)
		BackupInstance (0ms)
		ReleaseScriptingObjects (0ms)
		CreateAndSetChildDomain (39ms)
	RebuildCommonClasses (35ms)
	RebuildNativeTypeToScriptingClass (10ms)
	initialDomainReloadingComplete (34ms)
	LoadAllAssembliesAndSetupDomain (343ms)
		LoadAssemblies (349ms)
		RebuildTransferFunctionScriptingTraits (0ms)
		AnalyzeDomain (114ms)
			TypeCache.Refresh (7ms)
				TypeCache.ScanAssembly (0ms)
			BuildScriptInfoCaches (100ms)
			ResolveRequiredComponents (4ms)
	FinalizeReload (486ms)
		ReleaseScriptCaches (0ms)
		RebuildScriptCaches (0ms)
		SetupLoadedEditorAssemblies (400ms)
			LogAssemblyErrors (0ms)
			InitializePlatformSupportModulesInManaged (2ms)
			SetLoadedEditorAssemblies (4ms)
			BeforeProcessingInitializeOnLoad (108ms)
			ProcessInitializeOnLoadAttributes (251ms)
			ProcessInitializeOnLoadMethodAttributes (18ms)
			AfterProcessingInitializeOnLoad (17ms)
			EditorAssembliesLoaded (0ms)
		ExecutionOrderSort2 (0ms)
		AwakeInstancesAfterBackupRestoration (5ms)
Refreshing native plugins compatible for Editor in 1.68 ms, found 3 plugins.
Preloading 0 native plugins for Editor in 0.00 ms.
Unloading 0 Unused Serialized files (Serialized files now loaded: 0)
Unloading 3863 unused Assets / (0.7 MB). Loaded Objects now: 4462.
Memory consumption went from 89.7 MB to 88.9 MB.
Total: 6.417400 ms (FindLiveObjects: 0.688200 ms CreateObjectMapping: 0.500600 ms MarkObjects: 4.384200 ms  DeleteObjects: 0.844200 ms)

Prepare: number of updated asset objects reloaded= 0
========================================================================
Received Prepare
Refreshing native plugins compatible for Editor in 1.63 ms, found 3 plugins.
Preloading 0 native plugins for Editor in 0.00 ms.
Unloading 0 Unused Serialized files (Serialized files now loaded: 0)
Unloading 3857 unused Assets / (0.7 MB). Loaded Objects now: 4462.
Memory consumption went from 89.8 MB to 89.1 MB.
Total: 5.324300 ms (FindLiveObjects: 0.681600 ms CreateObjectMapping: 0.201100 ms MarkObjects: 3.700400 ms  DeleteObjects: 0.740600 ms)

Prepare: number of updated asset objects reloaded= 0
========================================================================
Received Prepare
Refreshing native plugins compatible for Editor in 1.56 ms, found 3 plugins.
Preloading 0 native plugins for Editor in 0.00 ms.
Unloading 0 Unused Serialized files (Serialized files now loaded: 0)
Unloading 3857 unused Assets / (0.9 MB). Loaded Objects now: 4462.
Memory consumption went from 89.8 MB to 89.0 MB.
Total: 5.440200 ms (FindLiveObjects: 0.430800 ms CreateObjectMapping: 0.114400 ms MarkObjects: 4.036800 ms  DeleteObjects: 0.857600 ms)

Prepare: number of updated asset objects reloaded= 0
========================================================================
Received Prepare
Refreshing native plugins compatible for Editor in 1.42 ms, found 3 plugins.
Preloading 0 native plugins for Editor in 0.00 ms.
Unloading 0 Unused Serialized files (Serialized files now loaded: 0)
Unloading 3857 unused Assets / (0.8 MB). Loaded Objects now: 4462.
Memory consumption went from 89.8 MB to 89.0 MB.
Total: 6.144300 ms (FindLiveObjects: 0.741700 ms CreateObjectMapping: 0.393100 ms MarkObjects: 4.158000 ms  DeleteObjects: 0.851000 ms)

Prepare: number of updated asset objects reloaded= 0
========================================================================
Received Prepare
Refreshing native plugins compatible for Editor in 1.35 ms, found 3 plugins.
Preloading 0 native plugins for Editor in 0.00 ms.
Unloading 0 Unused Serialized files (Serialized files now loaded: 0)
Unloading 3857 unused Assets / (0.9 MB). Loaded Objects now: 4462.
Memory consumption went from 89.8 MB to 89.0 MB.
Total: 6.066700 ms (FindLiveObjects: 0.492200 ms CreateObjectMapping: 0.337300 ms MarkObjects: 4.389900 ms  DeleteObjects: 0.846800 ms)

Prepare: number of updated asset objects reloaded= 0
========================================================================
Received Prepare
Refreshing native plugins compatible for Editor in 1.42 ms, found 3 plugins.
Preloading 0 native plugins for Editor in 0.00 ms.
Unloading 0 Unused Serialized files (Serialized files now loaded: 0)
Unloading 3857 unused Assets / (0.8 MB). Loaded Objects now: 4462.
Memory consumption went from 89.8 MB to 89.1 MB.
Total: 6.157500 ms (FindLiveObjects: 0.602400 ms CreateObjectMapping: 0.439600 ms MarkObjects: 4.267600 ms  DeleteObjects: 0.847700 ms)

Prepare: number of updated asset objects reloaded= 0
========================================================================
Received Prepare
Refreshing native plugins compatible for Editor in 1.42 ms, found 3 plugins.
Preloading 0 native plugins for Editor in 0.00 ms.
Unloading 0 Unused Serialized files (Serialized files now loaded: 0)
Unloading 3857 unused Assets / (0.9 MB). Loaded Objects now: 4462.
Memory consumption went from 89.8 MB to 89.0 MB.
Total: 5.806400 ms (FindLiveObjects: 0.387900 ms CreateObjectMapping: 0.111500 ms MarkObjects: 4.429500 ms  DeleteObjects: 0.877100 ms)

Prepare: number of updated asset objects reloaded= 0
========================================================================
Received Prepare
Refreshing native plugins compatible for Editor in 2.23 ms, found 3 plugins.
Preloading 0 native plugins for Editor in 0.00 ms.
Unloading 0 Unused Serialized files (Serialized files now loaded: 0)
Unloading 3857 unused Assets / (0.7 MB). Loaded Objects now: 4462.
Memory consumption went from 89.8 MB to 89.1 MB.
Total: 5.732400 ms (FindLiveObjects: 0.441600 ms CreateObjectMapping: 0.114300 ms MarkObjects: 4.415800 ms  DeleteObjects: 0.759900 ms)

Prepare: number of updated asset objects reloaded= 0
========================================================================
Received Prepare
Refreshing native plugins compatible for Editor in 1.49 ms, found 3 plugins.
Preloading 0 native plugins for Editor in 0.00 ms.
Unloading 0 Unused Serialized files (Serialized files now loaded: 0)
Unloading 3857 unused Assets / (0.8 MB). Loaded Objects now: 4462.
Memory consumption went from 89.8 MB to 89.1 MB.
Total: 4.473200 ms (FindLiveObjects: 0.375900 ms CreateObjectMapping: 0.110400 ms MarkObjects: 3.252400 ms  DeleteObjects: 0.734000 ms)

Prepare: number of updated asset objects reloaded= 0
========================================================================
Received Prepare
Refreshing native plugins compatible for Editor in 1.55 ms, found 3 plugins.
Preloading 0 native plugins for Editor in 0.00 ms.
Unloading 0 Unused Serialized files (Serialized files now loaded: 0)
Unloading 3857 unused Assets / (0.8 MB). Loaded Objects now: 4462.
Memory consumption went from 89.8 MB to 89.0 MB.
Total: 6.115100 ms (FindLiveObjects: 0.668300 ms CreateObjectMapping: 0.486400 ms MarkObjects: 4.193000 ms  DeleteObjects: 0.767100 ms)

Prepare: number of updated asset objects reloaded= 0
========================================================================
Received Prepare
Refreshing native plugins compatible for Editor in 1.46 ms, found 3 plugins.
Preloading 0 native plugins for Editor in 0.00 ms.
Unloading 0 Unused Serialized files (Serialized files now loaded: 0)
Unloading 3857 unused Assets / (0.8 MB). Loaded Objects now: 4462.
Memory consumption went from 89.8 MB to 89.0 MB.
Total: 6.164300 ms (FindLiveObjects: 0.586300 ms CreateObjectMapping: 0.456500 ms MarkObjects: 4.284500 ms  DeleteObjects: 0.836600 ms)

Prepare: number of updated asset objects reloaded= 0
========================================================================
Received Prepare
Refreshing native plugins compatible for Editor in 1.35 ms, found 3 plugins.
Preloading 0 native plugins for Editor in 0.00 ms.
Unloading 0 Unused Serialized files (Serialized files now loaded: 0)
Unloading 3857 unused Assets / (0.9 MB). Loaded Objects now: 4462.
Memory consumption went from 89.8 MB to 89.0 MB.
Total: 5.109800 ms (FindLiveObjects: 0.373600 ms CreateObjectMapping: 0.256900 ms MarkObjects: 3.615600 ms  DeleteObjects: 0.863300 ms)

Prepare: number of updated asset objects reloaded= 0
========================================================================
Received Prepare
Refreshing native plugins compatible for Editor in 1.50 ms, found 3 plugins.
Preloading 0 native plugins for Editor in 0.00 ms.
Unloading 0 Unused Serialized files (Serialized files now loaded: 0)
Unloading 3857 unused Assets / (0.9 MB). Loaded Objects now: 4462.
Memory consumption went from 89.8 MB to 89.0 MB.
Total: 5.155600 ms (FindLiveObjects: 0.368900 ms CreateObjectMapping: 0.245100 ms MarkObjects: 3.682100 ms  DeleteObjects: 0.858600 ms)

Prepare: number of updated asset objects reloaded= 0
========================================================================
Received Prepare
Refreshing native plugins compatible for Editor in 1.16 ms, found 3 plugins.
Preloading 0 native plugins for Editor in 0.00 ms.
Unloading 0 Unused Serialized files (Serialized files now loaded: 0)
Unloading 3857 unused Assets / (1.0 MB). Loaded Objects now: 4462.
Memory consumption went from 89.8 MB to 88.8 MB.
Total: 5.289100 ms (FindLiveObjects: 0.443400 ms CreateObjectMapping: 0.366300 ms MarkObjects: 3.641900 ms  DeleteObjects: 0.837100 ms)

Prepare: number of updated asset objects reloaded= 0
========================================================================
Received Prepare
Refreshing native plugins compatible for Editor in 1.40 ms, found 3 plugins.
Preloading 0 native plugins for Editor in 0.00 ms.
Unloading 0 Unused Serialized files (Serialized files now loaded: 0)
Unloading 3857 unused Assets / (0.7 MB). Loaded Objects now: 4462.
Memory consumption went from 89.8 MB to 89.1 MB.
Total: 4.749200 ms (FindLiveObjects: 0.629000 ms CreateObjectMapping: 0.196200 ms MarkObjects: 3.217800 ms  DeleteObjects: 0.705700 ms)

Prepare: number of updated asset objects reloaded= 0
========================================================================
Received Prepare
Refreshing native plugins compatible for Editor in 1.18 ms, found 3 plugins.
Preloading 0 native plugins for Editor in 0.00 ms.
Unloading 0 Unused Serialized files (Serialized files now loaded: 0)
Unloading 3857 unused Assets / (0.9 MB). Loaded Objects now: 4462.
Memory consumption went from 89.8 MB to 88.9 MB.
Total: 4.241400 ms (FindLiveObjects: 0.382800 ms CreateObjectMapping: 0.107400 ms MarkObjects: 3.015000 ms  DeleteObjects: 0.735500 ms)

Prepare: number of updated asset objects reloaded= 0
========================================================================
Received Prepare
Begin MonoManager ReloadAssembly
[Licensing::Client] Successfully resolved entitlement details
- Loaded All Assemblies, in  0.565 seconds
Refreshing native plugins compatible for Editor in 1.54 ms, found 3 plugins.
Native extension for WindowsStandalone target not found
Native extension for WebGL target not found
[Package Manager] Failed to launch server process. Reason: Unity was launched with the -noUpm command-line argument
[Package Manager] Unable to send message (not connected to server process).
[Package Manager] Cannot connect to Unity Package Manager local server
Mono: successfully reloaded assembly
- Finished resetting the current domain, in  0.374 seconds
Domain Reload Profiling: 931ms
	BeginReloadAssembly (182ms)
		ExecutionOrderSort (0ms)
		DisableScriptedObjects (4ms)
		BackupInstance (0ms)
		ReleaseScriptingObjects (0ms)
		CreateAndSetChildDomain (32ms)
	RebuildCommonClasses (26ms)
	RebuildNativeTypeToScriptingClass (8ms)
	initialDomainReloadingComplete (28ms)
	LoadAllAssembliesAndSetupDomain (312ms)
		LoadAssemblies (298ms)
		RebuildTransferFunctionScriptingTraits (0ms)
		AnalyzeDomain (109ms)
			TypeCache.Refresh (5ms)
				TypeCache.ScanAssembly (0ms)
			BuildScriptInfoCaches (97ms)
			ResolveRequiredComponents (3ms)
	FinalizeReload (374ms)
		ReleaseScriptCaches (0ms)
		RebuildScriptCaches (0ms)
		SetupLoadedEditorAssemblies (301ms)
			LogAssemblyErrors (0ms)
			InitializePlatformSupportModulesInManaged (2ms)
			SetLoadedEditorAssemblies (3ms)
			BeforeProcessingInitializeOnLoad (78ms)
			ProcessInitializeOnLoadAttributes (189ms)
			ProcessInitializeOnLoadMethodAttributes (15ms)
			AfterProcessingInitializeOnLoad (15ms)
			EditorAssembliesLoaded (0ms)
		ExecutionOrderSort2 (0ms)
		AwakeInstancesAfterBackupRestoration (4ms)
Refreshing native plugins compatible for Editor in 1.35 ms, found 3 plugins.
Preloading 0 native plugins for Editor in 0.00 ms.
Unloading 0 Unused Serialized files (Serialized files now loaded: 0)
Unloading 3863 unused Assets / (0.9 MB). Loaded Objects now: 4463.
Memory consumption went from 89.7 MB to 88.8 MB.
Total: 4.773800 ms (FindLiveObjects: 0.440800 ms CreateObjectMapping: 0.289900 ms MarkObjects: 3.352900 ms  DeleteObjects: 0.690000 ms)

Prepare: number of updated asset objects reloaded= 0
========================================================================
Received Prepare
Begin MonoManager ReloadAssembly
- Loaded All Assemblies, in  0.535 seconds
Refreshing native plugins compatible for Editor in 1.39 ms, found 3 plugins.
Native extension for WindowsStandalone target not found
Native extension for WebGL target not found
[Package Manager] Failed to launch server process. Reason: Unity was launched with the -noUpm command-line argument
[Package Manager] Unable to send message (not connected to server process).
[Package Manager] Cannot connect to Unity Package Manager local server
Mono: successfully reloaded assembly
- Finished resetting the current domain, in  0.465 seconds
Domain Reload Profiling: 991ms
	BeginReloadAssembly (173ms)
		ExecutionOrderSort (0ms)
		DisableScriptedObjects (4ms)
		BackupInstance (0ms)
		ReleaseScriptingObjects (0ms)
		CreateAndSetChildDomain (31ms)
	RebuildCommonClasses (26ms)
	RebuildNativeTypeToScriptingClass (9ms)
	initialDomainReloadingComplete (28ms)
	LoadAllAssembliesAndSetupDomain (291ms)
		LoadAssemblies (287ms)
		RebuildTransferFunctionScriptingTraits (0ms)
		AnalyzeDomain (101ms)
			TypeCache.Refresh (4ms)
				TypeCache.ScanAssembly (0ms)
			BuildScriptInfoCaches (90ms)
			ResolveRequiredComponents (4ms)
	FinalizeReload (465ms)
		ReleaseScriptCaches (0ms)
		RebuildScriptCaches (0ms)
		SetupLoadedEditorAssemblies (374ms)
			LogAssemblyErrors (0ms)
			InitializePlatformSupportModulesInManaged (2ms)
			SetLoadedEditorAssemblies (3ms)
			BeforeProcessingInitializeOnLoad (104ms)
			ProcessInitializeOnLoadAttributes (230ms)
			ProcessInitializeOnLoadMethodAttributes (18ms)
			AfterProcessingInitializeOnLoad (16ms)
			EditorAssembliesLoaded (0ms)
		ExecutionOrderSort2 (0ms)
		AwakeInstancesAfterBackupRestoration (6ms)
Refreshing native plugins compatible for Editor in 1.68 ms, found 3 plugins.
Preloading 0 native plugins for Editor in 0.00 ms.
Unloading 0 Unused Serialized files (Serialized files now loaded: 0)
Unloading 3863 unused Assets / (0.8 MB). Loaded Objects now: 4464.
Memory consumption went from 89.7 MB to 88.8 MB.
Total: 5.706100 ms (FindLiveObjects: 0.634200 ms CreateObjectMapping: 0.466000 ms MarkObjects: 3.887100 ms  DeleteObjects: 0.718200 ms)

Prepare: number of updated asset objects reloaded= 0
========================================================================
Received Import Request.
  Time since last request: 809.726896 seconds.
  path: Assets/Prefabs/NPC lvl1.prefab
  artifactKey: Guid(91b160208d6edf544920564c902acd4c) Importer(815301076,1909f56bfc062723c751e8b465ee728b)
Start importing Assets/Prefabs/NPC lvl1.prefab using Guid(91b160208d6edf544920564c902acd4c) Importer(815301076,1909f56bfc062723c751e8b465ee728b) (PreviewImporter) -> (artifact id: '68d99b87325c4c8756742c94c78447f1') in 0.0744457 seconds
Number of updated asset objects reloaded before import = 0Number of asset objects unloaded after import = 44

========================================================================
Received Prepare
Begin MonoManager ReloadAssembly
[Licensing::Client] Successfully resolved entitlement details
- Loaded All Assemblies, in  0.532 seconds
Refreshing native plugins compatible for Editor in 1.21 ms, found 3 plugins.
Native extension for WindowsStandalone target not found
Native extension for WebGL target not found
[Package Manager] Failed to launch server process. Reason: Unity was launched with the -noUpm command-line argument
[Package Manager] Unable to send message (not connected to server process).
[Package Manager] Cannot connect to Unity Package Manager local server
Mono: successfully reloaded assembly
- Finished resetting the current domain, in  0.385 seconds
Domain Reload Profiling: 910ms
	BeginReloadAssembly (181ms)
		ExecutionOrderSort (0ms)
		DisableScriptedObjects (3ms)
		BackupInstance (0ms)
		ReleaseScriptingObjects (0ms)
		CreateAndSetChildDomain (40ms)
	RebuildCommonClasses (25ms)
	RebuildNativeTypeToScriptingClass (9ms)
	initialDomainReloadingComplete (28ms)
	LoadAllAssembliesAndSetupDomain (282ms)
		LoadAssemblies (284ms)
		RebuildTransferFunctionScriptingTraits (0ms)
		AnalyzeDomain (92ms)
			TypeCache.Refresh (5ms)
				TypeCache.ScanAssembly (0ms)
			BuildScriptInfoCaches (81ms)
			ResolveRequiredComponents (3ms)
	FinalizeReload (385ms)
		ReleaseScriptCaches (0ms)
		RebuildScriptCaches (0ms)
		SetupLoadedEditorAssemblies (308ms)
			LogAssemblyErrors (0ms)
			InitializePlatformSupportModulesInManaged (2ms)
			SetLoadedEditorAssemblies (3ms)
			BeforeProcessingInitializeOnLoad (79ms)
			ProcessInitializeOnLoadAttributes (192ms)
			ProcessInitializeOnLoadMethodAttributes (17ms)
			AfterProcessingInitializeOnLoad (15ms)
			EditorAssembliesLoaded (0ms)
		ExecutionOrderSort2 (0ms)
		AwakeInstancesAfterBackupRestoration (7ms)
Refreshing native plugins compatible for Editor in 1.72 ms, found 3 plugins.
Preloading 0 native plugins for Editor in 0.00 ms.
Unloading 0 Unused Serialized files (Serialized files now loaded: 0)
Unloading 3863 unused Assets / (0.8 MB). Loaded Objects now: 4465.
Memory consumption went from 89.7 MB to 88.8 MB.
Total: 4.715600 ms (FindLiveObjects: 0.373400 ms CreateObjectMapping: 0.102300 ms MarkObjects: 3.603900 ms  DeleteObjects: 0.635300 ms)

Prepare: number of updated asset objects reloaded= 0
========================================================================
Received Prepare
Begin MonoManager ReloadAssembly
- Loaded All Assemblies, in  0.528 seconds
Refreshing native plugins compatible for Editor in 1.14 ms, found 3 plugins.
Native extension for WindowsStandalone target not found
Native extension for WebGL target not found
[Package Manager] Failed to launch server process. Reason: Unity was launched with the -noUpm command-line argument
[Package Manager] Unable to send message (not connected to server process).
[Package Manager] Cannot connect to Unity Package Manager local server
Mono: successfully reloaded assembly
- Finished resetting the current domain, in  0.429 seconds
Domain Reload Profiling: 949ms
	BeginReloadAssembly (172ms)
		ExecutionOrderSort (0ms)
		DisableScriptedObjects (4ms)
		BackupInstance (0ms)
		ReleaseScriptingObjects (0ms)
		CreateAndSetChildDomain (32ms)
	RebuildCommonClasses (24ms)
	RebuildNativeTypeToScriptingClass (8ms)
	initialDomainReloadingComplete (28ms)
	LoadAllAssembliesAndSetupDomain (287ms)
		LoadAssemblies (289ms)
		RebuildTransferFunctionScriptingTraits (0ms)
		AnalyzeDomain (92ms)
			TypeCache.Refresh (4ms)
				TypeCache.ScanAssembly (0ms)
			BuildScriptInfoCaches (82ms)
			ResolveRequiredComponents (3ms)
	FinalizeReload (429ms)
		ReleaseScriptCaches (0ms)
		RebuildScriptCaches (0ms)
		SetupLoadedEditorAssemblies (347ms)
			LogAssemblyErrors (0ms)
			InitializePlatformSupportModulesInManaged (2ms)
			SetLoadedEditorAssemblies (3ms)
			BeforeProcessingInitializeOnLoad (91ms)
			ProcessInitializeOnLoadAttributes (217ms)
			ProcessInitializeOnLoadMethodAttributes (17ms)
			AfterProcessingInitializeOnLoad (16ms)
			EditorAssembliesLoaded (0ms)
		ExecutionOrderSort2 (0ms)
		AwakeInstancesAfterBackupRestoration (5ms)
Refreshing native plugins compatible for Editor in 1.44 ms, found 3 plugins.
Preloading 0 native plugins for Editor in 0.00 ms.
Unloading 0 Unused Serialized files (Serialized files now loaded: 0)
Unloading 3863 unused Assets / (0.8 MB). Loaded Objects now: 4466.
Memory consumption went from 89.7 MB to 88.9 MB.
Total: 5.995800 ms (FindLiveObjects: 0.422000 ms CreateObjectMapping: 0.464600 ms MarkObjects: 4.040500 ms  DeleteObjects: 1.067800 ms)

Prepare: number of updated asset objects reloaded= 0
========================================================================
Received Import Request.
  Time since last request: 52.499442 seconds.
  path: Assets/Prefabs/NPC lvl1.prefab
  artifactKey: Guid(91b160208d6edf544920564c902acd4c) Importer(815301076,1909f56bfc062723c751e8b465ee728b)
Start importing Assets/Prefabs/NPC lvl1.prefab using Guid(91b160208d6edf544920564c902acd4c) Importer(815301076,1909f56bfc062723c751e8b465ee728b) (PreviewImporter) -> (artifact id: '65ab9fa366d702553f5a9d28c1439312') in 0.0559101 seconds
Number of updated asset objects reloaded before import = 0Number of asset objects unloaded after import = 44

========================================================================
Received Prepare
Refreshing native plugins compatible for Editor in 1.29 ms, found 3 plugins.
Preloading 0 native plugins for Editor in 0.00 ms.
Unloading 0 Unused Serialized files (Serialized files now loaded: 0)
Unloading 3857 unused Assets / (1.1 MB). Loaded Objects now: 4467.
Memory consumption went from 90.0 MB to 88.8 MB.
Total: 5.640100 ms (FindLiveObjects: 0.479200 ms CreateObjectMapping: 0.326500 ms MarkObjects: 3.912200 ms  DeleteObjects: 0.921900 ms)

Prepare: number of updated asset objects reloaded= 0
========================================================================
Received Prepare
Begin MonoManager ReloadAssembly
- Loaded All Assemblies, in  0.538 seconds
Refreshing native plugins compatible for Editor in 1.08 ms, found 3 plugins.
Native extension for WindowsStandalone target not found
Native extension for WebGL target not found
[Package Manager] Failed to launch server process. Reason: Unity was launched with the -noUpm command-line argument
[Package Manager] Unable to send message (not connected to server process).
[Package Manager] Cannot connect to Unity Package Manager local server
Mono: successfully reloaded assembly
- Finished resetting the current domain, in  0.390 seconds
Domain Reload Profiling: 921ms
	BeginReloadAssembly (177ms)
		ExecutionOrderSort (0ms)
		DisableScriptedObjects (3ms)
		BackupInstance (0ms)
		ReleaseScriptingObjects (0ms)
		CreateAndSetChildDomain (37ms)
	RebuildCommonClasses (29ms)
	RebuildNativeTypeToScriptingClass (9ms)
	initialDomainReloadingComplete (27ms)
	LoadAllAssembliesAndSetupDomain (288ms)
		LoadAssemblies (288ms)
		RebuildTransferFunctionScriptingTraits (0ms)
		AnalyzeDomain (94ms)
			TypeCache.Refresh (5ms)
				TypeCache.ScanAssembly (0ms)
			BuildScriptInfoCaches (83ms)
			ResolveRequiredComponents (3ms)
	FinalizeReload (390ms)
		ReleaseScriptCaches (0ms)
		RebuildScriptCaches (0ms)
		SetupLoadedEditorAssemblies (314ms)
			LogAssemblyErrors (0ms)
			InitializePlatformSupportModulesInManaged (2ms)
			SetLoadedEditorAssemblies (3ms)
			BeforeProcessingInitializeOnLoad (83ms)
			ProcessInitializeOnLoadAttributes (200ms)
			ProcessInitializeOnLoadMethodAttributes (14ms)
			AfterProcessingInitializeOnLoad (13ms)
			EditorAssembliesLoaded (0ms)
		ExecutionOrderSort2 (0ms)
		AwakeInstancesAfterBackupRestoration (4ms)
Refreshing native plugins compatible for Editor in 1.40 ms, found 3 plugins.
Preloading 0 native plugins for Editor in 0.00 ms.
Unloading 0 Unused Serialized files (Serialized files now loaded: 0)
Unloading 3863 unused Assets / (0.9 MB). Loaded Objects now: 4467.
Memory consumption went from 89.7 MB to 88.8 MB.
Total: 4.916700 ms (FindLiveObjects: 0.379500 ms CreateObjectMapping: 0.256600 ms MarkObjects: 3.521800 ms  DeleteObjects: 0.757900 ms)

Prepare: number of updated asset objects reloaded= 0
========================================================================
Received Prepare
Begin MonoManager ReloadAssembly
- Loaded All Assemblies, in  0.534 seconds
Refreshing native plugins compatible for Editor in 1.22 ms, found 3 plugins.
Native extension for WindowsStandalone target not found
Native extension for WebGL target not found
[Package Manager] Failed to launch server process. Reason: Unity was launched with the -noUpm command-line argument
[Package Manager] Unable to send message (not connected to server process).
[Package Manager] Cannot connect to Unity Package Manager local server
Mono: successfully reloaded assembly
- Finished resetting the current domain, in  0.451 seconds
Domain Reload Profiling: 977ms
	BeginReloadAssembly (174ms)
		ExecutionOrderSort (0ms)
		DisableScriptedObjects (4ms)
		BackupInstance (0ms)
		ReleaseScriptingObjects (0ms)
		CreateAndSetChildDomain (35ms)
	RebuildCommonClasses (25ms)
	RebuildNativeTypeToScriptingClass (9ms)
	initialDomainReloadingComplete (29ms)
	LoadAllAssembliesAndSetupDomain (289ms)
		LoadAssemblies (289ms)
		RebuildTransferFunctionScriptingTraits (0ms)
		AnalyzeDomain (93ms)
			TypeCache.Refresh (4ms)
				TypeCache.ScanAssembly (0ms)
			BuildScriptInfoCaches (84ms)
			ResolveRequiredComponents (3ms)
	FinalizeReload (451ms)
		ReleaseScriptCaches (0ms)
		RebuildScriptCaches (0ms)
		SetupLoadedEditorAssemblies (369ms)
			LogAssemblyErrors (0ms)
			InitializePlatformSupportModulesInManaged (2ms)
			SetLoadedEditorAssemblies (3ms)
			BeforeProcessingInitializeOnLoad (93ms)
			ProcessInitializeOnLoadAttributes (234ms)
			ProcessInitializeOnLoadMethodAttributes (18ms)
			AfterProcessingInitializeOnLoad (17ms)
			EditorAssembliesLoaded (0ms)
		ExecutionOrderSort2 (0ms)
		AwakeInstancesAfterBackupRestoration (6ms)
Refreshing native plugins compatible for Editor in 1.48 ms, found 3 plugins.
Preloading 0 native plugins for Editor in 0.00 ms.
Unloading 0 Unused Serialized files (Serialized files now loaded: 0)
Unloading 3863 unused Assets / (0.9 MB). Loaded Objects now: 4468.
Memory consumption went from 89.7 MB to 88.8 MB.
Total: 5.526100 ms (FindLiveObjects: 0.399000 ms CreateObjectMapping: 0.346900 ms MarkObjects: 3.887000 ms  DeleteObjects: 0.892900 ms)

Prepare: number of updated asset objects reloaded= 0
========================================================================
Received Prepare
Refreshing native plugins compatible for Editor in 1.32 ms, found 3 plugins.
Preloading 0 native plugins for Editor in 0.00 ms.
Unloading 0 Unused Serialized files (Serialized files now loaded: 0)
Unloading 3857 unused Assets / (1.0 MB). Loaded Objects now: 4468.
Memory consumption went from 89.9 MB to 88.8 MB.
Total: 5.781700 ms (FindLiveObjects: 0.624400 ms CreateObjectMapping: 0.461000 ms MarkObjects: 3.737500 ms  DeleteObjects: 0.958300 ms)

Prepare: number of updated asset objects reloaded= 0
========================================================================
Received Prepare
Begin MonoManager ReloadAssembly
[Licensing::Client] Successfully resolved entitlement details
- Loaded All Assemblies, in  0.528 seconds
Refreshing native plugins compatible for Editor in 1.27 ms, found 3 plugins.
Native extension for WindowsStandalone target not found
Native extension for WebGL target not found
[Package Manager] Failed to launch server process. Reason: Unity was launched with the -noUpm command-line argument
[Package Manager] Unable to send message (not connected to server process).
[Package Manager] Cannot connect to Unity Package Manager local server
Mono: successfully reloaded assembly
- Finished resetting the current domain, in  0.381 seconds
Domain Reload Profiling: 902ms
	BeginReloadAssembly (179ms)
		ExecutionOrderSort (0ms)
		DisableScriptedObjects (5ms)
		BackupInstance (0ms)
		ReleaseScriptingObjects (0ms)
		CreateAndSetChildDomain (33ms)
	RebuildCommonClasses (25ms)
	RebuildNativeTypeToScriptingClass (8ms)
	initialDomainReloadingComplete (27ms)
	LoadAllAssembliesAndSetupDomain (281ms)
		LoadAssemblies (283ms)
		RebuildTransferFunctionScriptingTraits (0ms)
		AnalyzeDomain (94ms)
			TypeCache.Refresh (5ms)
				TypeCache.ScanAssembly (0ms)
			BuildScriptInfoCaches (83ms)
			ResolveRequiredComponents (3ms)
	FinalizeReload (382ms)
		ReleaseScriptCaches (0ms)
		RebuildScriptCaches (0ms)
		SetupLoadedEditorAssemblies (307ms)
			LogAssemblyErrors (0ms)
			InitializePlatformSupportModulesInManaged (2ms)
			SetLoadedEditorAssemblies (3ms)
			BeforeProcessingInitializeOnLoad (77ms)
			ProcessInitializeOnLoadAttributes (198ms)
			ProcessInitializeOnLoadMethodAttributes (15ms)
			AfterProcessingInitializeOnLoad (13ms)
			EditorAssembliesLoaded (0ms)
		ExecutionOrderSort2 (0ms)
		AwakeInstancesAfterBackupRestoration (5ms)
Refreshing native plugins compatible for Editor in 1.10 ms, found 3 plugins.
Preloading 0 native plugins for Editor in 0.00 ms.
Unloading 0 Unused Serialized files (Serialized files now loaded: 0)
Unloading 3863 unused Assets / (0.8 MB). Loaded Objects now: 4469.
Memory consumption went from 89.7 MB to 88.8 MB.
Total: 4.815100 ms (FindLiveObjects: 0.365600 ms CreateObjectMapping: 0.231900 ms MarkObjects: 3.533200 ms  DeleteObjects: 0.683900 ms)

Prepare: number of updated asset objects reloaded= 0
========================================================================
Received Prepare
Begin MonoManager ReloadAssembly
- Loaded All Assemblies, in  0.524 seconds
Refreshing native plugins compatible for Editor in 1.44 ms, found 3 plugins.
Native extension for WindowsStandalone target not found
Native extension for WebGL target not found
[Package Manager] Failed to launch server process. Reason: Unity was launched with the -noUpm command-line argument
[Package Manager] Unable to send message (not connected to server process).
[Package Manager] Cannot connect to Unity Package Manager local server
Mono: successfully reloaded assembly
- Finished resetting the current domain, in  0.457 seconds
Domain Reload Profiling: 974ms
	BeginReloadAssembly (172ms)
		ExecutionOrderSort (0ms)
		DisableScriptedObjects (4ms)
		BackupInstance (0ms)
		ReleaseScriptingObjects (0ms)
		CreateAndSetChildDomain (32ms)
	RebuildCommonClasses (25ms)
	RebuildNativeTypeToScriptingClass (8ms)
	initialDomainReloadingComplete (27ms)
	LoadAllAssembliesAndSetupDomain (284ms)
		LoadAssemblies (278ms)
		RebuildTransferFunctionScriptingTraits (0ms)
		AnalyzeDomain (100ms)
			TypeCache.Refresh (4ms)
				TypeCache.ScanAssembly (0ms)
			BuildScriptInfoCaches (91ms)
			ResolveRequiredComponents (3ms)
	FinalizeReload (458ms)
		ReleaseScriptCaches (0ms)
		RebuildScriptCaches (0ms)
		SetupLoadedEditorAssemblies (373ms)
			LogAssemblyErrors (0ms)
			InitializePlatformSupportModulesInManaged (3ms)
			SetLoadedEditorAssemblies (4ms)
			BeforeProcessingInitializeOnLoad (100ms)
			ProcessInitializeOnLoadAttributes (232ms)
			ProcessInitializeOnLoadMethodAttributes (18ms)
			AfterProcessingInitializeOnLoad (17ms)
			EditorAssembliesLoaded (0ms)
		ExecutionOrderSort2 (0ms)
		AwakeInstancesAfterBackupRestoration (5ms)
Refreshing native plugins compatible for Editor in 1.54 ms, found 3 plugins.
Preloading 0 native plugins for Editor in 0.00 ms.
Unloading 0 Unused Serialized files (Serialized files now loaded: 0)
Unloading 3863 unused Assets / (0.9 MB). Loaded Objects now: 4470.
Memory consumption went from 89.7 MB to 88.7 MB.
Total: 5.500100 ms (FindLiveObjects: 0.466400 ms CreateObjectMapping: 0.455900 ms MarkObjects: 3.739700 ms  DeleteObjects: 0.837600 ms)

Prepare: number of updated asset objects reloaded= 0
========================================================================
Received Prepare
Refreshing native plugins compatible for Editor in 1.40 ms, found 3 plugins.
Preloading 0 native plugins for Editor in 0.00 ms.
Unloading 0 Unused Serialized files (Serialized files now loaded: 0)
Unloading 3857 unused Assets / (0.8 MB). Loaded Objects now: 4470.
Memory consumption went from 89.9 MB to 89.0 MB.
Total: 6.412200 ms (FindLiveObjects: 0.591700 ms CreateObjectMapping: 0.499900 ms MarkObjects: 4.453000 ms  DeleteObjects: 0.867200 ms)

Prepare: number of updated asset objects reloaded= 0
========================================================================
Received Prepare
Begin MonoManager ReloadAssembly
- Loaded All Assemblies, in  0.537 seconds
Refreshing native plugins compatible for Editor in 1.24 ms, found 3 plugins.
Native extension for WindowsStandalone target not found
Native extension for WebGL target not found
[Package Manager] Failed to launch server process. Reason: Unity was launched with the -noUpm command-line argument
[Package Manager] Unable to send message (not connected to server process).
[Package Manager] Cannot connect to Unity Package Manager local server
Mono: successfully reloaded assembly
- Finished resetting the current domain, in  0.382 seconds
Domain Reload Profiling: 911ms
	BeginReloadAssembly (174ms)
		ExecutionOrderSort (0ms)
		DisableScriptedObjects (4ms)
		BackupInstance (0ms)
		ReleaseScriptingObjects (0ms)
		CreateAndSetChildDomain (31ms)
	RebuildCommonClasses (26ms)
	RebuildNativeTypeToScriptingClass (8ms)
	initialDomainReloadingComplete (29ms)
	LoadAllAssembliesAndSetupDomain (292ms)
		LoadAssemblies (290ms)
		RebuildTransferFunctionScriptingTraits (0ms)
		AnalyzeDomain (98ms)
			TypeCache.Refresh (5ms)
				TypeCache.ScanAssembly (0ms)
			BuildScriptInfoCaches (87ms)
			ResolveRequiredComponents (3ms)
	FinalizeReload (383ms)
		ReleaseScriptCaches (0ms)
		RebuildScriptCaches (0ms)
		SetupLoadedEditorAssemblies (307ms)
			LogAssemblyErrors (0ms)
			InitializePlatformSupportModulesInManaged (2ms)
			SetLoadedEditorAssemblies (3ms)
			BeforeProcessingInitializeOnLoad (81ms)
			ProcessInitializeOnLoadAttributes (194ms)
			ProcessInitializeOnLoadMethodAttributes (14ms)
			AfterProcessingInitializeOnLoad (14ms)
			EditorAssembliesLoaded (0ms)
		ExecutionOrderSort2 (0ms)
		AwakeInstancesAfterBackupRestoration (4ms)
Refreshing native plugins compatible for Editor in 1.47 ms, found 3 plugins.
Preloading 0 native plugins for Editor in 0.00 ms.
Unloading 0 Unused Serialized files (Serialized files now loaded: 0)
Unloading 3863 unused Assets / (0.9 MB). Loaded Objects now: 4471.
Memory consumption went from 89.7 MB to 88.8 MB.
Total: 5.314100 ms (FindLiveObjects: 0.555700 ms CreateObjectMapping: 0.371800 ms MarkObjects: 3.595200 ms  DeleteObjects: 0.790700 ms)

Prepare: number of updated asset objects reloaded= 0
========================================================================
Received Prepare
Begin MonoManager ReloadAssembly
- Loaded All Assemblies, in  0.538 seconds
Refreshing native plugins compatible for Editor in 1.26 ms, found 3 plugins.
Native extension for WindowsStandalone target not found
Native extension for WebGL target not found
[Package Manager] Failed to launch server process. Reason: Unity was launched with the -noUpm command-line argument
[Package Manager] Unable to send message (not connected to server process).
[Package Manager] Cannot connect to Unity Package Manager local server
Mono: successfully reloaded assembly
- Finished resetting the current domain, in  0.451 seconds
Domain Reload Profiling: 980ms
	BeginReloadAssembly (173ms)
		ExecutionOrderSort (0ms)
		DisableScriptedObjects (4ms)
		BackupInstance (0ms)
		ReleaseScriptingObjects (0ms)
		CreateAndSetChildDomain (34ms)
	RebuildCommonClasses (27ms)
	RebuildNativeTypeToScriptingClass (8ms)
	initialDomainReloadingComplete (28ms)
	LoadAllAssembliesAndSetupDomain (293ms)
		LoadAssemblies (285ms)
		RebuildTransferFunctionScriptingTraits (0ms)
		AnalyzeDomain (100ms)
			TypeCache.Refresh (4ms)
				TypeCache.ScanAssembly (0ms)
			BuildScriptInfoCaches (91ms)
			ResolveRequiredComponents (3ms)
	FinalizeReload (451ms)
		ReleaseScriptCaches (0ms)
		RebuildScriptCaches (0ms)
		SetupLoadedEditorAssemblies (366ms)
			LogAssemblyErrors (0ms)
			InitializePlatformSupportModulesInManaged (2ms)
			SetLoadedEditorAssemblies (3ms)
			BeforeProcessingInitializeOnLoad (100ms)
			ProcessInitializeOnLoadAttributes (227ms)
			ProcessInitializeOnLoadMethodAttributes (17ms)
			AfterProcessingInitializeOnLoad (17ms)
			EditorAssembliesLoaded (0ms)
		ExecutionOrderSort2 (0ms)
		AwakeInstancesAfterBackupRestoration (5ms)
Refreshing native plugins compatible for Editor in 1.65 ms, found 3 plugins.
Preloading 0 native plugins for Editor in 0.00 ms.
Unloading 0 Unused Serialized files (Serialized files now loaded: 0)
Unloading 3863 unused Assets / (1.2 MB). Loaded Objects now: 4472.
Memory consumption went from 89.7 MB to 88.5 MB.
Total: 5.514500 ms (FindLiveObjects: 0.455000 ms CreateObjectMapping: 0.306400 ms MarkObjects: 3.751700 ms  DeleteObjects: 1.000800 ms)

Prepare: number of updated asset objects reloaded= 0
========================================================================
Received Prepare
Refreshing native plugins compatible for Editor in 1.14 ms, found 3 plugins.
Preloading 0 native plugins for Editor in 0.00 ms.
Unloading 0 Unused Serialized files (Serialized files now loaded: 0)
Unloading 3857 unused Assets / (0.7 MB). Loaded Objects now: 4472.
Memory consumption went from 89.9 MB to 89.2 MB.
Total: 5.688400 ms (FindLiveObjects: 0.401500 ms CreateObjectMapping: 0.304200 ms MarkObjects: 4.248400 ms  DeleteObjects: 0.734000 ms)

Prepare: number of updated asset objects reloaded= 0
========================================================================
Received Prepare
Refreshing native plugins compatible for Editor in 1.16 ms, found 3 plugins.
Preloading 0 native plugins for Editor in 0.00 ms.
Unloading 0 Unused Serialized files (Serialized files now loaded: 0)
Unloading 3857 unused Assets / (0.8 MB). Loaded Objects now: 4472.
Memory consumption went from 89.9 MB to 89.1 MB.
Total: 4.647200 ms (FindLiveObjects: 0.380600 ms CreateObjectMapping: 0.266000 ms MarkObjects: 3.225800 ms  DeleteObjects: 0.774200 ms)

Prepare: number of updated asset objects reloaded= 0
========================================================================
Received Prepare
Begin MonoManager ReloadAssembly
[Licensing::Client] Successfully resolved entitlement details
- Loaded All Assemblies, in  0.553 seconds
Refreshing native plugins compatible for Editor in 1.30 ms, found 3 plugins.
Native extension for WindowsStandalone target not found
Native extension for WebGL target not found
[Package Manager] Failed to launch server process. Reason: Unity was launched with the -noUpm command-line argument
[Package Manager] Unable to send message (not connected to server process).
[Package Manager] Cannot connect to Unity Package Manager local server
Mono: successfully reloaded assembly
- Finished resetting the current domain, in  0.386 seconds
Domain Reload Profiling: 930ms
	BeginReloadAssembly (181ms)
		ExecutionOrderSort (0ms)
		DisableScriptedObjects (5ms)
		BackupInstance (0ms)
		ReleaseScriptingObjects (0ms)
		CreateAndSetChildDomain (32ms)
	RebuildCommonClasses (26ms)
	RebuildNativeTypeToScriptingClass (8ms)
	initialDomainReloadingComplete (29ms)
	LoadAllAssembliesAndSetupDomain (299ms)
		LoadAssemblies (299ms)
		RebuildTransferFunctionScriptingTraits (0ms)
		AnalyzeDomain (98ms)
			TypeCache.Refresh (5ms)
				TypeCache.ScanAssembly (0ms)
			BuildScriptInfoCaches (87ms)
			ResolveRequiredComponents (3ms)
	FinalizeReload (386ms)
		ReleaseScriptCaches (0ms)
		RebuildScriptCaches (0ms)
		SetupLoadedEditorAssemblies (305ms)
			LogAssemblyErrors (0ms)
			InitializePlatformSupportModulesInManaged (2ms)
			SetLoadedEditorAssemblies (3ms)
			BeforeProcessingInitializeOnLoad (78ms)
			ProcessInitializeOnLoadAttributes (190ms)
			ProcessInitializeOnLoadMethodAttributes (17ms)
			AfterProcessingInitializeOnLoad (14ms)
			EditorAssembliesLoaded (0ms)
		ExecutionOrderSort2 (0ms)
		AwakeInstancesAfterBackupRestoration (5ms)
Refreshing native plugins compatible for Editor in 1.31 ms, found 3 plugins.
Preloading 0 native plugins for Editor in 0.00 ms.
Unloading 0 Unused Serialized files (Serialized files now loaded: 0)
Unloading 3863 unused Assets / (1.2 MB). Loaded Objects now: 4473.
Memory consumption went from 89.7 MB to 88.5 MB.
Total: 5.366600 ms (FindLiveObjects: 0.392400 ms CreateObjectMapping: 0.244700 ms MarkObjects: 3.676800 ms  DeleteObjects: 1.051800 ms)

Prepare: number of updated asset objects reloaded= 0
========================================================================
Received Prepare
Begin MonoManager ReloadAssembly
- Loaded All Assemblies, in  0.526 seconds
Refreshing native plugins compatible for Editor in 1.57 ms, found 3 plugins.
Native extension for WindowsStandalone target not found
Native extension for WebGL target not found
[Package Manager] Failed to launch server process. Reason: Unity was launched with the -noUpm command-line argument
[Package Manager] Unable to send message (not connected to server process).
[Package Manager] Cannot connect to Unity Package Manager local server
Mono: successfully reloaded assembly
- Finished resetting the current domain, in  0.479 seconds
Domain Reload Profiling: 998ms
	BeginReloadAssembly (170ms)
		ExecutionOrderSort (0ms)
		DisableScriptedObjects (4ms)
		BackupInstance (0ms)
		ReleaseScriptingObjects (0ms)
		CreateAndSetChildDomain (32ms)
	RebuildCommonClasses (24ms)
	RebuildNativeTypeToScriptingClass (10ms)
	initialDomainReloadingComplete (28ms)
	LoadAllAssembliesAndSetupDomain (287ms)
		LoadAssemblies (279ms)
		RebuildTransferFunctionScriptingTraits (0ms)
		AnalyzeDomain (100ms)
			TypeCache.Refresh (3ms)
				TypeCache.ScanAssembly (0ms)
			BuildScriptInfoCaches (89ms)
			ResolveRequiredComponents (4ms)
	FinalizeReload (480ms)
		ReleaseScriptCaches (0ms)
		RebuildScriptCaches (0ms)
		SetupLoadedEditorAssemblies (385ms)
			LogAssemblyErrors (0ms)
			InitializePlatformSupportModulesInManaged (3ms)
			SetLoadedEditorAssemblies (4ms)
			BeforeProcessingInitializeOnLoad (109ms)
			ProcessInitializeOnLoadAttributes (234ms)
			ProcessInitializeOnLoadMethodAttributes (18ms)
			AfterProcessingInitializeOnLoad (18ms)
			EditorAssembliesLoaded (0ms)
		ExecutionOrderSort2 (0ms)
		AwakeInstancesAfterBackupRestoration (6ms)
Refreshing native plugins compatible for Editor in 1.34 ms, found 3 plugins.
Preloading 0 native plugins for Editor in 0.00 ms.
Unloading 0 Unused Serialized files (Serialized files now loaded: 0)
Unloading 3863 unused Assets / (0.9 MB). Loaded Objects now: 4474.
Memory consumption went from 89.7 MB to 88.8 MB.
Total: 5.444400 ms (FindLiveObjects: 0.421600 ms CreateObjectMapping: 0.269400 ms MarkObjects: 3.951300 ms  DeleteObjects: 0.801700 ms)

Prepare: number of updated asset objects reloaded= 0
========================================================================
Received Prepare
Refreshing native plugins compatible for Editor in 1.30 ms, found 3 plugins.
Preloading 0 native plugins for Editor in 0.00 ms.
Unloading 0 Unused Serialized files (Serialized files now loaded: 0)
Unloading 3857 unused Assets / (0.8 MB). Loaded Objects now: 4474.
Memory consumption went from 89.9 MB to 89.1 MB.
Total: 5.565600 ms (FindLiveObjects: 0.403600 ms CreateObjectMapping: 0.119000 ms MarkObjects: 4.196100 ms  DeleteObjects: 0.846400 ms)

Prepare: number of updated asset objects reloaded= 0
========================================================================
Received Prepare
Begin MonoManager ReloadAssembly
[Licensing::Client] Successfully resolved entitlement details
- Loaded All Assemblies, in  0.679 seconds
Refreshing native plugins compatible for Editor in 1.76 ms, found 3 plugins.
Native extension for WindowsStandalone target not found
Native extension for WebGL target not found
[Package Manager] Failed to launch server process. Reason: Unity was launched with the -noUpm command-line argument
[Package Manager] Unable to send message (not connected to server process).
[Package Manager] Cannot connect to Unity Package Manager local server
Mono: successfully reloaded assembly
- Finished resetting the current domain, in  0.476 seconds
Domain Reload Profiling: 1144ms
	BeginReloadAssembly (217ms)
		ExecutionOrderSort (0ms)
		DisableScriptedObjects (4ms)
		BackupInstance (0ms)
		ReleaseScriptingObjects (0ms)
		CreateAndSetChildDomain (40ms)
	RebuildCommonClasses (37ms)
	RebuildNativeTypeToScriptingClass (12ms)
	initialDomainReloadingComplete (46ms)
	LoadAllAssembliesAndSetupDomain (356ms)
		LoadAssemblies (360ms)
		RebuildTransferFunctionScriptingTraits (0ms)
		AnalyzeDomain (116ms)
			TypeCache.Refresh (6ms)
				TypeCache.ScanAssembly (0ms)
			BuildScriptInfoCaches (102ms)
			ResolveRequiredComponents (4ms)
	FinalizeReload (476ms)
		ReleaseScriptCaches (0ms)
		RebuildScriptCaches (0ms)
		SetupLoadedEditorAssemblies (382ms)
			LogAssemblyErrors (0ms)
			InitializePlatformSupportModulesInManaged (2ms)
			SetLoadedEditorAssemblies (3ms)
			BeforeProcessingInitializeOnLoad (122ms)
			ProcessInitializeOnLoadAttributes (221ms)
			ProcessInitializeOnLoadMethodAttributes (17ms)
			AfterProcessingInitializeOnLoad (17ms)
			EditorAssembliesLoaded (0ms)
		ExecutionOrderSort2 (0ms)
		AwakeInstancesAfterBackupRestoration (6ms)
Refreshing native plugins compatible for Editor in 1.34 ms, found 3 plugins.
Preloading 0 native plugins for Editor in 0.00 ms.
Unloading 0 Unused Serialized files (Serialized files now loaded: 0)
Unloading 3863 unused Assets / (0.8 MB). Loaded Objects now: 4475.
Memory consumption went from 89.7 MB to 88.9 MB.
Total: 5.238600 ms (FindLiveObjects: 0.512400 ms CreateObjectMapping: 0.371900 ms MarkObjects: 3.471000 ms  DeleteObjects: 0.882900 ms)

Prepare: number of updated asset objects reloaded= 0
========================================================================
Received Prepare
Refreshing native plugins compatible for Editor in 1.36 ms, found 3 plugins.
Preloading 0 native plugins for Editor in 0.00 ms.
Unloading 0 Unused Serialized files (Serialized files now loaded: 0)
Unloading 3857 unused Assets / (0.6 MB). Loaded Objects now: 4475.
Memory consumption went from 89.9 MB to 89.2 MB.
Total: 5.600900 ms (FindLiveObjects: 0.449700 ms CreateObjectMapping: 0.277600 ms MarkObjects: 4.181500 ms  DeleteObjects: 0.691800 ms)

Prepare: number of updated asset objects reloaded= 0
========================================================================
Received Prepare
Begin MonoManager ReloadAssembly
- Loaded All Assemblies, in  0.668 seconds
Refreshing native plugins compatible for Editor in 1.54 ms, found 3 plugins.
Native extension for WindowsStandalone target not found
Native extension for WebGL target not found
[Package Manager] Failed to launch server process. Reason: Unity was launched with the -noUpm command-line argument
[Package Manager] Unable to send message (not connected to server process).
[Package Manager] Cannot connect to Unity Package Manager local server
Mono: successfully reloaded assembly
- Finished resetting the current domain, in  0.489 seconds
Domain Reload Profiling: 1146ms
	BeginReloadAssembly (213ms)
		ExecutionOrderSort (0ms)
		DisableScriptedObjects (5ms)
		BackupInstance (0ms)
		ReleaseScriptingObjects (0ms)
		CreateAndSetChildDomain (37ms)
	RebuildCommonClasses (37ms)
	RebuildNativeTypeToScriptingClass (11ms)
	initialDomainReloadingComplete (37ms)
	LoadAllAssembliesAndSetupDomain (357ms)
		LoadAssemblies (361ms)
		RebuildTransferFunctionScriptingTraits (0ms)
		AnalyzeDomain (116ms)
			TypeCache.Refresh (6ms)
				TypeCache.ScanAssembly (0ms)
			BuildScriptInfoCaches (103ms)
			ResolveRequiredComponents (4ms)
	FinalizeReload (490ms)
		ReleaseScriptCaches (0ms)
		RebuildScriptCaches (0ms)
		SetupLoadedEditorAssemblies (398ms)
			LogAssemblyErrors (0ms)
			InitializePlatformSupportModulesInManaged (2ms)
			SetLoadedEditorAssemblies (3ms)
			BeforeProcessingInitializeOnLoad (132ms)
			ProcessInitializeOnLoadAttributes (225ms)
			ProcessInitializeOnLoadMethodAttributes (19ms)
			AfterProcessingInitializeOnLoad (17ms)
			EditorAssembliesLoaded (0ms)
		ExecutionOrderSort2 (0ms)
		AwakeInstancesAfterBackupRestoration (7ms)
Refreshing native plugins compatible for Editor in 1.43 ms, found 3 plugins.
Preloading 0 native plugins for Editor in 0.00 ms.
Unloading 0 Unused Serialized files (Serialized files now loaded: 0)
Unloading 3863 unused Assets / (1.0 MB). Loaded Objects now: 4476.
Memory consumption went from 89.7 MB to 88.7 MB.
Total: 5.242400 ms (FindLiveObjects: 0.394700 ms CreateObjectMapping: 0.213300 ms MarkObjects: 3.749500 ms  DeleteObjects: 0.884100 ms)

Prepare: number of updated asset objects reloaded= 0
========================================================================
Received Prepare
Refreshing native plugins compatible for Editor in 1.53 ms, found 3 plugins.
Preloading 0 native plugins for Editor in 0.00 ms.
Unloading 0 Unused Serialized files (Serialized files now loaded: 0)
Unloading 3857 unused Assets / (0.8 MB). Loaded Objects now: 4476.
Memory consumption went from 89.9 MB to 89.0 MB.
Total: 6.271800 ms (FindLiveObjects: 0.636900 ms CreateObjectMapping: 0.484000 ms MarkObjects: 4.317500 ms  DeleteObjects: 0.833000 ms)

Prepare: number of updated asset objects reloaded= 0
========================================================================
Received Prepare
Begin MonoManager ReloadAssembly
- Loaded All Assemblies, in  0.642 seconds
Refreshing native plugins compatible for Editor in 1.30 ms, found 3 plugins.
Native extension for WindowsStandalone target not found
Native extension for WebGL target not found
[Package Manager] Failed to launch server process. Reason: Unity was launched with the -noUpm command-line argument
[Package Manager] Unable to send message (not connected to server process).
[Package Manager] Cannot connect to Unity Package Manager local server
Mono: successfully reloaded assembly
- Finished resetting the current domain, in  0.373 seconds
Domain Reload Profiling: 1005ms
	BeginReloadAssembly (214ms)
		ExecutionOrderSort (0ms)
		DisableScriptedObjects (5ms)
		BackupInstance (0ms)
		ReleaseScriptingObjects (0ms)
		CreateAndSetChildDomain (40ms)
	RebuildCommonClasses (33ms)
	RebuildNativeTypeToScriptingClass (9ms)
	initialDomainReloadingComplete (37ms)
	LoadAllAssembliesAndSetupDomain (339ms)
		LoadAssemblies (349ms)
		RebuildTransferFunctionScriptingTraits (0ms)
		AnalyzeDomain (107ms)
			TypeCache.Refresh (6ms)
				TypeCache.ScanAssembly (0ms)
			BuildScriptInfoCaches (96ms)
			ResolveRequiredComponents (3ms)
	FinalizeReload (373ms)
		ReleaseScriptCaches (0ms)
		RebuildScriptCaches (0ms)
		SetupLoadedEditorAssemblies (303ms)
			LogAssemblyErrors (0ms)
			InitializePlatformSupportModulesInManaged (2ms)
			SetLoadedEditorAssemblies (3ms)
			BeforeProcessingInitializeOnLoad (78ms)
			ProcessInitializeOnLoadAttributes (190ms)
			ProcessInitializeOnLoadMethodAttributes (16ms)
			AfterProcessingInitializeOnLoad (14ms)
			EditorAssembliesLoaded (0ms)
		ExecutionOrderSort2 (0ms)
		AwakeInstancesAfterBackupRestoration (5ms)
Refreshing native plugins compatible for Editor in 1.18 ms, found 3 plugins.
Preloading 0 native plugins for Editor in 0.00 ms.
Unloading 0 Unused Serialized files (Serialized files now loaded: 0)
Unloading 3863 unused Assets / (0.8 MB). Loaded Objects now: 4477.
Memory consumption went from 89.7 MB to 89.0 MB.
Total: 4.725800 ms (FindLiveObjects: 0.363200 ms CreateObjectMapping: 0.250700 ms MarkObjects: 3.464600 ms  DeleteObjects: 0.646700 ms)

Prepare: number of updated asset objects reloaded= 0
