{"cameraMode":{"drawMode":0,"name":"Shaded","section":"Shading Mode"},"sceneLighting":true,"audioPlay":false,"sceneViewState":{"m_AlwaysRefresh":false,"showFog":true,"showSkybox":true,"showFlares":true,"showImageEffects":true,"showParticleSystems":true,"showVisualEffectGraphs":true,"m_FxEnabled":true},"in2DMode":false,"pivot":{"x":-0.7331228256225586,"y":1.6630674600601197,"z":6.748912811279297},"rotation":{"x":0.19542792439460755,"y":-0.47024089097976687,"z":0.10762565582990647,"w":0.8538591861724854},"size":20.63051986694336,"orthographic":false}